year,month,state,data_status,com_revenue_thou_doll,com_sales_mwh,com_customers,com_price_cents_per_kwh
2026,4,AK,Preliminary,"50,478","222,020","57,730",22.74
2026,4,AL,Preliminary,"252,488","1,748,883","398,923",14.44
2026,4,AR,Preliminary,"96,646","875,303","210,835",11.04
2026,4,AZ,Preliminary,"361,831","3,148,134","354,160",11.49
2026,4,CA,Preliminary,"2,100,963","8,158,723","1,556,058",25.75
2026,4,CO,Preliminary,"207,973","1,610,231","402,662",12.92
2026,4,CT,Preliminary,"204,411","867,518","155,433",23.56
2026,4,DC,Preliminary,"126,869","545,485","27,668",23.26
2026,4,DE,Preliminary,"41,354","310,807","61,441",13.31
2026,4,FL,Preliminary,"930,967","8,052,675","1,337,876",11.56
2026,4,GA,Preliminary,"501,369","4,747,419","631,423",10.56
2026,4,HI,Preliminary,"90,590","210,742","60,094",42.99
2026,4,IA,Preliminary,"102,447","998,195","255,954",10.26
2026,4,ID,Preliminary,"54,449","551,777","127,750",9.87
2026,4,IL,Preliminary,"498,031","3,585,550","645,220",13.89
2026,4,IN,Preliminary,"298,476","2,166,081","377,413",13.78
2026,4,KS,Preliminary,"142,956","1,255,244","251,597",11.39
2026,4,KY,Preliminary,"204,529","1,565,252","329,194",13.07
2026,4,LA,Preliminary,"220,925","1,795,358","304,141",12.31
2026,4,MA,Preliminary,"452,289","1,883,329","425,665",24.02
2026,4,MD,Preliminary,"333,807","2,034,570","262,909",16.41
2026,4,ME,Preliminary,"73,994","318,035","110,280",23.27
2026,4,MI,Preliminary,"446,869","2,874,445","571,777",15.55
2026,4,MN,Preliminary,"224,848","1,799,682","312,324",12.49
2026,4,MO,Preliminary,"242,953","2,316,984","406,887",10.49
2026,4,MS,Preliminary,"153,530","1,087,341","249,029",14.12
2026,4,MT,Preliminary,"52,770","416,972","143,710",12.66
2026,4,NC,Preliminary,"395,873","3,811,818","758,035",10.39
2026,4,ND,Preliminary,"66,225","938,827","78,021",7.05
2026,4,NE,Preliminary,"111,886","1,356,143","165,800",8.25
2026,4,NH,Preliminary,"66,289","322,527","114,063",20.55
2026,4,NJ,Preliminary,"460,204","2,744,831","539,209",16.77
2026,4,NM,Preliminary,"78,376","707,200","147,819",11.08
2026,4,NV,Preliminary,"104,255","1,159,748","179,594",8.99
2026,4,NY,Preliminary,"1,198,719","5,479,833","1,176,471",21.88
2026,4,OH,Preliminary,"675,358","4,946,693","622,501",13.65
2026,4,OK,Preliminary,"169,933","2,185,950","312,951",7.77
2026,4,OR,Preliminary,"220,913","2,079,798","250,326",10.62
2026,4,PA,Preliminary,"415,408","3,036,310","742,944",13.68
2026,4,RI,Preliminary,"67,168","301,061","65,186",22.31
2026,4,SC,Preliminary,"242,830","2,092,293","418,984",11.61
2026,4,SD,Preliminary,"47,520","414,163","80,568",11.47
2026,4,TN,Preliminary,"396,305","2,815,990","551,894",14.07
2026,4,TX,Preliminary,"1,238,033","14,826,833","1,532,206",8.35
2026,4,UT,Preliminary,"120,711","1,179,203","146,937",10.24
2026,4,VA,Preliminary,"705,437","6,831,525","450,720",10.33
2026,4,VT,Preliminary,"32,107","153,468","64,476",20.92
2026,4,WA,Preliminary,"326,081","2,777,442","408,469",11.74
2026,4,WI,Preliminary,"245,804","1,837,178","374,899",13.38
2026,4,WV,Preliminary,"71,697","616,533","153,327",11.63
2026,4,WY,Preliminary,"45,085","474,609","59,804",9.5
2026,3,AK,Preliminary,"55,314","240,328","60,666",23.02
2026,3,AL,Preliminary,"259,834","1,724,546","399,152",15.07
2026,3,AR,Preliminary,"100,574","874,428","213,209",11.5
2026,3,AZ,Preliminary,"389,052","3,249,660","353,210",11.97
2026,3,CA,Preliminary,"2,200,275","7,809,094","1,801,332",28.18
2026,3,CO,Preliminary,"234,814","1,804,371","402,135",13.01
2026,3,CT,Preliminary,"225,177","946,741","156,229",23.78
2026,3,DC,Preliminary,"125,111","537,825","27,717",23.26
2026,3,DE,Preliminary,"45,178","320,089","61,207",14.11
2026,3,FL,Preliminary,"906,101","7,720,302","1,337,502",11.74
2026,3,GA,Preliminary,"518,381","4,481,889","631,567",11.57
2026,3,HI,Preliminary,"82,501","217,500","60,084",37.93
2026,3,IA,Preliminary,"114,294","1,104,117","256,407",10.35
2026,3,ID,Preliminary,"55,154","560,489","127,554",9.84
2026,3,IL,Preliminary,"484,218","3,703,640","646,060",13.07
2026,3,IN,Preliminary,"319,998","2,235,149","377,687",14.32
2026,3,KS,Preliminary,"148,719","1,275,153","251,935",11.66
2026,3,KY,Preliminary,"209,216","1,585,083","329,087",13.2
2026,3,LA,Preliminary,"227,940","1,762,590","308,185",12.93
2026,3,MA,Preliminary,"523,829","2,087,776","440,963",25.09
2026,3,MD,Preliminary,"355,112","2,147,416","263,077",16.54
2026,3,ME,Preliminary,"84,618","337,649","110,673",25.06
2026,3,MI,Preliminary,"464,541","2,966,145","571,259",15.66
2026,3,MN,Preliminary,"224,952","2,012,647","313,043",11.18
2026,3,MO,Preliminary,"247,573","2,387,109","406,821",10.37
2026,3,MS,Preliminary,"154,603","1,049,367","251,619",14.73
2026,3,MT,Preliminary,"52,230","420,371","143,678",12.42
2026,3,NC,Preliminary,"408,039","3,839,481","759,212",10.63
2026,3,ND,Preliminary,"72,730","974,542","78,035",7.46
2026,3,NE,Preliminary,"120,063","1,350,419","165,639",8.89
2026,3,NH,Preliminary,"77,581","352,361","113,971",22.02
2026,3,NJ,Preliminary,"532,388","3,093,264","541,598",17.21
2026,3,NM,Preliminary,"72,432","741,830","147,519",9.76
2026,3,NV,Preliminary,"107,691","1,188,853","179,468",9.06
2026,3,NY,Preliminary,"1,253,369","5,643,927","1,177,640",22.21
2026,3,OH,Preliminary,"716,599","5,108,426","623,471",14.03
2026,3,OK,Preliminary,"182,438","2,190,197","313,355",8.33
2026,3,OR,Preliminary,"228,998","2,154,336","250,981",10.63
2026,3,PA,Preliminary,"457,830","3,226,444","742,887",14.19
2026,3,RI,Preliminary,"68,916","293,990","65,130",23.44
2026,3,SC,Preliminary,"247,336","2,113,371","417,776",11.7
2026,3,SD,Preliminary,"50,683","433,111","80,548",11.7
2026,3,TN,Preliminary,"398,566","2,742,194","552,081",14.53
2026,3,TX,Preliminary,"1,250,860","14,400,249","1,536,510",8.69
2026,3,UT,Preliminary,"121,370","1,200,889","146,662",10.11
2026,3,VA,Preliminary,"688,215","6,772,204","450,611",10.16
2026,3,VT,Preliminary,"34,743","166,547","64,173",20.86
2026,3,WA,Preliminary,"360,205","2,957,316","409,268",12.18
2026,3,WI,Preliminary,"262,671","1,957,749","373,163",13.42
2026,3,WV,Preliminary,"80,249","668,962","153,157",12
2026,3,WY,Preliminary,"46,491","489,392","60,290",9.5
2026,2,AK,Preliminary,"50,924","226,436","60,814",22.49
2026,2,AL,Preliminary,"254,014","1,693,249","398,302",15
2026,2,AR,Preliminary,"99,892","858,103","208,144",11.64
2026,2,AZ,Preliminary,"322,226","2,748,417","352,677",11.72
2026,2,CA,Preliminary,"2,122,724","8,582,835","1,717,766",24.73
2026,2,CO,Preliminary,"202,284","1,523,982","401,247",13.27
2026,2,CT,Preliminary,"224,566","913,104","156,433",24.59
2026,2,DC,Preliminary,"122,851","549,015","27,710",22.38
2026,2,DE,Preliminary,"48,913","337,391","60,943",14.5
2026,2,FL,Preliminary,"879,776","6,851,233","1,333,921",12.84
2026,2,GA,Preliminary,"515,899","4,293,490","630,633",12.02
2026,2,HI,Preliminary,"75,451","195,366","60,088",38.62
2026,2,IA,Preliminary,"112,509","1,047,340","256,162",10.74
2026,2,ID,Preliminary,"50,987","542,304","126,790",9.4
2026,2,IL,Preliminary,"486,451","3,648,826","645,721",13.33
2026,2,IN,Preliminary,"310,481","2,158,262","377,322",14.39
2026,2,KS,Preliminary,"137,428","1,170,164","251,312",11.74
2026,2,KY,Preliminary,"199,345","1,594,880","328,820",12.5
2026,2,LA,Preliminary,"206,444","1,696,896","299,939",12.17
2026,2,MA,Preliminary,"528,434","2,090,988","407,679",25.27
2026,2,MD,Preliminary,"404,290","2,231,816","263,130",18.11
2026,2,ME,Preliminary,"81,034","338,120","108,884",23.97
2026,2,MI,Preliminary,"434,229","2,867,008","571,230",15.15
2026,2,MN,Preliminary,"216,353","1,789,677","312,536",12.09
2026,2,MO,Preliminary,"222,250","2,255,156","407,116",9.86
2026,2,MS,Preliminary,"151,375","1,027,636","246,572",14.73
2026,2,MT,Preliminary,"53,754","429,260","143,478",12.52
2026,2,NC,Preliminary,"433,618","3,866,150","757,642",11.22
2026,2,ND,Preliminary,"75,378","932,864","77,993",8.08
2026,2,NE,Preliminary,"138,823","1,333,124","165,368",10.41
2026,2,NH,Preliminary,"79,237","345,739","113,706",22.92
2026,2,NJ,Preliminary,"519,488","3,003,993","541,614",17.29
2026,2,NM,Preliminary,"68,949","659,080","147,408",10.46
2026,2,NV,Preliminary,"93,860","1,047,738","178,826",8.96
2026,2,NY,Preliminary,"1,460,368","6,218,012","1,175,336",23.49
2026,2,OH,Preliminary,"679,161","4,749,180","625,062",14.3
2026,2,OK,Preliminary,"170,757","1,946,836","312,843",8.77
2026,2,OR,Preliminary,"222,152","2,079,976","250,673",10.68
2026,2,PA,Preliminary,"510,048","3,431,484","742,918",14.86
2026,2,RI,Preliminary,"70,971","294,932","65,256",24.06
2026,2,SC,Preliminary,"263,134","2,052,516","416,776",12.82
2026,2,SD,Preliminary,"50,146","447,960","80,395",11.19
2026,2,TN,Preliminary,"389,627","2,950,189","549,908",13.21
2026,2,TX,Preliminary,"1,162,462","13,057,047","1,526,063",8.9
2026,2,UT,Preliminary,"114,076","1,139,506","146,273",10.01
2026,2,VA,Preliminary,"856,758","6,587,419","450,286",13.01
2026,2,VT,Preliminary,"33,592","161,832","64,055",20.76
2026,2,WA,Preliminary,"335,989","2,746,970","405,974",12.23
2026,2,WI,Preliminary,"258,748","1,851,013","373,496",13.98
2026,2,WV,Preliminary,"75,468","642,264","153,065",11.75
2026,2,WY,Preliminary,"47,526","484,720","60,071",9.8
2026,1,AK,Preliminary,"54,807","252,697","58,007",21.69
2026,1,AL,Preliminary,"288,153","1,908,552","398,859",15.1
2026,1,AR,Preliminary,"104,579","940,310","210,925",11.12
2026,1,AZ,Preliminary,"335,891","2,931,071","352,824",11.46
2026,1,CA,Preliminary,"1,962,492","8,485,602","1,746,501",23.13
2026,1,CO,Preliminary,"223,810","1,790,105","401,664",12.5
2026,1,CT,Preliminary,"231,259","998,434","156,559",23.16
2026,1,DC,Preliminary,"156,426","623,020","27,709",25.11
2026,1,DE,Preliminary,"52,334","379,790","60,872",13.78
2026,1,FL,Preliminary,"945,646","7,657,725","1,333,664",12.35
2026,1,GA,Preliminary,"588,027","4,823,137","631,517",12.19
2026,1,HI,Preliminary,"83,207","222,753","60,012",37.35
2026,1,IA,Preliminary,"129,030","1,226,956","255,555",10.52
2026,1,ID,Preliminary,"55,773","615,979","126,763",9.05
2026,1,IL,Preliminary,"499,955","4,069,733","646,529",12.28
2026,1,IN,Preliminary,"330,734","2,387,443","377,335",13.85
2026,1,KS,Preliminary,"153,730","1,358,169","251,844",11.32
2026,1,KY,Preliminary,"232,191","1,764,416","329,866",13.16
2026,1,LA,Preliminary,"215,397","1,867,268","304,088",11.54
2026,1,MA,Preliminary,"532,196","2,075,861","422,717",25.64
2026,1,MD,Preliminary,"446,754","2,456,106","263,206",18.19
2026,1,ME,Preliminary,"83,825","373,160","113,004",22.46
2026,1,MI,Preliminary,"464,273","3,219,969","570,403",14.42
2026,1,MN,Preliminary,"235,329","2,063,514","312,066",11.4
2026,1,MO,Preliminary,"255,566","2,699,919","408,446",9.47
2026,1,MS,Preliminary,"154,945","1,097,988","249,248",14.11
2026,1,MT,Preliminary,"53,875","455,202","143,194",11.84
2026,1,NC,Preliminary,"424,123","4,162,226","758,560",10.19
2026,1,ND,Preliminary,"76,133","1,013,343","77,948",7.51
2026,1,NE,Preliminary,"117,903","1,386,876","164,727",8.5
2026,1,NH,Preliminary,"87,643","394,912","113,386",22.19
2026,1,NJ,Preliminary,"560,164","3,216,809","541,787",17.41
2026,1,NM,Preliminary,"78,549","730,509","147,530",10.75
2026,1,NV,Preliminary,"104,870","1,152,169","179,227",9.1
2026,1,NY,Preliminary,"1,408,884","6,322,313","1,179,681",22.28
2026,1,OH,Preliminary,"718,419","5,477,332","626,055",13.12
2026,1,OK,Preliminary,"214,906","2,175,741","313,029",9.88
2026,1,OR,Preliminary,"235,368","2,288,527","250,104",10.28
2026,1,PA,Preliminary,"523,496","3,685,127","743,453",14.21
2026,1,RI,Preliminary,"81,049","326,235","65,083",24.84
2026,1,SC,Preliminary,"271,650","2,193,589","417,619",12.38
2026,1,SD,Preliminary,"54,402","461,247","80,389",11.79
2026,1,TN,Preliminary,"385,831","2,975,176","548,636",12.97
2026,1,TX,Preliminary,"1,232,707","14,272,487","1,535,132",8.64
2026,1,UT,Preliminary,"119,785","1,242,581","146,045",9.64
2026,1,VA,Preliminary,"836,509","7,316,665","450,719",11.43
2026,1,VT,Preliminary,"36,561","177,114","64,082",20.64
2026,1,WA,Preliminary,"350,702","3,013,011","405,239",11.64
2026,1,WI,Preliminary,"274,678","2,096,665","375,172",13.1
2026,1,WV,Preliminary,"90,279","778,441","152,850",11.6
2026,1,WY,Preliminary,"49,649","515,689","59,722",9.63
2025,12,AK,Preliminary,"53,050","245,440","58,188",21.61
2025,12,AL,Preliminary,"262,986","1,758,690","398,434",14.95
2025,12,AR,Preliminary,"95,030","886,544","210,310",10.72
2025,12,AZ,Preliminary,"336,750","2,837,625","352,676",11.87
2025,12,CA,Preliminary,"2,579,665","9,582,475","1,823,887",26.92
2025,12,CO,Preliminary,"205,251","1,680,896","401,998",12.21
2025,12,CT,Preliminary,"221,928","999,262","156,612",22.21
2025,12,DC,Preliminary,"150,055","675,500","27,630",22.21
2025,12,DE,Preliminary,"47,890","370,811","60,842",12.91
2025,12,FL,Preliminary,"863,817","7,587,836","1,331,669",11.38
2025,12,GA,Preliminary,"520,198","4,528,077","629,259",11.49
2025,12,HI,Preliminary,"88,365","231,441","59,875",38.18
2025,12,IA,Preliminary,"115,407","1,124,490","255,787",10.26
2025,12,ID,Preliminary,"53,012","595,632","127,050",8.9
2025,12,IL,Preliminary,"504,945","4,064,856","648,402",12.42
2025,12,IN,Preliminary,"306,002","2,243,133","377,271",13.64
2025,12,KS,Preliminary,"138,511","1,267,055","251,283",10.93
2025,12,KY,Preliminary,"201,954","1,719,022","327,845",11.75
2025,12,LA,Preliminary,"205,918","1,775,475","303,670",11.6
2025,12,MA,Preliminary,"540,933","2,184,984","443,074",24.76
2025,12,MD,Preliminary,"387,462","2,443,486","262,837",15.86
2025,12,ME,Preliminary,"71,946","333,789","112,806",21.55
2025,12,MI,Preliminary,"446,466","3,099,242","570,592",14.41
2025,12,MN,Preliminary,"232,929","2,006,288","312,879",11.61
2025,12,MO,Preliminary,"240,728","2,543,214","407,208",9.47
2025,12,MS,Preliminary,"142,419","1,062,172","248,832",13.41
2025,12,MT,Preliminary,"50,550","434,875","141,831",11.62
2025,12,NC,Preliminary,"438,834","4,085,512","757,832",10.74
2025,12,ND,Preliminary,"74,984","1,029,908","77,986",7.28
2025,12,NE,Preliminary,"112,728","1,361,952","164,860",8.28
2025,12,NH,Preliminary,"78,230","369,168","113,053",21.19
2025,12,NJ,Preliminary,"521,044","3,230,855","541,478",16.13
2025,12,NM,Preliminary,"76,010","705,169","147,353",10.78
2025,12,NV,Preliminary,"99,677","1,114,212","179,380",8.95
2025,12,NY,Preliminary,"1,246,433","6,047,147","1,182,286",20.61
2025,12,OH,Preliminary,"642,342","5,243,274","625,123",12.25
2025,12,OK,Preliminary,"188,074","2,186,546","312,095",8.6
2025,12,OR,Preliminary,"229,136","2,222,094","250,384",10.31
2025,12,PA,Preliminary,"467,137","3,550,380","743,561",13.16
2025,12,RI,Preliminary,"74,589","290,381","64,367",25.69
2025,12,SC,Preliminary,"244,333","2,119,325","417,648",11.53
2025,12,SD,Preliminary,"48,952","469,242","80,348",10.43
2025,12,TN,Preliminary,"362,544","2,873,057","550,469",12.62
2025,12,TX,Preliminary,"1,140,263","12,629,844","1,552,498",9.03
2025,12,UT,Preliminary,"115,788","1,223,101","145,897",9.47
2025,12,VA,Preliminary,"722,207","7,071,782","450,442",10.21
2025,12,VT,Preliminary,"35,551","171,725","64,088",20.7
2025,12,WA,Preliminary,"331,768","3,001,085","407,844",11.05
2025,12,WI,Preliminary,"257,019","2,030,783","374,322",12.66
2025,12,WV,Preliminary,"81,940","718,154","152,983",11.41
2025,12,WY,Preliminary,"47,232","494,590","60,088",9.55
2025,11,AK,Preliminary,"49,394","224,561","58,067",22
2025,11,AL,Preliminary,"245,242","1,705,243","397,857",14.38
2025,11,AR,Preliminary,"93,825","861,626","209,039",10.89
2025,11,AZ,Preliminary,"338,266","2,912,440","352,263",11.61
2025,11,CA,Preliminary,"2,182,494","8,947,443","1,691,271",24.39
2025,11,CO,Preliminary,"209,137","1,657,562","401,116",12.62
2025,11,CT,Preliminary,"189,486","894,489","156,482",21.18
2025,11,DC,Preliminary,"114,252","519,975","27,608",21.97
2025,11,DE,Preliminary,"41,538","316,552","61,038",13.12
2025,11,FL,Preliminary,"904,123","7,608,375","1,330,498",11.88
2025,11,GA,Preliminary,"486,440","4,366,252","628,620",11.14
2025,11,HI,Preliminary,"85,792","235,129","59,950",36.49
2025,11,IA,Preliminary,"105,166","1,004,515","255,206",10.47
2025,11,ID,Preliminary,"51,070","542,665","126,417",9.41
2025,11,IL,Preliminary,"470,611","3,560,806","646,749",13.22
2025,11,IN,Preliminary,"286,284","2,041,994","377,078",14.02
2025,11,KS,Preliminary,"136,286","1,209,602","250,849",11.27
2025,11,KY,Preliminary,"176,243","1,463,452","328,835",12.04
2025,11,LA,Preliminary,"199,597","1,783,014","303,168",11.19
2025,11,MA,Preliminary,"400,043","1,671,387","395,747",23.93
2025,11,MD,Preliminary,"318,875","2,063,432","262,970",15.45
2025,11,ME,Preliminary,"60,802","292,364","102,957",20.8
2025,11,MI,Preliminary,"397,381","2,776,771","570,195",14.31
2025,11,MN,Preliminary,"215,631","1,813,616","312,056",11.89
2025,11,MO,Preliminary,"226,770","2,274,581","407,548",9.97
2025,11,MS,Preliminary,"140,073","1,036,234","248,261",13.52
2025,11,MT,Preliminary,"45,503","389,471","142,110",11.68
2025,11,NC,Preliminary,"394,608","3,730,974","756,824",10.58
2025,11,ND,Preliminary,"70,999","960,099","77,665",7.4
2025,11,NE,Preliminary,"102,249","1,194,013","164,370",8.56
2025,11,NH,Preliminary,"65,717","322,332","113,170",20.39
2025,11,NJ,Preliminary,"424,904","2,670,327","539,945",15.91
2025,11,NM,Preliminary,"74,269","682,237","147,317",10.89
2025,11,NV,Preliminary,"99,482","1,078,380","178,823",9.23
2025,11,NY,Preliminary,"1,057,945","5,340,370","1,174,366",19.81
2025,11,OH,Preliminary,"600,237","4,649,917","624,897",12.91
2025,11,OK,Preliminary,"186,174","2,152,520","312,071",8.65
2025,11,OR,Preliminary,"211,385","2,017,296","250,197",10.48
2025,11,PA,Preliminary,"376,493","2,890,875","743,041",13.02
2025,11,RI,Preliminary,"68,477","302,540","64,808",22.63
2025,11,SC,Preliminary,"224,760","2,008,614","417,022",11.19
2025,11,SD,Preliminary,"45,984","407,407","79,853",11.29
2025,11,TN,Preliminary,"340,074","2,672,916","550,302",12.72
2025,11,TX,Preliminary,"1,172,943","14,290,641","1,541,914",8.21
2025,11,UT,Preliminary,"112,181","1,165,625","145,507",9.62
2025,11,VA,Preliminary,"659,170","6,412,739","450,028",10.28
2025,11,VT,Preliminary,"31,701","150,779","63,904",21.03
2025,11,WA,Preliminary,"296,210","2,622,203","403,446",11.3
2025,11,WI,Preliminary,"234,864","1,824,464","371,540",12.87
2025,11,WV,Preliminary,"74,565","612,473","152,936",12.17
2025,11,WY,Preliminary,"46,245","488,323","60,119",9.47
2025,10,AK,Preliminary,"48,680","219,053","58,196",22.22
2025,10,AL,Preliminary,"275,405","1,876,479","398,150",14.68
2025,10,AR,Preliminary,"109,954","1,004,106","210,883",10.95
2025,10,AZ,Preliminary,"389,890","3,194,741","351,783",12.2
2025,10,CA,Preliminary,"2,766,909","10,271,505","1,801,685",26.94
2025,10,CO,Preliminary,"217,528","1,728,456","402,504",12.59
2025,10,CT,Preliminary,"192,953","894,214","156,526",21.58
2025,10,DC,Preliminary,"113,636","529,612","27,625",21.46
2025,10,DE,Preliminary,"40,491","324,039","61,056",12.5
2025,10,FL,Preliminary,"1,008,930","8,692,577","1,330,390",11.61
2025,10,GA,Preliminary,"509,740","4,663,653","629,354",10.93
2025,10,HI,Preliminary,"89,707","249,988","59,893",35.88
2025,10,IA,Preliminary,"117,438","1,126,316","255,563",10.43
2025,10,ID,Preliminary,"51,359","565,915","126,661",9.08
2025,10,IL,Preliminary,"503,560","3,685,568","646,729",13.66
2025,10,IN,Preliminary,"304,740","2,195,793","376,620",13.88
2025,10,KS,Preliminary,"150,066","1,319,873","251,288",11.37
2025,10,KY,Preliminary,"193,274","1,651,123","328,512",11.71
2025,10,LA,Preliminary,"220,291","2,064,207","303,986",10.67
2025,10,MA,Preliminary,"444,708","2,032,177","436,690",21.88
2025,10,MD,Preliminary,"314,578","2,043,975","262,728",15.39
2025,10,ME,Preliminary,"68,039","329,603","113,972",20.64
2025,10,MI,Preliminary,"429,120","3,012,495","570,323",14.24
2025,10,MN,Preliminary,"229,888","1,909,394","312,168",12.04
2025,10,MO,Preliminary,"236,154","2,412,619","407,605",9.79
2025,10,MS,Preliminary,"159,791","1,229,323","249,041",13
2025,10,MT,Preliminary,"53,645","425,123","142,104",12.62
2025,10,NC,Preliminary,"417,236","3,974,961","759,000",10.5
2025,10,ND,Preliminary,"66,434","956,730","78,018",6.94
2025,10,NE,Preliminary,"108,311","1,228,295","165,054",8.82
2025,10,NH,Preliminary,"69,913","344,990","113,213",20.27
2025,10,NJ,Preliminary,"470,758","2,892,725","541,354",16.27
2025,10,NM,Preliminary,"77,349","745,482","147,387",10.38
2025,10,NV,Preliminary,"104,675","1,174,780","178,771",8.91
2025,10,NY,Preliminary,"1,202,882","5,777,051","1,180,022",20.82
2025,10,OH,Preliminary,"618,126","4,958,789","625,410",12.47
2025,10,OK,Preliminary,"216,517","2,360,934","312,291",9.17
2025,10,OR,Preliminary,"218,187","2,067,736","250,542",10.55
2025,10,PA,Preliminary,"409,117","3,184,850","743,416",12.85
2025,10,RI,Preliminary,"55,870","242,640","63,693",23.03
2025,10,SC,Preliminary,"238,107","2,164,359","417,596",11
2025,10,SD,Preliminary,"46,975","434,850","80,383",10.8
2025,10,TN,Preliminary,"366,819","2,987,189","549,976",12.28
2025,10,TX,Preliminary,"1,341,018","15,396,035","1,552,561",8.71
2025,10,UT,Preliminary,"124,580","1,198,542","145,458",10.39
2025,10,VA,Preliminary,"706,114","6,957,186","450,125",10.15
2025,10,VT,Preliminary,"32,573","156,152","64,052",20.86
2025,10,WA,Preliminary,"316,758","2,756,411","408,144",11.49
2025,10,WI,Preliminary,"252,382","1,942,625","373,051",12.99
2025,10,WV,Preliminary,"77,121","652,089","153,011",11.83
2025,10,WY,Preliminary,"45,383","472,707","60,227",9.6
2025,9,AK,Preliminary,"50,954","220,393","58,693",23.12
2025,9,AL,Preliminary,"302,522","2,097,871","397,761",14.42
2025,9,AR,Preliminary,"123,399","1,104,148","209,814",11.18
2025,9,AZ,Preliminary,"452,221","3,592,212","351,273",12.59
2025,9,CA,Preliminary,"3,038,584","10,006,987","1,772,261",30.36
2025,9,CO,Preliminary,"234,188","1,724,681","402,131",13.58
2025,9,CT,Preliminary,"213,499","972,936","156,452",21.94
2025,9,DC,Preliminary,"116,930","602,107","27,595",19.42
2025,9,DE,Preliminary,"44,841","356,865","61,115",12.57
2025,9,FL,Preliminary,"1,052,794","9,073,533","1,328,886",11.6
2025,9,GA,Preliminary,"566,638","5,041,652","628,789",11.24
2025,9,HI,Preliminary,"86,757","246,754","59,929",35.16
2025,9,IA,Preliminary,"130,328","1,118,078","255,615",11.66
2025,9,ID,Preliminary,"58,750","586,559","126,511",10.02
2025,9,IL,Preliminary,"531,470","3,785,340","647,669",14.04
2025,9,IN,Preliminary,"319,438","2,263,854","376,191",14.11
2025,9,KS,Preliminary,"169,149","1,406,294","251,231",12.03
2025,9,KY,Preliminary,"210,044","1,713,933","328,369",12.26
2025,9,LA,Preliminary,"239,684","2,258,465","304,129",10.61
2025,9,MA,Preliminary,"457,828","2,081,009","426,266",22
2025,9,MD,Preliminary,"345,317","2,281,589","262,656",15.13
2025,9,ME,Preliminary,"72,083","340,692","113,869",21.16
2025,9,MI,Preliminary,"449,585","3,121,567","570,509",14.4
2025,9,MN,Preliminary,"253,457","1,922,432","312,135",13.18
2025,9,MO,Preliminary,"330,581","2,638,138","407,776",12.53
2025,9,MS,Preliminary,"175,715","1,363,296","248,757",12.89
2025,9,MT,Preliminary,"54,603","422,072","142,031",12.94
2025,9,NC,Preliminary,"435,387","4,200,666","758,742",10.36
2025,9,ND,Preliminary,"69,724","903,663","78,011",7.72
2025,9,NE,Preliminary,"121,385","1,285,481","165,150",9.44
2025,9,NH,Preliminary,"67,185","324,734","113,322",20.69
2025,9,NJ,Preliminary,"515,709","2,977,278","543,109",17.32
2025,9,NM,Preliminary,"96,301","780,266","147,226",12.34
2025,9,NV,Preliminary,"127,152","1,244,524","178,666",10.22
2025,9,NY,Preliminary,"1,362,790","5,995,718","1,177,686",22.73
2025,9,OH,Preliminary,"591,908","4,931,499","623,787",12
2025,9,OK,Preliminary,"254,108","2,496,586","311,884",10.18
2025,9,OR,Preliminary,"229,757","2,164,045","250,446",10.62
2025,9,PA,Preliminary,"413,718","3,244,549","743,032",12.75
2025,9,RI,Preliminary,"63,551","283,286","64,713",22.43
2025,9,SC,Preliminary,"257,052","2,344,809","417,306",10.96
2025,9,SD,Preliminary,"50,240","441,414","80,331",11.38
2025,9,TN,Preliminary,"431,767","3,327,362","549,943",12.98
2025,9,TX,Preliminary,"1,411,406","16,068,411","1,547,084",8.78
2025,9,UT,Preliminary,"144,864","1,305,420","145,227",11.1
2025,9,VA,Preliminary,"706,521","7,094,481","449,766",9.96
2025,9,VT,Preliminary,"32,797","159,834","63,782",20.52
2025,9,WA,Preliminary,"306,677","2,791,439","408,555",10.99
2025,9,WI,Preliminary,"264,841","1,973,843","373,162",13.42
2025,9,WV,Preliminary,"75,616","642,519","152,859",11.77
2025,9,WY,Preliminary,"44,706","465,817","60,223",9.6
2025,8,AK,Preliminary,"48,608","211,236","58,428",23.01
2025,8,AL,Preliminary,"321,508","2,218,554","395,797",14.49
2025,8,AR,Preliminary,"136,669","1,268,762","209,230",10.77
2025,8,AZ,Preliminary,"525,480","4,043,352","351,038",13
2025,8,CA,Preliminary,"3,214,799","10,910,678","1,776,326",29.46
2025,8,CO,Preliminary,"266,126","2,010,411","401,347",13.24
2025,8,CT,Preliminary,"237,957","1,004,167","156,416",23.7
2025,8,DC,Preliminary,"128,134","617,320","27,583",20.76
2025,8,DE,Preliminary,"47,392","374,847","61,041",12.64
2025,8,FL,Preliminary,"1,115,193","9,792,056","1,325,932",11.39
2025,8,GA,Preliminary,"603,456","5,398,192","625,324",11.18
2025,8,HI,Preliminary,"89,833","256,697","59,832",35
2025,8,IA,Preliminary,"156,454","1,188,882","250,143",13.16
2025,8,ID,Preliminary,"57,679","648,264","126,313",8.9
2025,8,IL,Preliminary,"605,929","4,347,541","646,901",13.94
2025,8,IN,Preliminary,"341,082","2,428,392","375,986",14.05
2025,8,KS,Preliminary,"193,503","1,610,058","250,876",12.02
2025,8,KY,Preliminary,"236,206","1,976,978","328,215",11.95
2025,8,LA,Preliminary,"261,195","2,397,582","304,515",10.89
2025,8,MA,Preliminary,"518,465","2,242,371","425,936",23.12
2025,8,MD,Preliminary,"366,715","2,429,900","262,547",15.09
2025,8,ME,Preliminary,"78,631","368,157","113,542",21.36
2025,8,MI,Preliminary,"525,472","3,535,838","569,981",14.86
2025,8,MN,Preliminary,"274,349","2,101,020","311,561",13.06
2025,8,MO,Preliminary,"361,335","2,903,171","407,392",12.45
2025,8,MS,Preliminary,"187,122","1,467,419","248,094",12.75
2025,8,MT,Preliminary,"56,934","453,556","141,985",12.55
2025,8,NC,Preliminary,"478,362","4,748,371","756,899",10.07
2025,8,ND,Preliminary,"70,014","931,669","77,874",7.51
2025,8,NE,Preliminary,"125,452","1,328,614","165,031",9.44
2025,8,NH,Preliminary,"76,167","374,182","113,354",20.36
2025,8,NJ,Preliminary,"622,181","3,330,609","540,739",18.68
2025,8,NM,Preliminary,"115,924","946,913","147,252",12.24
2025,8,NV,Preliminary,"146,910","1,441,536","178,650",10.19
2025,8,NY,Preliminary,"1,533,125","6,836,568","1,177,652",22.43
2025,8,OH,Preliminary,"635,212","5,546,284","626,241",11.45
2025,8,OK,Preliminary,"269,207","2,691,115","311,214",10
2025,8,OR,Preliminary,"244,059","2,298,163","249,870",10.62
2025,8,PA,Preliminary,"466,820","3,673,215","743,441",12.71
2025,8,RI,Preliminary,"82,326","369,089","64,894",22.31
2025,8,SC,Preliminary,"281,272","2,582,857","418,986",10.89
2025,8,SD,Preliminary,"53,405","488,462","80,260",10.93
2025,8,TN,Preliminary,"473,454","3,681,721","547,635",12.86
2025,8,TX,Preliminary,"1,494,467","16,880,805","1,582,086",8.85
2025,8,UT,Preliminary,"150,310","1,392,019","145,141",10.8
2025,8,VA,Preliminary,"771,840","8,158,548","448,948",9.46
2025,8,VT,Preliminary,"34,413","179,260","63,832",19.2
2025,8,WA,Preliminary,"317,624","2,833,479","406,434",11.21
2025,8,WI,Preliminary,"296,530","2,177,997","369,829",13.61
2025,8,WV,Preliminary,"80,636","695,817","152,844",11.59
2025,8,WY,Preliminary,"45,763","469,993","60,215",9.74
2025,7,AK,Preliminary,"49,946","217,334","58,565",22.98
2025,7,AL,Preliminary,"338,520","2,320,001","397,174",14.59
2025,7,AR,Preliminary,"129,097","1,217,102","209,733",10.61
2025,7,AZ,Preliminary,"518,220","3,861,130","351,121",13.42
2025,7,CA,Preliminary,"3,064,616","10,186,881","1,795,506",30.08
2025,7,CO,Preliminary,"255,790","1,930,897","401,398",13.25
2025,7,CT,Preliminary,"257,464","1,126,113","156,293",22.86
2025,7,DC,Preliminary,"152,156","734,884","27,583",20.7
2025,7,DE,Preliminary,"55,441","442,246","60,987",12.54
2025,7,FL,Preliminary,"1,102,177","9,755,363","1,326,018",11.3
2025,7,GA,Preliminary,"709,093","5,678,953","627,934",12.49
2025,7,HI,Preliminary,"85,851","244,901","59,773",35.06
2025,7,IA,Preliminary,"163,783","1,243,026","255,280",13.18
2025,7,ID,Preliminary,"63,267","659,726","126,226",9.59
2025,7,IL,Preliminary,"621,904","4,553,431","647,056",13.66
2025,7,IN,Preliminary,"358,699","2,550,201","375,717",14.07
2025,7,KS,Preliminary,"192,189","1,645,675","250,785",11.68
2025,7,KY,Preliminary,"245,833","2,111,496","328,128",11.64
2025,7,LA,Preliminary,"272,635","2,353,224","305,561",11.59
2025,7,MA,Preliminary,"547,913","2,355,869","427,632",23.26
2025,7,MD,Preliminary,"430,023","2,840,895","262,520",15.14
2025,7,ME,Preliminary,"75,796","359,619","113,528",21.08
2025,7,MI,Preliminary,"565,619","3,780,938","569,799",14.96
2025,7,MN,Preliminary,"287,451","2,181,873","311,891",13.17
2025,7,MO,Preliminary,"375,138","3,073,463","407,687",12.21
2025,7,MS,Preliminary,"185,266","1,455,077","248,457",12.73
2025,7,MT,Preliminary,"56,868","443,417","141,921",12.83
2025,7,NC,Preliminary,"508,238","5,214,111","758,022",9.75
2025,7,ND,Preliminary,"73,312","941,414","77,880",7.79
2025,7,NE,Preliminary,"128,342","1,340,485","164,935",9.57
2025,7,NH,Preliminary,"76,348","386,839","113,166",19.74
2025,7,NJ,Preliminary,"677,031","3,686,678","542,382",18.36
2025,7,NM,Preliminary,"109,461","878,531","147,075",12.46
2025,7,NV,Preliminary,"141,294","1,393,355","179,071",10.14
2025,7,NY,Preliminary,"1,623,795","7,043,562","1,174,890",23.05
2025,7,OH,Preliminary,"645,354","5,613,660","620,977",11.5
2025,7,OK,Preliminary,"275,098","2,772,587","311,773",9.92
2025,7,OR,Preliminary,"238,940","2,255,840","249,473",10.59
2025,7,PA,Preliminary,"496,311","3,929,559","743,262",12.63
2025,7,RI,Preliminary,"98,959","445,446","64,866",22.22
2025,7,SC,Preliminary,"309,612","2,821,158","414,961",10.97
2025,7,SD,Preliminary,"56,105","478,702","80,217",11.72
2025,7,TN,Preliminary,"473,080","3,693,498","549,020",12.81
2025,7,TX,Preliminary,"1,462,216","16,531,089","1,522,423",8.85
2025,7,UT,Preliminary,"146,843","1,406,822","144,870",10.44
2025,7,VA,Preliminary,"770,972","7,553,092","448,815",10.21
2025,7,VT,Preliminary,"37,159","191,644","63,942",19.39
2025,7,WA,Preliminary,"330,463","2,940,037","407,757",11.24
2025,7,WI,Preliminary,"306,756","2,294,028","372,450",13.37
2025,7,WV,Preliminary,"86,274","770,805","152,712",11.19
2025,7,WY,Preliminary,"46,389","456,474","60,187",10.16
2025,6,AK,Preliminary,"46,480","202,517","58,353",22.95
2025,6,AL,Preliminary,"299,098","2,058,340","394,474",14.53
2025,6,AR,Preliminary,"113,489","1,040,967","209,269",10.9
2025,6,AZ,Preliminary,"453,512","3,504,484","350,348",12.94
2025,6,CA,Preliminary,"2,543,423","9,481,369","1,748,621",26.83
2025,6,CO,Preliminary,"238,539","1,767,659","401,935",13.49
2025,6,CT,Preliminary,"231,538","1,086,844","156,334",21.3
2025,6,DC,Preliminary,"141,693","695,747","27,575",20.37
2025,6,DE,Preliminary,"54,857","440,092","60,897",12.46
2025,6,FL,Preliminary,"1,051,114","9,230,026","1,324,198",11.39
2025,6,GA,Preliminary,"619,596","5,096,802","626,688",12.16
2025,6,HI,Preliminary,"82,784","232,908","59,810",35.54
2025,6,IA,Preliminary,"145,395","1,156,812","254,895",12.57
2025,6,ID,Preliminary,"53,334","592,343","125,861",9
2025,6,IL,Preliminary,"504,683","3,928,072","646,058",12.85
2025,6,IN,Preliminary,"304,008","2,223,712","375,472",13.67
2025,6,KS,Preliminary,"178,416","1,474,895","250,346",12.1
2025,6,KY,Preliminary,"222,790","1,894,948","327,745",11.76
2025,6,LA,Preliminary,"244,188","2,186,353","304,528",11.17
2025,6,MA,Preliminary,"474,956","2,067,987","437,622",22.97
2025,6,MD,Preliminary,"378,845","2,556,425","262,412",14.82
2025,6,ME,Preliminary,"67,905","321,962","113,428",21.09
2025,6,MI,Preliminary,"491,179","3,287,239","568,706",14.94
2025,6,MN,Preliminary,"266,345","1,966,958","311,116",13.54
2025,6,MO,Preliminary,"337,803","2,719,959","407,301",12.42
2025,6,MS,Preliminary,"169,121","1,300,717","248,078",13
2025,6,MT,Preliminary,"53,138","403,645","141,721",13.16
2025,6,NC,Preliminary,"453,438","4,625,918","756,968",9.8
2025,6,ND,Preliminary,"69,750","867,691","77,786",8.04
2025,6,NE,Preliminary,"112,222","1,210,235","164,389",9.27
2025,6,NH,Preliminary,"69,689","358,977","113,227",19.41
2025,6,NJ,Preliminary,"572,908","3,180,201","539,541",18.01
2025,6,NM,Preliminary,"95,951","833,950","147,242",11.51
2025,6,NV,Preliminary,"118,925","1,353,359","178,666",8.79
2025,6,NY,Preliminary,"1,311,272","5,959,526","1,168,529",22
2025,6,OH,Preliminary,"568,899","5,022,963","620,314",11.33
2025,6,OK,Preliminary,"243,084","2,485,784","311,376",9.78
2025,6,OR,Preliminary,"224,310","2,059,083","249,043",10.89
2025,6,PA,Preliminary,"416,689","3,369,800","742,554",12.37
2025,6,RI,Preliminary,"78,397","353,980","64,897",22.15
2025,6,SC,Preliminary,"269,286","2,435,681","414,737",11.06
2025,6,SD,Preliminary,"48,213","427,375","79,989",11.28
2025,6,TN,Preliminary,"423,325","3,162,136","548,216",13.39
2025,6,TX,Preliminary,"1,278,542","15,191,462","1,521,724",8.42
2025,6,UT,Preliminary,"135,066","1,278,865","144,758",10.56
2025,6,VA,Preliminary,"698,803","7,411,705","448,497",9.43
2025,6,VT,Preliminary,"32,786","164,969","63,623",19.87
2025,6,WA,Preliminary,"284,201","2,650,094","405,363",10.72
2025,6,WI,Preliminary,"277,656","2,080,497","371,847",13.35
2025,6,WV,Preliminary,"82,832","721,044","152,829",11.49
2025,6,WY,Preliminary,"45,418","463,939","60,037",9.79
2025,5,AK,Preliminary,"46,227","209,263","58,271",22.09
2025,5,AL,Preliminary,"270,810","1,904,445","395,184",14.22
2025,5,AR,Preliminary,"101,640","937,169","208,379",10.85
2025,5,AZ,Preliminary,"403,676","3,151,789","350,174",12.81
2025,5,CA,Preliminary,"2,263,994","9,441,879","1,770,915",23.98
2025,5,CO,Preliminary,"205,838","1,672,814","401,632",12.3
2025,5,CT,Preliminary,"209,897","902,281","156,080",23.26
2025,5,DC,Preliminary,"110,037","564,797","27,592",19.48
2025,5,DE,Preliminary,"40,528","328,744","60,799",12.33
2025,5,FL,Preliminary,"993,895","8,901,676","1,322,757",11.17
2025,5,GA,Preliminary,"521,790","4,717,432","626,007",11.06
2025,5,HI,Preliminary,"84,394","235,609","59,791",35.82
2025,5,IA,Preliminary,"105,687","995,777","254,781",10.61
2025,5,ID,Preliminary,"53,211","547,378","125,761",9.72
2025,5,IL,Preliminary,"442,133","3,569,402","643,525",12.39
2025,5,IN,Preliminary,"268,487","1,946,402","374,815",13.79
2025,5,KS,Preliminary,"141,165","1,276,502","250,310",11.06
2025,5,KY,Preliminary,"189,283","1,557,698","327,746",12.15
2025,5,LA,Preliminary,"225,746","1,950,831","303,139",11.57
2025,5,MA,Preliminary,"425,532","1,909,540","426,175",22.28
2025,5,MD,Preliminary,"286,838","2,142,578","262,321",13.39
2025,5,ME,Preliminary,"64,887","302,554","113,320",21.45
2025,5,MI,Preliminary,"436,636","2,912,170","568,902",14.99
2025,5,MN,Preliminary,"219,404","1,781,820","311,178",12.31
2025,5,MO,Preliminary,"225,572","2,325,281","405,589",9.7
2025,5,MS,Preliminary,"152,784","1,161,685","247,757",13.15
2025,5,MT,Preliminary,"46,282","397,918","141,685",11.63
2025,5,NC,Preliminary,"421,263","4,148,180","755,340",10.16
2025,5,ND,Preliminary,"69,562","929,620","77,726",7.48
2025,5,NE,Preliminary,"98,485","1,138,450","164,748",8.65
2025,5,NH,Preliminary,"60,716","315,335","113,116",19.25
2025,5,NJ,Preliminary,"466,018","2,815,636","540,237",16.55
2025,5,NM,Preliminary,"87,584","807,201","147,121",10.85
2025,5,NV,Preliminary,"98,855","1,203,774","178,422",8.21
2025,5,NY,Preliminary,"1,069,173","5,491,593","1,171,290",19.47
2025,5,OH,Preliminary,"507,411","4,575,427","620,728",11.09
2025,5,OK,Preliminary,"192,318","2,271,997","311,192",8.46
2025,5,OR,Preliminary,"215,077","2,045,912","249,384",10.51
2025,5,PA,Preliminary,"367,749","3,105,972","742,183",11.84
2025,5,RI,Preliminary,"63,059","266,153","65,069",23.69
2025,5,SC,Preliminary,"245,379","2,257,613","418,096",10.87
2025,5,SD,Preliminary,"44,548","406,763","78,984",10.95
2025,5,TN,Preliminary,"367,435","2,885,460","547,148",12.73
2025,5,TX,Preliminary,"1,207,856","14,012,902","1,524,008",8.62
2025,5,UT,Preliminary,"111,715","1,138,889","144,616",9.81
2025,5,VA,Preliminary,"600,562","6,681,123","447,985",8.99
2025,5,VT,Preliminary,"30,582","153,314","63,722",19.95
2025,5,WA,Preliminary,"285,269","2,598,674","406,870",10.98
2025,5,WI,Preliminary,"246,906","1,864,900","371,420",13.24
2025,5,WV,Preliminary,"73,842","621,444","152,421",11.88
2025,5,WY,Preliminary,"43,125","460,830","59,969",9.36
2025,4,AK,Preliminary,"46,912","211,665","58,095",22.16
2025,4,AL,Preliminary,"255,672","1,742,984","395,382",14.67
2025,4,AR,Preliminary,"95,492","857,683","209,307",11.13
2025,4,AZ,Preliminary,"319,177","2,580,718","349,592",12.37
2025,4,CA,Preliminary,"1,970,836","8,419,586","1,796,088",23.41
2025,4,CO,Preliminary,"193,150","1,568,758","401,760",12.31
2025,4,CT,Preliminary,"201,331","826,279","156,453",24.37
2025,4,DC,Preliminary,"101,788","542,640","27,619",18.76
2025,4,DE,Preliminary,"39,488","310,179","60,740",12.73
2025,4,FL,Preliminary,"920,588","7,978,330","1,321,697",11.54
2025,4,GA,Preliminary,"497,834","4,341,805","625,827",11.47
2025,4,HI,Preliminary,"84,356","225,701","59,804",37.38
2025,4,IA,Preliminary,"95,661","984,480","254,677",9.72
2025,4,ID,Preliminary,"48,287","529,799","125,670",9.11
2025,4,IL,Preliminary,"437,271","3,425,433","643,799",12.77
2025,4,IN,Preliminary,"263,487","1,820,377","375,217",14.47
2025,4,KS,Preliminary,"132,556","1,196,698","250,460",11.08
2025,4,KY,Preliminary,"185,318","1,544,630","327,667",12
2025,4,LA,Preliminary,"213,651","1,775,604","303,320",12.03
2025,4,MA,Preliminary,"447,028","1,960,532","428,164",22.8
2025,4,MD,Preliminary,"282,686","2,010,091","262,345",14.06
2025,4,ME,Preliminary,"66,680","313,862","113,091",21.25
2025,4,MI,Preliminary,"405,260","2,784,649","568,545",14.55
2025,4,MN,Preliminary,"191,675","1,739,635","310,671",11.02
2025,4,MO,Preliminary,"212,219","2,196,397","407,209",9.66
2025,4,MS,Preliminary,"141,868","1,058,716","248,105",13.4
2025,4,MT,Preliminary,"45,514","402,951","142,292",11.3
2025,4,NC,Preliminary,"378,106","3,712,504","755,007",10.18
2025,4,ND,Preliminary,"66,503","953,590","77,616",6.97
2025,4,NE,Preliminary,"90,227","1,084,325","164,205",8.32
2025,4,NH,Preliminary,"59,867","307,359","112,892",19.48
2025,4,NJ,Preliminary,"419,326","2,720,902","539,281",15.41
2025,4,NM,Preliminary,"74,893","693,669","147,118",10.8
2025,4,NV,Preliminary,"99,110","1,098,342","177,659",9.02
2025,4,NY,Preliminary,"1,025,853","5,302,754","1,171,123",19.35
2025,4,OH,Preliminary,"463,375","4,212,790","623,409",11
2025,4,OK,Preliminary,"167,106","2,058,162","311,091",8.12
2025,4,OR,Preliminary,"208,134","1,951,494","249,305",10.67
2025,4,PA,Preliminary,"368,185","3,073,158","743,296",11.98
2025,4,RI,Preliminary,"59,644","250,573","63,801",23.8
2025,4,SC,Preliminary,"221,222","2,036,645","415,571",10.86
2025,4,SD,Preliminary,"41,682","397,662","79,214",10.48
2025,4,TN,Preliminary,"373,055","2,848,524","548,056",13.1
2025,4,TX,Preliminary,"1,141,382","13,179,450","1,527,672",8.66
2025,4,UT,Preliminary,"104,008","1,090,406","144,518",9.54
2025,4,VA,Preliminary,"583,618","6,465,060","447,955",9.03
2025,4,VT,Preliminary,"29,704","152,477","63,514",19.48
2025,4,WA,Preliminary,"283,038","2,650,099","406,989",10.68
2025,4,WI,Preliminary,"226,477","1,786,447","371,296",12.68
2025,4,WV,Preliminary,"73,929","607,020","152,506",12.18
2025,4,WY,Preliminary,"42,357","452,027","59,831",9.37
2025,3,AK,Preliminary,"50,230","227,280","57,975",22.1
2025,3,AL,Preliminary,"245,540","1,665,626","394,777",14.74
2025,3,AR,Preliminary,"93,156","861,413","208,297",10.81
2025,3,AZ,Preliminary,"331,487","2,714,604","349,304",12.21
2025,3,CA,Preliminary,"2,143,235","8,989,735","1,771,306",23.84
2025,3,CO,Preliminary,"197,055","1,738,502","401,038",11.33
2025,3,CT,Preliminary,"221,850","882,596","156,442",25.14
2025,3,DC,Preliminary,"113,837","565,220","27,633",20.14
2025,3,DE,Preliminary,"40,483","315,995","60,804",12.81
2025,3,FL,Preliminary,"870,437","7,384,092","1,319,993",11.79
2025,3,GA,Preliminary,"488,216","4,185,757","624,902",11.66
2025,3,HI,Preliminary,"84,393","231,648","59,684",36.43
2025,3,IA,Preliminary,"103,708","1,062,233","254,292",9.76
2025,3,ID,Preliminary,"52,491","562,033","125,064",9.34
2025,3,IL,Preliminary,"488,944","3,731,560","644,960",13.1
2025,3,IN,Preliminary,"267,665","1,828,805","374,945",14.64
2025,3,KS,Preliminary,"134,377","1,221,161","249,943",11
2025,3,KY,Preliminary,"188,700","1,547,203","326,925",12.2
2025,3,LA,Preliminary,"203,612","1,683,369","302,430",12.1
2025,3,MA,Preliminary,"458,129","1,984,259","425,482",23.09
2025,3,MD,Preliminary,"294,301","2,127,976","262,084",13.83
2025,3,ME,Preliminary,"73,023","337,325","113,366",21.65
2025,3,MI,Preliminary,"422,845","2,970,442","568,219",14.24
2025,3,MN,Preliminary,"223,892","1,885,564","310,468",11.87
2025,3,MO,Preliminary,"217,227","2,270,076","406,299",9.57
2025,3,MS,Preliminary,"136,853","1,015,997","247,829",13.47
2025,3,MT,Preliminary,"49,434","438,470","142,087",11.27
2025,3,NC,Preliminary,"399,991","3,757,577","754,368",10.64
2025,3,ND,Preliminary,"71,514","1,012,698","77,512",7.06
2025,3,NE,Preliminary,"96,712","1,122,834","163,631",8.61
2025,3,NH,Preliminary,"64,738","328,303","112,805",19.72
2025,3,NJ,Preliminary,"446,364","2,850,609","539,502",15.66
2025,3,NM,Preliminary,"84,430","758,758","147,018",11.13
2025,3,NV,Preliminary,"97,069","1,063,899","178,181",9.12
2025,3,NY,Preliminary,"1,170,424","5,760,129","1,168,345",20.32
2025,3,OH,Preliminary,"477,134","4,255,490","622,230",11.21
2025,3,OK,Preliminary,"160,387","1,975,253","310,680",8.12
2025,3,OR,Preliminary,"223,192","2,084,974","249,128",10.7
2025,3,PA,Preliminary,"384,234","3,199,100","743,456",12.01
2025,3,RI,Preliminary,"57,277","233,569","64,333",24.52
2025,3,SC,Preliminary,"222,004","2,005,202","412,745",11.07
2025,3,SD,Preliminary,"46,350","431,510","79,026",10.74
2025,3,TN,Preliminary,"350,242","2,591,460","543,623",13.52
2025,3,TX,Preliminary,"1,132,544","12,989,336","1,528,787",8.72
2025,3,UT,Preliminary,"112,902","1,169,570","144,518",9.65
2025,3,VA,Preliminary,"565,628","6,399,000","447,540",8.84
2025,3,VT,Preliminary,"32,735","164,360","63,359",19.92
2025,3,WA,Preliminary,"306,451","2,815,165","406,279",10.89
2025,3,WI,Preliminary,"244,851","1,914,880","370,077",12.79
2025,3,WV,Preliminary,"75,026","621,161","152,511",12.08
2025,3,WY,Preliminary,"44,775","493,131","59,708",9.08
2025,2,AK,Preliminary,"49,819","225,454","57,970",22.1
2025,2,AL,Preliminary,"241,940","1,700,729","392,062",14.23
2025,2,AR,Preliminary,"92,631","906,374","207,915",10.22
2025,2,AZ,Preliminary,"293,172","2,452,193","348,695",11.96
2025,2,CA,Preliminary,"1,918,061","7,926,235","1,716,855",24.2
2025,2,CO,Preliminary,"180,628","1,588,395","401,164",11.37
2025,2,CT,Preliminary,"232,021","898,272","156,608",25.83
2025,2,DC,Preliminary,"110,250","535,441","27,596",20.59
2025,2,DE,Preliminary,"41,216","324,129","60,668",12.72
2025,2,FL,Preliminary,"806,155","7,006,188","1,317,475",11.51
2025,2,GA,Preliminary,"460,250","4,198,780","623,348",10.96
2025,2,HI,Preliminary,"77,517","199,936","59,643",38.77
2025,2,IA,Preliminary,"110,754","1,101,550","254,220",10.05
2025,2,ID,Preliminary,"51,015","564,658","124,682",9.03
2025,2,IL,Preliminary,"459,572","3,592,102","634,913",12.79
2025,2,IN,Preliminary,"251,619","1,880,913","374,361",13.38
2025,2,KS,Preliminary,"132,438","1,247,168","249,258",10.62
2025,2,KY,Preliminary,"188,655","1,545,999","326,884",12.2
2025,2,LA,Preliminary,"193,855","1,779,010","302,114",10.9
2025,2,MA,Preliminary,"466,667","1,956,076","413,784",23.86
2025,2,MD,Preliminary,"305,233","2,127,413","261,883",14.35
2025,2,ME,Preliminary,"72,787","360,291","109,534",20.2
2025,2,MI,Preliminary,"405,970","2,888,345","568,215",14.06
2025,2,MN,Preliminary,"211,927","1,826,455","310,293",11.6
2025,2,MO,Preliminary,"223,863","2,380,989","406,186",9.4
2025,2,MS,Preliminary,"137,259","1,074,303","247,454",12.78
2025,2,MT,Preliminary,"51,162","471,910","142,059",10.84
2025,2,NC,Preliminary,"400,284","3,775,298","752,658",10.6
2025,2,ND,Preliminary,"74,012","977,358","77,486",7.57
2025,2,NE,Preliminary,"96,084","1,170,776","163,666",8.21
2025,2,NH,Preliminary,"70,831","340,814","112,638",20.78
2025,2,NJ,Preliminary,"444,298","2,908,469","540,837",15.28
2025,2,NM,Preliminary,"71,328","675,870","146,871",10.55
2025,2,NV,Preliminary,"91,171","938,559","177,947",9.71
2025,2,NY,Preliminary,"1,265,015","6,058,513","1,162,638",20.88
2025,2,OH,Preliminary,"471,578","4,228,332","625,505",11.15
2025,2,OK,Preliminary,"169,975","2,017,536","309,849",8.42
2025,2,OR,Preliminary,"220,373","2,083,458","249,370",10.58
2025,2,PA,Preliminary,"396,279","3,256,117","742,686",12.17
2025,2,RI,Preliminary,"42,466","160,686","64,173",26.43
2025,2,SC,Preliminary,"220,002","1,996,271","413,598",11.02
2025,2,SD,Preliminary,"45,129","446,966","79,027",10.1
2025,2,TN,Preliminary,"363,862","2,848,951","543,585",12.77
2025,2,TX,Preliminary,"1,104,363","13,212,963","1,522,521",8.36
2025,2,UT,Preliminary,"105,674","1,105,877","144,441",9.56
2025,2,VA,Preliminary,"568,405","6,249,304","447,268",9.1
2025,2,VT,Preliminary,"30,504","158,926","63,126",19.19
2025,2,WA,Preliminary,"310,364","2,884,448","405,047",10.76
2025,2,WI,Preliminary,"242,725","1,863,395","371,354",13.03
2025,2,WV,Preliminary,"76,167","615,511","152,436",12.37
2025,2,WY,Preliminary,"44,343","470,748","59,618",9.42
2025,1,AK,Preliminary,"52,139","240,065","58,008",21.72
2025,1,AL,Preliminary,"283,413","1,968,815","394,311",14.4
2025,1,AR,Preliminary,"96,702","959,543","208,660",10.08
2025,1,AZ,Preliminary,"318,103","2,697,800","348,480",11.79
2025,1,CA,Preliminary,"2,235,269","9,352,451","1,795,624",23.9
2025,1,CO,Preliminary,"194,304","1,767,283","401,239",10.99
2025,1,CT,Preliminary,"243,347","993,253","156,591",24.5
2025,1,DC,Preliminary,"121,391","637,954","27,615",19.03
2025,1,DE,Preliminary,"46,417","372,940","60,610",12.45
2025,1,FL,Preliminary,"846,615","7,542,437","1,317,160",11.22
2025,1,GA,Preliminary,"564,140","4,717,423","624,086",11.96
2025,1,HI,Preliminary,"84,125","224,081","59,732",37.54
2025,1,IA,Preliminary,"120,848","1,203,399","254,172",10.04
2025,1,ID,Preliminary,"56,504","634,231","124,795",8.91
2025,1,IL,Preliminary,"486,965","4,105,094","634,594",11.86
2025,1,IN,Preliminary,"268,846","2,089,538","374,726",12.87
2025,1,KS,Preliminary,"140,183","1,322,831","250,180",10.6
2025,1,KY,Preliminary,"207,315","1,852,948","326,946",11.19
2025,1,LA,Preliminary,"198,106","1,897,432","302,664",10.44
2025,1,MA,Preliminary,"496,154","2,154,698","443,452",23.03
2025,1,MD,Preliminary,"352,776","2,507,865","261,854",14.07
2025,1,ME,Preliminary,"71,709","368,172","113,313",19.48
2025,1,MI,Preliminary,"443,537","3,252,937","567,989",13.64
2025,1,MN,Preliminary,"236,044","2,042,244","310,403",11.56
2025,1,MO,Preliminary,"238,583","2,603,857","403,834",9.16
2025,1,MS,Preliminary,"139,924","1,113,352","247,807",12.57
2025,1,MT,Preliminary,"48,209","464,988","141,930",10.37
2025,1,NC,Preliminary,"424,826","4,260,567","752,728",9.97
2025,1,ND,Preliminary,"75,089","1,044,969","77,455",7.19
2025,1,NE,Preliminary,"98,747","1,223,647","163,674",8.07
2025,1,NH,Preliminary,"76,923","375,816","112,633",20.47
2025,1,NJ,Preliminary,"493,172","3,248,124","542,037",15.18
2025,1,NM,Preliminary,"76,294","748,484","146,920",10.19
2025,1,NV,Preliminary,"100,200","1,046,662","178,394",9.57
2025,1,NY,Preliminary,"1,277,763","6,271,844","1,168,571",20.37
2025,1,OH,Preliminary,"480,871","4,517,339","626,746",10.65
2025,1,OK,Preliminary,"189,841","2,207,961","310,118",8.6
2025,1,OR,Preliminary,"232,652","2,273,853","249,083",10.23
2025,1,PA,Preliminary,"432,380","3,682,714","742,660",11.74
2025,1,RI,Preliminary,"104,108","418,700","64,380",24.86
2025,1,SC,Preliminary,"248,788","2,220,065","413,900",11.21
2025,1,SD,Preliminary,"48,806","461,933","79,368",10.57
2025,1,TN,Preliminary,"371,643","2,933,457","544,349",12.67
2025,1,TX,Preliminary,"1,135,993","13,423,907","1,529,537",8.46
2025,1,UT,Preliminary,"113,048","1,237,513","144,187",9.14
2025,1,VA,Preliminary,"635,761","7,169,837","447,576",8.87
2025,1,VT,Preliminary,"33,703","175,384","63,102",19.22
2025,1,WA,Preliminary,"316,890","3,106,470","405,693",10.2
2025,1,WI,Preliminary,"261,630","2,076,885","372,135",12.6
2025,1,WV,Preliminary,"83,863","739,552","152,416",11.34
2025,1,WY,Preliminary,"46,501","494,042","59,599",9.41
2024,12,AK,Final,"47,929","234,658","57,071",20.43
2024,12,AL,Final,"242,928","1,746,486","390,743",13.91
2024,12,AR,Final,"87,251","860,468","207,910",10.14
2024,12,AZ,Final,"311,224","2,638,527","350,294",11.8
2024,12,CA,Final,"2,212,447","9,539,864","1,798,964",23.19
2024,12,CO,Final,"192,717","1,745,289","407,415",11.04
2024,12,CT,Final,"222,392","955,480","156,721",23.28
2024,12,DC,Final,"118,298","671,723","27,570",17.61
2024,12,DE,Final,"51,447","397,890","60,837",12.93
2024,12,FL,Final,"810,250","7,299,927","1,315,209",11.1
2024,12,GA,Final,"479,555","4,321,758","621,943",11.1
2024,12,HI,Final,"88,917","235,886","59,796",37.7
2024,12,IA,Final,"111,451","1,104,730","252,037",10.09
2024,12,ID,Final,"49,812","598,685","124,714",8.32
2024,12,IL,Final,"445,609","3,787,065","642,272",11.77
2024,12,IN,Final,"233,971","1,884,578","376,014",12.42
2024,12,KS,Final,"132,280","1,234,814","245,888",10.71
2024,12,KY,Final,"191,964","1,630,201","328,672",11.78
2024,12,LA,Final,"190,869","1,777,452","301,137",10.74
2024,12,MA,Final,"451,698","2,015,859","435,811",22.41
2024,12,MD,Final,"330,037","2,443,360","261,683",13.51
2024,12,ME,Final,"62,708","323,041","113,064",19.41
2024,12,MI,Final,"408,899","2,968,607","566,527",13.77
2024,12,MN,Final,"210,839","1,929,084","308,970",10.93
2024,12,MO,Final,"228,802","2,429,386","405,447",9.42
2024,12,MS,Final,"129,862","1,040,193","246,457",12.48
2024,12,MT,Final,"47,669","433,188","141,129",11
2024,12,NC,Final,"417,425","3,821,559","751,269",10.92
2024,12,ND,Final,"73,422","1,023,785","77,494",7.17
2024,12,NE,Final,"88,986","1,132,520","161,708",7.86
2024,12,NH,Final,"68,617","345,700","112,803",19.85
2024,12,NJ,Final,"484,077","3,318,679","540,306",14.59
2024,12,NM,Final,"76,963","743,155","147,842",10.36
2024,12,NV,Final,"102,099","1,075,290","180,068",9.5
2024,12,NY,Final,"1,134,684","6,059,891","1,166,643",18.72
2024,12,OH,Final,"447,232","4,211,861","628,062",10.62
2024,12,OK,Final,"170,548","2,018,613","299,862",8.45
2024,12,OR,Final,"213,850","2,156,732","248,520",9.92
2024,12,PA,Final,"371,200","3,332,943","742,247",11.14
2024,12,RI,Final,"58,333","248,635","66,686",23.46
2024,12,SC,Final,"221,936","2,076,574","415,519",10.69
2024,12,SD,Final,"45,974","435,261","78,381",10.56
2024,12,TN,Final,"348,223","2,753,878","545,413",12.64
2024,12,TX,Final,"1,052,833","12,360,323","1,547,661",8.52
2024,12,UT,Final,"104,095","1,150,026","147,072",9.05
2024,12,VA,Final,"570,683","6,441,325","446,416",8.86
2024,12,VT,Final,"32,389","165,421","63,983",19.58
2024,12,WA,Final,"293,689","2,983,512","403,825",9.84
2024,12,WI,Final,"228,242","1,956,591","370,959",11.67
2024,12,WV,Final,"74,690","635,671","152,483",11.75
2024,12,WY,Final,"41,308","455,804","59,251",9.06
2024,11,AK,Final,"47,350","222,787","57,181",21.25
2024,11,AL,Final,"235,567","1,708,814","390,193",13.79
2024,11,AR,Final,"89,425","882,507","207,427",10.13
2024,11,AZ,Final,"310,786","2,644,264","349,846",11.75
2024,11,CA,Final,"1,979,519","8,805,511","1,716,544",22.48
2024,11,CO,Final,"190,016","1,628,108","406,460",11.67
2024,11,CT,Final,"202,420","890,554","156,682",22.73
2024,11,DC,Final,"86,114","503,856","27,543",17.09
2024,11,DE,Final,"37,764","299,576","60,821",12.61
2024,11,FL,Final,"855,461","7,765,530","1,313,767",11.02
2024,11,GA,Final,"454,851","4,202,825","621,199",10.82
2024,11,HI,Final,"85,640","240,495","59,626",35.61
2024,11,IA,Final,"101,930","1,015,374","252,278",10.04
2024,11,ID,Final,"50,547","558,442","124,633",9.05
2024,11,IL,Final,"394,192","3,414,633","637,496",11.54
2024,11,IN,Final,"229,183","1,774,070","376,144",12.92
2024,11,KS,Final,"129,723","1,179,016","245,625",11
2024,11,KY,Final,"178,276","1,505,876","329,043",11.84
2024,11,LA,Final,"193,780","1,847,153","300,934",10.49
2024,11,MA,Final,"381,082","1,830,319","421,249",20.82
2024,11,MD,Final,"266,289","2,035,099","261,584",13.08
2024,11,ME,Final,"56,015","302,564","105,643",18.51
2024,11,MI,Final,"368,857","2,756,088","567,088",13.38
2024,11,MN,Final,"201,700","1,765,787","309,205",11.42
2024,11,MO,Final,"208,765","2,216,798","404,749",9.42
2024,11,MS,Final,"136,464","1,076,488","246,597",12.68
2024,11,MT,Final,"45,996","397,175","140,492",11.58
2024,11,NC,Final,"423,877","3,952,836","751,379",10.72
2024,11,ND,Final,"68,515","1,007,474","77,475",6.8
2024,11,NE,Final,"84,742","1,060,775","161,990",7.99
2024,11,NH,Final,"64,027","330,836","112,367",19.35
2024,11,NJ,Final,"374,802","2,566,850","539,266",14.6
2024,11,NM,Final,"76,571","748,228","147,792",10.23
2024,11,NV,Final,"102,255","1,059,499","179,540",9.65
2024,11,NY,Final,"962,979","5,448,424","1,167,189",17.67
2024,11,OH,Final,"429,781","4,000,553","628,039",10.74
2024,11,OK,Final,"163,013","1,979,549","299,294",8.23
2024,11,OR,Final,"203,068","2,014,345","246,817",10.08
2024,11,PA,Final,"339,651","3,000,075","741,848",11.32
2024,11,RI,Final,"75,451","233,524","40,636",32.31
2024,11,SC,Final,"209,342","1,855,434","414,056",11.28
2024,11,SD,Final,"43,508","406,359","78,421",10.71
2024,11,TN,Final,"334,450","2,703,929","548,083",12.37
2024,11,TX,Final,"1,107,359","13,179,359","1,548,098",8.4
2024,11,UT,Final,"108,597","1,135,604","146,741",9.56
2024,11,VA,Final,"522,665","6,312,761","446,175",8.28
2024,11,VT,Final,"29,160","144,292","64,992",20.21
2024,11,WA,Final,"269,774","2,698,771","407,963",10
2024,11,WI,Final,"218,330","1,772,941","369,741",12.31
2024,11,WV,Final,"73,220","581,340","152,300",12.6
2024,11,WY,Final,"41,286","427,327","59,128",9.66
2024,10,AK,Final,"46,630","213,007","57,231",21.89
2024,10,AL,Final,"253,697","1,845,356","392,476",13.75
2024,10,AR,Final,"102,657","984,262","208,236",10.43
2024,10,AZ,Final,"380,177","3,112,053","349,535",12.22
2024,10,CA,Final,"2,807,602","10,608,964","1,826,652",26.46
2024,10,CO,Final,"199,225","1,731,187","407,472",11.51
2024,10,CT,Final,"211,392","922,832","156,748",22.91
2024,10,DC,Final,"90,667","534,120","27,576",16.98
2024,10,DE,Final,"41,308","322,360","60,835",12.81
2024,10,FL,Final,"905,231","8,259,521","1,314,341",10.96
2024,10,GA,Final,"485,156","4,568,069","622,037",10.62
2024,10,HI,Final,"92,672","255,390","59,586",36.29
2024,10,IA,Final,"106,123","1,062,894","252,218",9.98
2024,10,ID,Final,"52,451","557,286","124,520",9.41
2024,10,IL,Final,"453,838","3,692,372","636,338",12.29
2024,10,IN,Final,"237,710","1,885,639","375,576",12.61
2024,10,KS,Final,"138,242","1,267,459","246,246",10.91
2024,10,KY,Final,"188,832","1,646,258","328,519",11.47
2024,10,LA,Final,"210,224","2,020,843","302,278",10.4
2024,10,MA,Final,"387,543","1,886,352","420,293",20.54
2024,10,MD,Final,"280,657","2,134,284","261,621",13.15
2024,10,ME,Final,"62,802","341,813","113,207",18.37
2024,10,MI,Final,"410,794","3,018,489","566,606",13.61
2024,10,MN,Final,"219,569","1,832,548","309,598",11.98
2024,10,MO,Final,"224,737","2,377,534","404,763",9.45
2024,10,MS,Final,"146,386","1,208,233","247,833",12.12
2024,10,MT,Final,"49,417","405,709","140,354",12.18
2024,10,NC,Final,"430,979","3,941,303","752,390",10.93
2024,10,ND,Final,"63,639","947,902","77,510",6.71
2024,10,NE,Final,"86,731","1,079,492","162,266",8.03
2024,10,NH,Final,"64,498","323,361","112,558",19.95
2024,10,NJ,Final,"422,783","2,954,682","538,372",14.31
2024,10,NM,Final,"77,668","761,385","148,157",10.2
2024,10,NV,Final,"117,080","1,205,678","179,799",9.71
2024,10,NY,Final,"1,063,505","5,583,606","1,166,506",19.05
2024,10,OH,Final,"447,403","4,149,876","628,310",10.78
2024,10,OK,Final,"210,530","2,170,862","299,740",9.7
2024,10,OR,Final,"206,017","2,028,106","248,238",10.16
2024,10,PA,Final,"345,450","3,148,327","742,231",10.97
2024,10,RI,Final,"57,765","296,251","67,007",19.5
2024,10,SC,Final,"236,519","2,158,053","415,819",10.96
2024,10,SD,Final,"44,699","418,295","78,832",10.69
2024,10,TN,Final,"354,458","2,970,640","547,203",11.93
2024,10,TX,Final,"1,236,219","14,580,688","1,560,092",8.48
2024,10,UT,Final,"114,822","1,239,361","146,756",9.26
2024,10,VA,Final,"560,824","6,374,008","446,740",8.8
2024,10,VT,Final,"30,591","156,350","64,987",19.57
2024,10,WA,Final,"282,269","2,795,962","407,532",10.1
2024,10,WI,Final,"231,161","1,893,262","369,784",12.21
2024,10,WV,Final,"71,257","612,562","152,311",11.63
2024,10,WY,Final,"40,758","413,865","59,294",9.85
2024,9,AK,Final,"44,992","205,966","57,165",21.84
2024,9,AL,Final,"279,655","2,062,275","390,212",13.56
2024,9,AR,Final,"113,627","1,121,553","207,100",10.13
2024,9,AZ,Final,"425,782","3,458,568","348,763",12.31
2024,9,CA,Final,"2,964,687","10,173,010","1,747,836",29.14
2024,9,CO,Final,"232,848","1,864,687","406,873",12.49
2024,9,CT,Final,"233,950","1,000,652","156,904",23.38
2024,9,DC,Final,"100,676","607,506","27,545",16.57
2024,9,DE,Final,"44,656","367,648","60,901",12.15
2024,9,FL,Final,"989,174","9,350,058","1,312,723",10.58
2024,9,GA,Final,"495,277","4,736,280","620,765",10.46
2024,9,HI,Final,"93,109","255,380","59,582",36.46
2024,9,IA,Final,"116,031","1,087,080","251,943",10.67
2024,9,ID,Final,"54,702","574,737","124,339",9.52
2024,9,IL,Final,"476,307","3,882,368","637,241",12.27
2024,9,IN,Final,"261,470","2,084,947","375,744",12.54
2024,9,KS,Final,"165,150","1,397,504","245,917",11.82
2024,9,KY,Final,"194,051","1,733,994","328,305",11.19
2024,9,LA,Final,"238,235","2,268,516","301,673",10.5
2024,9,MA,Final,"384,659","1,863,557","417,657",20.64
2024,9,MD,Final,"290,669","2,202,051","261,471",13.2
2024,9,ME,Final,"64,765","366,429","109,881",17.67
2024,9,MI,Final,"445,080","3,185,454","565,887",13.97
2024,9,MN,Final,"246,723","1,927,152","308,855",12.8
2024,9,MO,Final,"290,754","2,489,248","404,628",11.68
2024,9,MS,Final,"164,408","1,361,133","247,222",12.08
2024,9,MT,Final,"50,041","411,657","118,159",12.16
2024,9,NC,Final,"450,697","4,137,669","752,465",10.89
2024,9,ND,Final,"63,378","928,599","77,436",6.83
2024,9,NE,Final,"100,831","1,148,310","162,119",8.78
2024,9,NH,Final,"66,535","333,594","112,863",19.94
2024,9,NJ,Final,"492,768","3,201,128","536,935",15.39
2024,9,NM,Final,"95,495","875,369","148,284",10.91
2024,9,NV,Final,"129,531","1,279,275","179,365",10.13
2024,9,NY,Final,"1,274,247","6,228,342","1,167,742",20.46
2024,9,OH,Final,"457,171","4,359,595","628,436",10.49
2024,9,OK,Final,"228,442","2,263,328","299,236",10.09
2024,9,OR,Final,"206,259","2,039,970","247,586",10.11
2024,9,PA,Final,"358,736","3,250,968","742,624",11.03
2024,9,RI,Final,"70,072","312,528","66,698",22.42
2024,9,SC,Final,"243,674","2,248,172","414,803",10.84
2024,9,SD,Final,"46,689","437,050","78,827",10.68
2024,9,TN,Final,"408,806","3,348,974","545,687",12.21
2024,9,TX,Final,"1,300,439","15,037,476","1,555,983",8.65
2024,9,UT,Final,"131,111","1,155,317","146,588",11.35
2024,9,VA,Final,"569,419","6,685,919","446,708",8.52
2024,9,VT,Final,"30,701","159,834","64,792",19.21
2024,9,WA,Final,"267,560","2,743,156","404,605",9.75
2024,9,WI,Final,"260,191","1,986,612","370,370",13.1
2024,9,WV,Final,"76,972","627,820","152,138",12.26
2024,9,WY,Final,"41,093","419,874","59,136",9.79
2024,8,AK,Final,"47,388","212,118","57,157",22.34
2024,8,AL,Final,"313,219","2,328,273","391,541",13.45
2024,8,AR,Final,"122,480","1,212,082","207,203",10.1
2024,8,AZ,Final,"494,673","3,911,245","349,894",12.65
2024,8,CA,Final,"3,202,881","11,045,627","1,797,947",29
2024,8,CO,Final,"261,091","2,094,430","406,859",12.47
2024,8,CT,Final,"241,789","1,085,800","156,990",22.27
2024,8,DC,Final,"118,811","717,948","27,566",16.55
2024,8,DE,Final,"50,304","416,745","60,787",12.07
2024,8,FL,Final,"1,010,953","9,663,097","1,311,975",10.46
2024,8,GA,Final,"645,496","5,508,657","620,717",11.72
2024,8,HI,Final,"95,737","256,946","59,377",37.26
2024,8,IA,Final,"132,734","1,172,926","251,780",11.32
2024,8,ID,Final,"58,209","630,579","124,146",9.23
2024,8,IL,Final,"524,246","4,351,294","636,677",12.05
2024,8,IN,Final,"299,256","2,409,480","375,326",12.42
2024,8,KS,Final,"190,864","1,589,701","245,717",12.01
2024,8,KY,Final,"228,027","2,006,075","327,641",11.37
2024,8,LA,Final,"237,218","2,372,900","302,670",10
2024,8,MA,Final,"414,450","1,980,442","420,820",20.93
2024,8,MD,Final,"350,782","2,689,155","261,402",13.04
2024,8,ME,Final,"64,869","380,635","113,295",17.04
2024,8,MI,Final,"494,602","3,541,267","565,143",13.97
2024,8,MN,Final,"268,669","2,069,646","308,862",12.98
2024,8,MO,Final,"342,778","2,864,448","404,084",11.97
2024,8,MS,Final,"173,797","1,455,055","247,625",11.94
2024,8,MT,Final,"51,629","427,574","118,047",12.07
2024,8,NC,Final,"506,738","4,942,040","752,825",10.25
2024,8,ND,Final,"67,555","945,142","77,009",7.15
2024,8,NE,Final,"106,403","1,199,487","162,081",8.87
2024,8,NH,Final,"68,944","370,662","112,439",18.6
2024,8,NJ,Final,"549,963","3,487,717","540,174",15.77
2024,8,NM,Final,"113,131","1,033,518","148,465",10.95
2024,8,NV,Final,"142,086","1,456,263","179,547",9.76
2024,8,NY,Final,"1,371,392","6,852,866","1,155,824",20.01
2024,8,OH,Final,"509,895","4,837,712","627,978",10.54
2024,8,OK,Final,"258,064","2,713,149","299,281",9.51
2024,8,OR,Final,"222,854","2,207,283","247,846",10.1
2024,8,PA,Final,"405,186","3,715,758","742,100",10.9
2024,8,RI,Final,"77,413","365,267","67,454",21.19
2024,8,SC,Final,"276,667","2,584,342","415,472",10.71
2024,8,SD,Final,"51,938","477,286","78,473",10.88
2024,8,TN,Final,"447,640","3,725,755","545,086",12.01
2024,8,TX,Final,"1,408,152","15,880,238","1,564,540",8.87
2024,8,UT,Final,"142,777","1,376,771","146,380",10.37
2024,8,VA,Final,"614,583","7,617,184","446,459",8.07
2024,8,VT,Final,"32,763","179,742","64,764",18.23
2024,8,WA,Final,"285,419","2,910,038","405,148",9.81
2024,8,WI,Final,"287,267","2,193,579","369,393",13.1
2024,8,WV,Final,"82,456","724,007","152,033",11.39
2024,8,WY,Final,"42,028","442,316","58,950",9.5
2024,7,AK,Final,"44,432","208,972","57,127",21.26
2024,7,AL,Final,"307,175","2,273,767","391,207",13.51
2024,7,AR,Final,"120,526","1,191,341","207,906",10.12
2024,7,AZ,Final,"507,446","3,908,032","347,843",12.98
2024,7,CA,Final,"3,327,766","10,996,981","1,804,875",30.26
2024,7,CO,Final,"246,260","1,940,128","406,505",12.69
2024,7,CT,Final,"237,453","1,189,006","156,844",19.97
2024,7,DC,Final,"121,287","707,419","27,578",17.15
2024,7,DE,Final,"51,307","421,071","60,806",12.18
2024,7,FL,Final,"1,019,128","9,712,995","1,310,601",10.49
2024,7,GA,Final,"623,976","5,472,252","620,543",11.4
2024,7,HI,Final,"91,865","247,643","59,513",37.1
2024,7,IA,Final,"131,240","1,138,541","251,859",11.53
2024,7,ID,Final,"63,765","657,732","124,046",9.69
2024,7,IL,Final,"518,603","4,340,909","638,316",11.95
2024,7,IN,Final,"275,030","2,199,556","375,118",12.5
2024,7,KS,Final,"191,525","1,555,828","245,597",12.31
2024,7,KY,Final,"219,397","1,973,974","327,582",11.11
2024,7,LA,Final,"234,967","2,342,341","303,093",10.03
2024,7,MA,Final,"431,955","2,057,832","439,712",20.99
2024,7,MD,Final,"363,967","2,791,651","261,304",13.04
2024,7,ME,Final,"66,240","387,242","113,292",17.11
2024,7,MI,Final,"516,135","3,582,021","564,735",14.41
2024,7,MN,Final,"269,993","2,050,021","309,030",13.17
2024,7,MO,Final,"336,940","2,838,468","404,403",11.87
2024,7,MS,Final,"170,555","1,436,045","247,507",11.88
2024,7,MT,Final,"55,284","446,321","117,912",12.39
2024,7,NC,Final,"497,124","4,816,851","752,408",10.32
2024,7,ND,Final,"70,831","943,164","77,238",7.51
2024,7,NE,Final,"104,232","1,172,946","162,075",8.89
2024,7,NH,Final,"76,942","413,057","112,160",18.63
2024,7,NJ,Final,"568,418","3,623,251","540,909",15.69
2024,7,NM,Final,"106,762","905,656","147,887",11.79
2024,7,NV,Final,"149,361","1,498,091","178,229",9.97
2024,7,NY,Final,"1,433,112","7,017,950","1,162,279",20.42
2024,7,OH,Final,"494,567","4,705,227","627,771",10.51
2024,7,OK,Final,"244,178","2,608,728","299,136",9.36
2024,7,OR,Final,"226,010","2,219,994","248,035",10.18
2024,7,PA,Final,"431,571","3,941,515","742,664",10.95
2024,7,RI,Final,"79,422","395,084","63,960",20.1
2024,7,SC,Final,"290,865","2,719,598","414,399",10.7
2024,7,SD,Final,"48,933","451,528","78,607",10.84
2024,7,TN,Final,"414,343","3,456,284","542,157",11.99
2024,7,TX,Final,"1,360,512","15,344,113","1,560,793",8.87
2024,7,UT,Final,"135,228","1,317,432","146,198",10.26
2024,7,VA,Final,"649,520","7,491,540","446,198",8.67
2024,7,VT,Final,"34,885","189,412","64,798",18.42
2024,7,WA,Final,"282,959","2,920,553","406,343",9.69
2024,7,WI,Final,"288,192","2,173,567","368,827",13.26
2024,7,WV,Final,"79,736","714,079","151,976",11.17
2024,7,WY,Final,"42,148","443,297","59,165",9.51
2024,6,AK,Final,"44,246","202,219","56,992",21.88
2024,6,AL,Final,"287,747","2,094,497","388,335",13.74
2024,6,AR,Final,"110,521","1,098,398","206,453",10.06
2024,6,AZ,Final,"442,720","3,449,761","348,378",12.83
2024,6,CA,Final,"2,517,135","9,650,746","1,742,961",26.08
2024,6,CO,Final,"228,083","1,772,133","405,634",12.87
2024,6,CT,Final,"201,394","1,051,030","156,879",19.16
2024,6,DC,Final,"108,893","642,529","27,507",16.95
2024,6,DE,Final,"49,637","418,095","60,738",11.87
2024,6,FL,Final,"962,621","9,102,746","1,307,766",10.58
2024,6,GA,Final,"575,553","5,032,315","618,728",11.44
2024,6,HI,Final,"88,597","233,867","59,624",37.88
2024,6,IA,Final,"123,187","1,095,964","251,303",11.24
2024,6,ID,Final,"55,112","571,647","123,832",9.64
2024,6,IL,Final,"487,022","3,970,443","639,262",12.27
2024,6,IN,Final,"264,819","2,107,714","380,644",12.56
2024,6,KS,Final,"170,993","1,483,853","244,851",11.52
2024,6,KY,Final,"213,271","1,837,301","327,218",11.61
2024,6,LA,Final,"218,536","2,217,387","301,298",9.86
2024,6,MA,Final,"405,941","1,950,286","434,157",20.81
2024,6,MD,Final,"324,481","2,521,020","261,588",12.87
2024,6,ME,Final,"56,812","327,282","109,032",17.36
2024,6,MI,Final,"479,925","3,285,369","564,500",14.61
2024,6,MN,Final,"246,885","1,859,116","308,013",13.28
2024,6,MO,Final,"318,260","2,725,879","403,477",11.68
2024,6,MS,Final,"160,521","1,308,289","246,328",12.27
2024,6,MT,Final,"48,974","391,664","117,590",12.5
2024,6,NC,Final,"468,563","4,580,752","750,989",10.23
2024,6,ND,Final,"65,611","899,288","77,125",7.3
2024,6,NE,Final,"99,239","1,101,571","161,486",9.01
2024,6,NH,Final,"68,302","360,699","112,384",18.94
2024,6,NJ,Final,"508,574","3,308,237","538,154",15.37
2024,6,NM,Final,"95,538","861,523","147,463",11.09
2024,6,NV,Final,"145,142","1,341,662","177,236",10.82
2024,6,NY,Final,"1,191,121","6,134,879","1,160,605",19.42
2024,6,OH,Final,"467,898","4,474,491","627,368",10.46
2024,6,OK,Final,"223,441","2,337,394","298,244",9.56
2024,6,OR,Final,"201,853","1,978,050","247,523",10.2
2024,6,PA,Final,"336,068","3,126,269","741,783",10.75
2024,6,RI,Final,"64,546","331,945","63,387",19.44
2024,6,SC,Final,"256,349","2,406,552","420,771",10.65
2024,6,SD,Final,"46,103","416,649","78,166",11.07
2024,6,TN,Final,"387,832","3,224,451","542,294",12.03
2024,6,TX,Final,"1,255,212","14,278,922","1,551,549",8.79
2024,6,UT,Final,"116,929","1,312,714","145,772",8.91
2024,6,VA,Final,"647,659","7,184,683","445,446",9.01
2024,6,VT,Final,"31,493","166,663","64,243",18.9
2024,6,WA,Final,"252,840","2,613,139","402,693",9.68
2024,6,WI,Final,"260,140","2,018,101","369,092",12.89
2024,6,WV,Final,"76,820","664,158","151,850",11.57
2024,6,WY,Final,"39,266","424,712","59,063",9.25
2024,5,AK,Final,"43,832","207,186","57,025",21.16
2024,5,AL,Final,"258,888","1,979,114","390,381",13.08
2024,5,AR,Final,"95,137","941,039","206,230",10.11
2024,5,AZ,Final,"381,426","2,997,149","347,934",12.73
2024,5,CA,Final,"2,148,375","9,027,872","1,799,639",23.8
2024,5,CO,Final,"185,824","1,632,720","405,777",11.38
2024,5,CT,Final,"183,959","952,887","156,883",19.31
2024,5,DC,Final,"94,767","559,506","27,492",16.94
2024,5,DE,Final,"39,004","340,792","60,701",11.45
2024,5,FL,Final,"946,738","9,020,525","1,307,721",10.5
2024,5,GA,Final,"476,227","4,615,263","618,849",10.32
2024,5,HI,Final,"92,002","235,107","59,610",39.13
2024,5,IA,Final,"101,316","1,014,230","251,826",9.99
2024,5,ID,Final,"49,226","537,137","123,880",9.16
2024,5,IL,Final,"415,244","3,281,756","638,996",12.65
2024,5,IN,Final,"219,756","1,753,033","368,876",12.54
2024,5,KS,Final,"137,498","1,308,690","244,927",10.51
2024,5,KY,Final,"187,126","1,639,091","327,397",11.42
2024,5,LA,Final,"195,478","1,927,314","301,427",10.14
2024,5,MA,Final,"390,344","1,889,141","445,437",20.66
2024,5,MD,Final,"285,160","2,285,279","261,572",12.48
2024,5,ME,Final,"57,461","313,694","112,320",18.32
2024,5,MI,Final,"448,706","3,094,050","564,680",14.5
2024,5,MN,Final,"218,961","1,789,905","308,854",12.23
2024,5,MO,Final,"226,090","2,402,857","403,981",9.41
2024,5,MS,Final,"144,035","1,185,091","246,830",12.15
2024,5,MT,Final,"48,844","397,096","117,494",12.3
2024,5,NC,Final,"423,623","4,165,478","751,096",10.17
2024,5,ND,Final,"66,905","929,162","77,203",7.2
2024,5,NE,Final,"81,825","1,023,086","161,855",8
2024,5,NH,Final,"59,991","312,733","112,344",19.18
2024,5,NJ,Final,"424,239","2,878,015","539,811",14.74
2024,5,NM,Final,"80,807","787,857","148,413",10.26
2024,5,NV,Final,"119,605","1,180,261","176,389",10.13
2024,5,NY,Final,"925,807","5,220,469","1,163,452",17.73
2024,5,OH,Final,"453,363","4,341,380","627,652",10.44
2024,5,OK,Final,"168,009","2,087,390","298,355",8.05
2024,5,OR,Final,"199,783","1,962,883","247,797",10.18
2024,5,PA,Final,"334,651","3,004,296","739,019",11.14
2024,5,RI,Final,"59,761","304,999","62,861",19.59
2024,5,SC,Final,"227,320","2,281,930","407,282",9.96
2024,5,SD,Final,"40,082","389,772","78,395",10.28
2024,5,TN,Final,"331,272","2,897,079","542,924",11.43
2024,5,TX,Final,"1,155,560","13,744,044","1,555,757",8.41
2024,5,UT,Final,"99,938","1,129,795","145,653",8.85
2024,5,VA,Final,"554,807","6,106,145","445,520",9.09
2024,5,VT,Final,"29,365","156,429","64,003",18.77
2024,5,WA,Final,"259,170","2,682,292","408,716",9.66
2024,5,WI,Final,"237,646","1,866,790","369,334",12.73
2024,5,WV,Final,"77,318","653,989","151,943",11.82
2024,5,WY,Final,"39,132","429,895","58,966",9.1
2024,4,AK,Final,"45,986","212,593","56,833",21.63
2024,4,AL,Final,"230,700","1,673,089","389,995",13.79
2024,4,AR,Final,"85,671","837,327","206,923",10.23
2024,4,AZ,Final,"310,277","2,573,520","347,269",12.06
2024,4,CA,Final,"2,003,678","8,759,448","1,772,847",22.87
2024,4,CO,Final,"183,136","1,602,419","405,297",11.43
2024,4,CT,Final,"171,036","830,488","156,825",20.59
2024,4,DC,Final,"87,470","510,597","27,480",17.13
2024,4,DE,Final,"37,235","293,809","60,561",12.67
2024,4,FL,Final,"869,442","7,602,738","1,306,160",11.44
2024,4,GA,Final,"437,872","4,197,121","617,767",10.43
2024,4,HI,Final,"87,741","218,553","59,773",40.15
2024,4,IA,Final,"90,799","978,576","251,333",9.28
2024,4,ID,Final,"48,857","530,210","123,772",9.21
2024,4,IL,Final,"379,835","3,275,501","643,256",11.6
2024,4,IN,Final,"222,280","1,983,518","374,026",11.21
2024,4,KS,Final,"125,386","1,156,596","244,664",10.84
2024,4,KY,Final,"174,091","1,518,855","326,706",11.46
2024,4,LA,Final,"185,362","1,703,265","300,737",10.88
2024,4,MA,Final,"370,375","1,881,528","446,682",19.68
2024,4,MD,Final,"254,048","2,017,359","261,475",12.59
2024,4,ME,Final,"58,876","327,760","112,041",17.96
2024,4,MI,Final,"400,735","2,814,609","563,660",14.24
2024,4,MN,Final,"198,837","1,681,865","307,769",11.82
2024,4,MO,Final,"207,866","2,181,051","402,948",9.53
2024,4,MS,Final,"128,191","1,007,292","246,737",12.73
2024,4,MT,Final,"46,831","397,971","117,884",11.77
2024,4,NC,Final,"390,026","3,699,820","750,370",10.54
2024,4,ND,Final,"62,282","875,637","77,077",7.11
2024,4,NE,Final,"74,199","948,658","161,152",7.82
2024,4,NH,Final,"58,028","304,306","111,947",19.07
2024,4,NJ,Final,"387,506","2,743,891","541,046",14.12
2024,4,NM,Final,"69,884","698,850","148,700",10
2024,4,NV,Final,"108,816","1,059,645","176,010",10.27
2024,4,NY,Final,"926,127","5,327,747","1,161,074",17.38
2024,4,OH,Final,"412,836","3,860,417","627,115",10.69
2024,4,OK,Final,"146,630","1,805,089","297,843",8.12
2024,4,OR,Final,"195,762","1,926,739","247,202",10.16
2024,4,PA,Final,"314,560","2,794,869","739,623",11.25
2024,4,RI,Final,"53,402","283,392","63,454",18.84
2024,4,SC,Final,"205,253","2,010,678","412,441",10.21
2024,4,SD,Final,"40,435","397,742","77,940",10.17
2024,4,TN,Final,"316,295","2,640,619","540,812",11.98
2024,4,TX,Final,"1,011,871","12,161,093","1,555,010",8.32
2024,4,UT,Final,"90,621","1,034,717","145,355",8.76
2024,4,VA,Final,"540,731","6,057,841","445,138",8.93
2024,4,VT,Final,"27,469","147,151","63,894",18.67
2024,4,WA,Final,"259,738","2,696,409","405,924",9.63
2024,4,WI,Final,"217,610","1,755,252","368,189",12.4
2024,4,WV,Final,"65,670","542,343","151,923",12.11
2024,4,WY,Final,"38,646","431,929","58,827",8.95
2024,3,AK,Final,"48,699","214,194","56,743",22.74
2024,3,AL,Final,"227,408","1,631,880","387,335",13.94
2024,3,AR,Final,"90,376","844,371","206,314",10.7
2024,3,AZ,Final,"285,869","2,449,723","347,625",11.67
2024,3,CA,Final,"2,077,588","8,741,596","1,774,289",23.77
2024,3,CO,Final,"185,559","1,723,017","404,418",10.77
2024,3,CT,Final,"179,857","892,286","156,911",20.16
2024,3,DC,Final,"101,698","597,085","27,491",17.03
2024,3,DE,Final,"41,762","352,860","60,397",11.84
2024,3,FL,Final,"855,420","7,438,668","1,303,618",11.5
2024,3,GA,Final,"418,019","4,065,204","616,255",10.28
2024,3,HI,Final,"90,002","223,951","59,832",40.19
2024,3,IA,Final,"94,504","1,012,422","251,363",9.33
2024,3,ID,Final,"50,639","555,686","123,331",9.11
2024,3,IL,Final,"401,613","3,702,589","642,077",10.85
2024,3,IN,Final,"234,527","1,831,516","374,068",12.81
2024,3,KS,Final,"127,094","1,163,173","244,183",10.93
2024,3,KY,Final,"179,671","1,537,143","326,832",11.69
2024,3,LA,Final,"192,368","1,669,113","299,960",11.53
2024,3,MA,Final,"411,265","1,996,602","464,887",20.6
2024,3,MD,Final,"270,490","2,132,560","261,417",12.68
2024,3,ME,Final,"63,011","337,292","111,293",18.68
2024,3,MI,Final,"407,379","2,934,556","562,500",13.88
2024,3,MN,Final,"215,613","1,828,901","307,529",11.79
2024,3,MO,Final,"214,824","2,212,367","403,946",9.71
2024,3,MS,Final,"125,521","993,074","246,037",12.64
2024,3,MT,Final,"49,048","422,580","117,663",11.61
2024,3,NC,Final,"394,546","3,709,209","749,107",10.64
2024,3,ND,Final,"67,898","933,259","76,945",7.28
2024,3,NE,Final,"80,695","978,421","160,500",8.25
2024,3,NH,Final,"61,220","321,328","111,948",19.05
2024,3,NJ,Final,"429,305","3,089,365","540,073",13.9
2024,3,NM,Final,"73,853","739,350","148,443",9.99
2024,3,NV,Final,"110,513","1,030,919","175,793",10.72
2024,3,NY,Final,"982,939","5,686,367","1,160,465",17.29
2024,3,OH,Final,"433,520","3,870,376","626,152",11.2
2024,3,OK,Final,"138,096","1,798,502","297,073",7.68
2024,3,OR,Final,"205,043","1,999,258","247,006",10.26
2024,3,PA,Final,"332,284","2,949,638","738,578",11.27
2024,3,RI,Final,"56,308","302,839","64,076",18.59
2024,3,SC,Final,"204,488","1,956,937","408,904",10.45
2024,3,SD,Final,"42,357","410,287","77,906",10.32
2024,3,TN,Final,"326,343","2,615,483","540,527",12.48
2024,3,TX,Final,"1,033,331","12,414,299","1,548,363",8.32
2024,3,UT,Final,"92,413","1,060,442","145,128",8.71
2024,3,VA,Final,"530,663","6,082,920","444,335",8.72
2024,3,VT,Final,"30,148","160,124","63,851",18.83
2024,3,WA,Final,"272,912","2,800,132","404,233",9.75
2024,3,WI,Final,"236,554","1,875,539","368,426",12.61
2024,3,WV,Final,"72,493","635,995","151,774",11.4
2024,3,WY,Final,"39,901","456,918","58,748",8.73
2024,2,AK,Final,"48,740","229,818","56,705",21.21
2024,2,AL,Final,"223,868","1,640,261","388,350",13.65
2024,2,AR,Final,"92,250","873,787","206,489",10.56
2024,2,AZ,Final,"279,497","2,448,288","347,253",11.42
2024,2,CA,Final,"1,997,653","8,423,123","1,744,069",23.72
2024,2,CO,Final,"179,891","1,641,005","403,374",10.96
2024,2,CT,Final,"189,770","917,328","156,746",20.69
2024,2,DC,Final,"93,477","528,832","27,447",17.68
2024,2,DE,Final,"37,597","312,583","60,256",12.03
2024,2,FL,Final,"822,841","6,750,212","1,302,745",12.19
2024,2,GA,Final,"409,082","3,999,088","615,799",10.23
2024,2,HI,Final,"84,433","210,241","59,825",40.16
2024,2,IA,Final,"91,577","988,758","251,107",9.26
2024,2,ID,Final,"51,293","564,155","123,286",9.09
2024,2,IL,Final,"393,872","3,463,700","636,411",11.37
2024,2,IN,Final,"219,230","1,758,961","373,028",12.46
2024,2,KS,Final,"124,695","1,152,569","244,180",10.82
2024,2,KY,Final,"181,459","1,534,356","325,411",11.83
2024,2,LA,Final,"183,837","1,701,301","300,289",10.81
2024,2,MA,Final,"428,269","2,012,839","461,039",21.28
2024,2,MD,Final,"270,485","2,119,918","261,191",12.76
2024,2,ME,Final,"69,631","362,848","108,022",19.19
2024,2,MI,Final,"389,064","2,817,948","561,767",13.81
2024,2,MN,Final,"207,241","1,776,954","307,020",11.66
2024,2,MO,Final,"205,306","2,215,598","401,745",9.27
2024,2,MS,Final,"131,327","1,028,423","246,463",12.77
2024,2,MT,Final,"51,591","451,997","117,525",11.41
2024,2,NC,Final,"407,271","3,623,601","749,136",11.24
2024,2,ND,Final,"66,789","884,686","76,870",7.55
2024,2,NE,Final,"82,985","943,185","160,119",8.8
2024,2,NH,Final,"68,107","337,203","111,812",20.2
2024,2,NJ,Final,"381,524","2,806,544","543,143",13.59
2024,2,NM,Final,"70,960","702,557","148,412",10.1
2024,2,NV,Final,"107,383","987,959","174,677",10.87
2024,2,NY,Final,"1,030,749","5,659,625","1,161,161",18.21
2024,2,OH,Final,"424,390","3,809,966","625,369",11.14
2024,2,OK,Final,"137,798","1,685,138","296,836",8.18
2024,2,OR,Final,"199,703","1,965,535","246,456",10.16
2024,2,PA,Final,"317,142","2,930,652","737,820",10.82
2024,2,RI,Final,"57,135","283,366","62,514",20.16
2024,2,SC,Final,"196,097","1,860,928","411,341",10.54
2024,2,SD,Final,"43,215","420,415","77,718",10.28
2024,2,TN,Final,"325,391","2,766,956","535,802",11.76
2024,2,TX,Final,"1,010,093","12,252,925","1,541,337",8.24
2024,2,UT,Final,"91,834","1,066,471","144,668",8.61
2024,2,VA,Final,"538,550","6,205,478","444,762",8.68
2024,2,VT,Final,"28,925","158,418","63,614",18.26
2024,2,WA,Final,"277,301","2,827,963","401,706",9.81
2024,2,WI,Final,"230,004","1,812,968","369,077",12.69
2024,2,WV,Final,"67,816","599,228","151,703",11.32
2024,2,WY,Final,"39,178","450,011","58,553",8.71
2024,1,AK,Final,"51,344","240,157","56,832",21.38
2024,1,AL,Final,"257,368","1,877,810","388,276",13.71
2024,1,AR,Final,"96,859","941,919","206,200",10.28
2024,1,AZ,Final,"285,197","2,509,026","346,445",11.37
2024,1,CA,Final,"2,160,594","9,352,852","1,800,990",23.1
2024,1,CO,Final,"194,992","1,796,516","402,194",10.85
2024,1,CT,Final,"198,217","974,364","156,668",20.34
2024,1,DC,Final,"105,510","612,173","27,462",17.24
2024,1,DE,Final,"40,332","338,792","60,200",11.9
2024,1,FL,Final,"855,814","7,231,456","1,301,674",11.83
2024,1,GA,Final,"493,905","4,453,854","615,427",11.09
2024,1,HI,Final,"89,900","216,707","59,705",41.48
2024,1,IA,Final,"108,996","1,143,495","251,437",9.53
2024,1,ID,Final,"53,911","627,375","123,247",8.59
2024,1,IL,Final,"454,545","4,077,587","633,762",11.15
2024,1,IN,Final,"246,853","1,990,887","373,701",12.4
2024,1,KS,Final,"133,804","1,301,518","244,155",10.28
2024,1,KY,Final,"198,997","1,751,292","325,989",11.36
2024,1,LA,Final,"192,242","1,804,308","299,947",10.65
2024,1,MA,Final,"450,540","2,124,633","448,396",21.21
2024,1,MD,Final,"313,489","2,401,600","261,312",13.05
2024,1,ME,Final,"66,999","347,361","111,901",19.29
2024,1,MI,Final,"439,781","3,192,386","561,794",13.78
2024,1,MN,Final,"224,278","1,957,460","307,783",11.46
2024,1,MO,Final,"229,216","2,616,137","403,168",8.76
2024,1,MS,Final,"135,111","1,072,850","246,122",12.59
2024,1,MT,Final,"52,156","451,346","117,551",11.56
2024,1,NC,Final,"418,830","4,133,150","748,848",10.13
2024,1,ND,Final,"75,974","991,237","76,936",7.66
2024,1,NE,Final,"90,583","1,096,675","160,606",8.26
2024,1,NH,Final,"71,137","351,689","111,683",20.23
2024,1,NJ,Final,"407,318","3,108,145","544,457",13.1
2024,1,NM,Final,"73,507","735,340","147,363",10
2024,1,NV,Final,"119,337","1,084,747","176,217",11
2024,1,NY,Final,"1,040,450","5,833,011","1,172,237",17.84
2024,1,OH,Final,"440,118","4,192,156","626,488",10.5
2024,1,OK,Final,"178,868","1,944,649","296,792",9.2
2024,1,OR,Final,"213,968","2,163,548","245,922",9.89
2024,1,PA,Final,"365,504","3,353,026","737,782",10.9
2024,1,RI,Final,"63,732","308,492","62,801",20.66
2024,1,SC,Final,"229,260","2,147,026","409,822",10.68
2024,1,SD,Final,"45,325","450,836","77,816",10.05
2024,1,TN,Final,"343,425","2,891,994","539,571",11.88
2024,1,TX,Final,"1,114,486","12,999,508","1,595,764",8.57
2024,1,UT,Final,"98,119","1,150,294","143,888",8.53
2024,1,VA,Final,"565,011","6,150,858","445,152",9.19
2024,1,VT,Final,"30,871","168,288","63,735",18.34
2024,1,WA,Final,"303,726","2,429,821","405,037",12.5
2024,1,WI,Final,"247,946","1,991,057","369,942",12.45
2024,1,WV,Final,"72,249","673,894","151,690",10.72
2024,1,WY,Final,"44,306","478,704","58,706",9.26
2023,12,AK,Final,"50,356","237,961","56,920",21.16
2023,12,AL,Final,"221,744","1,671,199","382,859",13.27
2023,12,AR,Final,"87,221","863,963","205,809",10.1
2023,12,AZ,Final,"278,206","2,400,822","345,806",11.59
2023,12,CA,Final,"1,999,614","8,823,957","1,769,051",22.66
2023,12,CO,Final,"191,177","1,745,294","398,964",10.95
2023,12,CT,Final,"181,178","922,655","156,826",19.64
2023,12,DC,Final,"96,425","547,838","27,456",17.6
2023,12,DE,Final,"40,927","330,440","60,075",12.39
2023,12,FL,Final,"866,162","7,198,935","1,294,689",12.03
2023,12,GA,Final,"428,340","4,015,744","611,097",10.67
2023,12,HI,Final,"88,210","226,202","59,890",39
2023,12,IA,Final,"98,276","1,069,050","251,524",9.19
2023,12,ID,Final,"53,053","597,370","122,544",8.88
2023,12,IL,Final,"397,614","3,710,773","627,024",10.72
2023,12,IN,Final,"223,249","1,782,170","373,033",12.53
2023,12,KS,Final,"121,757","1,185,523","245,795",10.27
2023,12,KY,Final,"172,718","1,498,355","325,141",11.53
2023,12,LA,Final,"182,778","1,700,614","299,081",10.75
2023,12,MA,Final,"378,513","1,917,877","454,710",19.74
2023,12,MD,Final,"279,876","2,180,035","261,535",12.84
2023,12,ME,Final,"59,481","312,386","109,856",19.04
2023,12,MI,Final,"391,090","2,955,846","561,050",13.23
2023,12,MN,Final,"211,280","1,854,825","307,932",11.39
2023,12,MO,Final,"211,522","2,308,186","387,346",9.16
2023,12,MS,Final,"127,649","1,026,544","245,929",12.43
2023,12,MT,Final,"53,910","447,376","117,216",12.05
2023,12,NC,Final,"389,071","3,730,883","747,273",10.43
2023,12,ND,Final,"70,934","1,047,458","76,909",6.77
2023,12,NE,Final,"77,855","914,942","160,717",8.51
2023,12,NH,Final,"64,715","330,831","111,540",19.56
2023,12,NJ,Final,"395,199","2,911,930","543,206",13.57
2023,12,NM,Final,"73,091","723,093","148,039",10.11
2023,12,NV,Final,"103,511","942,357","175,426",10.98
2023,12,NY,Final,"978,462","5,868,061","1,180,027",16.67
2023,12,OH,Final,"406,771","3,851,263","625,284",10.56
2023,12,OK,Final,"152,340","1,797,563","305,598",8.47
2023,12,OR,Final,"191,875","1,980,699","244,993",9.69
2023,12,PA,Final,"333,314","3,001,827","736,983",11.1
2023,12,RI,Final,"55,725","276,366","57,604",20.16
2023,12,SC,Final,"214,438","2,214,512","409,128",9.68
2023,12,SD,Final,"41,490","415,424","77,351",9.99
2023,12,TN,Final,"316,220","2,707,589","535,901",11.68
2023,12,TX,Final,"1,039,032","12,204,795","1,583,890",8.51
2023,12,UT,Final,"88,652","1,120,969","143,817",7.91
2023,12,VA,Final,"533,223","6,165,301","444,432",8.65
2023,12,VT,Final,"29,472","158,701","62,818",18.57
2023,12,WA,Final,"264,565","2,660,718","402,375",9.94
2023,12,WI,Final,"234,568","1,880,493","367,414",12.47
2023,12,WV,Final,"65,676","600,831","151,560",10.93
2023,12,WY,Final,"40,286","473,284","58,625",8.51
2023,11,AK,Final,"44,816","216,437","56,862",20.71
2023,11,AL,Final,"224,442","1,658,415","384,735",13.53
2023,11,AR,Final,"89,708","875,957","206,519",10.24
2023,11,AZ,Final,"279,297","2,406,404","344,969",11.61
2023,11,CA,Final,"2,019,953","8,736,545","1,739,174",23.12
2023,11,CO,Final,"177,394","1,540,899","399,077",11.51
2023,11,CT,Final,"172,461","890,471","156,891",19.37
2023,11,DC,Final,"91,611","557,436","27,455",16.43
2023,11,DE,Final,"36,398","296,927","60,094",12.26
2023,11,FL,Final,"888,925","7,429,677","1,295,065",11.96
2023,11,GA,Final,"422,871","3,920,860","611,546",10.79
2023,11,HI,Final,"96,405","239,214","59,911",40.3
2023,11,IA,Final,"96,277","997,129","251,194",9.66
2023,11,ID,Final,"49,611","553,758","122,311",8.96
2023,11,IL,Final,"391,401","3,553,403","626,519",11.01
2023,11,IN,Final,"219,853","1,808,669","372,312",12.16
2023,11,KS,Final,"124,607","1,203,721","246,231",10.35
2023,11,KY,Final,"162,423","1,518,254","325,169",10.7
2023,11,LA,Final,"187,171","1,766,202","301,021",10.6
2023,11,MA,Final,"368,091","1,908,140","453,497",19.29
2023,11,MD,Final,"262,171","2,110,366","261,159",12.42
2023,11,ME,Final,"59,842","330,083","109,871",18.13
2023,11,MI,Final,"381,046","2,797,709","560,951",13.62
2023,11,MN,Final,"206,951","1,749,115","307,767",11.83
2023,11,MO,Final,"210,478","2,264,527","389,623",9.29
2023,11,MS,Final,"130,383","1,076,209","246,634",12.12
2023,11,MT,Final,"47,908","393,104","116,634",12.19
2023,11,NC,Final,"380,992","3,997,715","747,899",9.53
2023,11,ND,Final,"70,766","997,149","76,872",7.1
2023,11,NE,Final,"75,286","873,349","160,515",8.62
2023,11,NH,Final,"62,856","324,381","111,291",19.38
2023,11,NJ,Final,"373,797","2,740,001","538,171",13.64
2023,11,NM,Final,"76,087","697,686","148,008",10.91
2023,11,NV,Final,"104,779","926,600","174,699",11.31
2023,11,NY,Final,"1,077,721","5,876,937","1,168,146",18.34
2023,11,OH,Final,"407,124","3,661,985","626,026",11.12
2023,11,OK,Final,"159,154","1,778,419","305,583",8.95
2023,11,OR,Final,"188,723","1,869,227","245,002",10.1
2023,11,PA,Final,"318,544","2,821,524","737,020",11.29
2023,11,RI,Final,"54,273","281,603","60,662",19.27
2023,11,SC,Final,"183,991","1,725,361","412,506",10.66
2023,11,SD,Final,"39,987","394,715","77,584",10.13
2023,11,TN,Final,"318,732","2,707,091","535,843",11.77
2023,11,TX,Final,"1,085,548","12,781,964","1,600,469",8.49
2023,11,UT,Final,"88,058","1,049,965","143,543",8.39
2023,11,VA,Final,"528,855","6,030,590","444,225",8.77
2023,11,VT,Final,"27,712","150,052","62,902",18.47
2023,11,WA,Final,"246,091","2,440,260","402,048",10.08
2023,11,WI,Final,"228,045","1,812,404","367,260",12.58
2023,11,WV,Final,"66,787","573,301","151,438",11.65
2023,11,WY,Final,"39,324","444,573","58,782",8.85
2023,10,AK,Final,"44,193","211,754","56,963",20.87
2023,10,AL,Final,"236,338","1,798,274","386,475",13.14
2023,10,AR,Final,"104,414","986,328","206,949",10.59
2023,10,AZ,Final,"331,688","2,815,634","345,198",11.78
2023,10,CA,Final,"2,575,619","10,407,521","1,771,044",24.75
2023,10,CO,Final,"194,023","1,689,668","399,191",11.48
2023,10,CT,Final,"188,194","945,465","156,866",19.9
2023,10,DC,Final,"100,049","560,913","27,445",17.84
2023,10,DE,Final,"40,842","343,818","60,064",11.88
2023,10,FL,Final,"993,698","8,323,850","1,295,206",11.94
2023,10,GA,Final,"447,150","4,195,709","612,041",10.66
2023,10,HI,Final,"96,865","248,425","59,904",38.99
2023,10,IA,Final,"100,991","1,041,749","251,198",9.69
2023,10,ID,Final,"50,127","546,441","122,322",9.17
2023,10,IL,Final,"403,869","3,633,472","626,054",11.12
2023,10,IN,Final,"233,434","1,931,608","372,693",12.09
2023,10,KS,Final,"131,861","1,232,816","245,549",10.7
2023,10,KY,Final,"178,712","1,584,154","324,455",11.28
2023,10,LA,Final,"215,589","2,053,802","301,361",10.5
2023,10,MA,Final,"378,481","1,987,440","451,884",19.04
2023,10,MD,Final,"269,735","2,158,021","261,056",12.5
2023,10,ME,Final,"59,086","333,132","112,133",17.74
2023,10,MI,Final,"403,170","2,992,414","561,705",13.47
2023,10,MN,Final,"225,384","1,823,779","307,794",12.36
2023,10,MO,Final,"213,801","2,286,545","399,984",9.35
2023,10,MS,Final,"148,660","1,229,149","247,266",12.09
2023,10,MT,Final,"50,319","408,517","116,528",12.32
2023,10,NC,Final,"402,555","3,872,943","747,323",10.39
2023,10,ND,Final,"69,986","926,743","76,880",7.55
2023,10,NE,Final,"78,474","915,525","160,865",8.57
2023,10,NH,Final,"61,367","322,016","111,811",19.06
2023,10,NJ,Final,"404,028","2,963,283","537,730",13.63
2023,10,NM,Final,"82,281","765,041","147,932",10.76
2023,10,NV,Final,"105,978","1,004,975","174,856",10.55
2023,10,NY,Final,"1,072,088","5,689,895","1,182,612",18.84
2023,10,OH,Final,"436,798","3,948,524","625,766",11.06
2023,10,OK,Final,"177,684","1,879,977","305,799",9.45
2023,10,OR,Final,"188,058","1,897,983","244,537",9.91
2023,10,PA,Final,"318,131","2,844,169","737,125",11.19
2023,10,RI,Final,"58,124","293,995","61,121",19.77
2023,10,SC,Final,"219,041","2,178,087","408,141",10.06
2023,10,SD,Final,"42,065","404,136","77,490",10.41
2023,10,TN,Final,"341,514","2,952,129","534,639",11.57
2023,10,TX,Final,"1,293,988","14,664,084","1,605,661",8.82
2023,10,UT,Final,"95,574","1,094,720","143,343",8.73
2023,10,VA,Final,"552,175","6,254,862","441,148",8.83
2023,10,VT,Final,"28,834","152,729","62,687",18.88
2023,10,WA,Final,"252,563","2,480,115","402,954",10.18
2023,10,WI,Final,"240,180","1,879,501","365,892",12.78
2023,10,WV,Final,"69,988","609,691","151,417",11.48
2023,10,WY,Final,"39,289","442,331","58,593",8.88
2023,9,AK,Final,"43,204","204,109","56,950",21.17
2023,9,AL,Final,"272,448","2,103,337","384,284",12.95
2023,9,AR,Final,"119,974","1,159,648","205,516",10.35
2023,9,AZ,Final,"366,431","3,021,133","345,441",12.13
2023,9,CA,Final,"2,805,108","10,285,397","1,740,725",27.27
2023,9,CO,Final,"224,535","1,785,884","398,304",12.57
2023,9,CT,Final,"195,633","978,985","152,995",19.98
2023,9,DC,Final,"109,732","652,974","27,417",16.81
2023,9,DE,Final,"42,508","368,173","60,092",11.55
2023,9,FL,Final,"1,080,145","9,081,227","1,293,569",11.89
2023,9,GA,Final,"500,498","4,753,607","610,758",10.53
2023,9,HI,Final,"90,321","244,850","59,980",36.89
2023,9,IA,Final,"116,020","1,031,794","251,032",11.24
2023,9,ID,Final,"49,475","550,052","122,038",8.99
2023,9,IL,Final,"441,104","3,904,641","626,040",11.3
2023,9,IN,Final,"243,047","2,066,806","372,829",11.76
2023,9,KS,Final,"156,804","1,446,452","245,403",10.84
2023,9,KY,Final,"197,565","1,712,343","324,718",11.54
2023,9,LA,Final,"235,415","2,404,436","300,882",9.79
2023,9,MA,Final,"411,185","2,197,842","447,139",18.71
2023,9,MD,Final,"304,437","2,452,553","261,053",12.41
2023,9,ME,Final,"60,208","355,498","108,236",16.94
2023,9,MI,Final,"408,674","3,089,437","560,593",13.23
2023,9,MN,Final,"246,404","1,899,966","307,470",12.97
2023,9,MO,Final,"302,795","2,603,467","403,229",11.63
2023,9,MS,Final,"174,763","1,465,950","246,119",11.92
2023,9,MT,Final,"50,004","409,346","116,365",12.22
2023,9,NC,Final,"442,571","4,361,272","746,526",10.15
2023,9,ND,Final,"67,485","867,737","76,833",7.78
2023,9,NE,Final,"89,968","966,687","161,067",9.31
2023,9,NH,Final,"64,604","349,476","111,237",18.49
2023,9,NJ,Final,"455,541","3,160,681","539,479",14.41
2023,9,NM,Final,"97,195","854,875","147,676",11.37
2023,9,NV,Final,"140,271","1,075,455","174,314",13.04
2023,9,NY,Final,"1,303,787","6,464,233","1,192,737",20.17
2023,9,OH,Final,"424,457","3,894,484","626,156",10.9
2023,9,OK,Final,"216,176","2,132,577","305,335",10.14
2023,9,OR,Final,"188,725","1,860,854","244,358",10.14
2023,9,PA,Final,"338,325","3,041,807","735,729",11.12
2023,9,RI,Final,"63,749","334,235","60,596",19.07
2023,9,SC,Final,"236,315","2,247,403","409,364",10.52
2023,9,SD,Final,"44,400","425,456","77,213",10.44
2023,9,TN,Final,"403,540","3,476,133","535,104",11.61
2023,9,TX,Final,"1,458,189","15,799,913","1,594,803",9.23
2023,9,UT,Final,"105,947","1,149,116","143,060",9.22
2023,9,VA,Final,"522,093","6,296,595","441,264",8.29
2023,9,VT,Final,"29,574","161,542","62,806",18.31
2023,9,WA,Final,"239,292","2,423,992","402,809",9.87
2023,9,WI,Final,"257,730","1,962,175","367,224",13.13
2023,9,WV,Final,"61,849","579,289","151,113",10.68
2023,9,WY,Final,"37,350","429,896","58,701",8.69
2023,8,AK,Final,"45,469","218,051","56,936",20.85
2023,8,AL,Final,"304,369","2,344,189","386,115",12.98
2023,8,AR,Final,"130,507","1,268,332","207,088",10.29
2023,8,AZ,Final,"436,728","3,554,868","344,479",12.29
2023,8,CA,Final,"3,065,338","10,940,536","1,821,307",28.02
2023,8,CO,Final,"251,254","2,021,312","399,267",12.43
2023,8,CT,Final,"207,664","1,000,049","156,486",20.77
2023,8,DC,Final,"117,614","682,143","27,412",17.24
2023,8,DE,Final,"48,716","410,276","60,023",11.87
2023,8,FL,Final,"1,130,767","9,803,634","1,294,682",11.53
2023,8,GA,Final,"580,204","5,272,461","611,752",11
2023,8,HI,Final,"89,763","251,304","60,076",35.72
2023,8,IA,Final,"141,484","1,183,530","250,862",11.95
2023,8,ID,Final,"57,713","631,784","122,091",9.13
2023,8,IL,Final,"482,350","4,378,880","625,521",11.02
2023,8,IN,Final,"271,709","2,216,968","372,042",12.26
2023,8,KS,Final,"177,910","1,640,010","245,745",10.85
2023,8,KY,Final,"214,336","1,939,344","323,677",11.05
2023,8,LA,Final,"239,759","2,510,197","302,128",9.55
2023,8,MA,Final,"427,259","2,305,595","449,798",18.53
2023,8,MD,Final,"330,493","2,654,131","260,847",12.45
2023,8,ME,Final,"60,328","341,214","109,263",17.68
2023,8,MI,Final,"468,109","3,446,985","560,440",13.58
2023,8,MN,Final,"283,185","2,134,938","307,575",13.26
2023,8,MO,Final,"333,466","2,854,651","401,850",11.68
2023,8,MS,Final,"184,911","1,564,190","246,830",11.82
2023,8,MT,Final,"54,204","445,324","116,242",12.17
2023,8,NC,Final,"460,634","4,827,694","747,254",9.54
2023,8,ND,Final,"72,883","927,967","76,804",7.85
2023,8,NE,Final,"99,507","1,077,569","161,230",9.23
2023,8,NH,Final,"69,168","368,611","111,618",18.76
2023,8,NJ,Final,"515,756","3,536,221","538,860",14.58
2023,8,NM,Final,"105,654","957,613","148,035",11.03
2023,8,NV,Final,"159,697","1,257,262","174,097",12.7
2023,8,NY,Final,"1,301,766","6,700,572","1,192,207",19.43
2023,8,OH,Final,"459,885","4,254,142","625,584",10.81
2023,8,OK,Final,"254,035","2,394,264","305,818",10.61
2023,8,OR,Final,"208,677","2,105,396","244,434",9.91
2023,8,PA,Final,"368,423","3,373,263","735,803",10.92
2023,8,RI,Final,"62,803","337,005","59,960",18.64
2023,8,SC,Final,"269,235","2,581,978","411,767",10.43
2023,8,SD,Final,"49,677","471,420","77,553",10.54
2023,8,TN,Final,"418,026","3,543,176","531,763",11.8
2023,8,TX,Final,"1,652,239","16,965,023","1,603,837",9.74
2023,8,UT,Final,"113,760","1,252,344","143,053",9.08
2023,8,VA,Final,"629,778","7,282,863","441,745",8.65
2023,8,VT,Final,"30,360","174,748","62,691",17.37
2023,8,WA,Final,"261,694","2,665,125","402,846",9.82
2023,8,WI,Final,"291,133","2,199,755","365,143",13.23
2023,8,WV,Final,"70,189","671,737","151,107",10.45
2023,8,WY,Final,"41,619","448,929","58,761",9.27
2023,7,AK,Final,"43,200","207,818","56,891",20.79
2023,7,AL,Final,"293,964","2,229,030","384,111",13.19
2023,7,AR,Final,"122,425","1,166,049","205,771",10.5
2023,7,AZ,Final,"462,144","3,621,218","344,114",12.76
2023,7,CA,Final,"2,838,738","10,697,344","1,743,283",26.54
2023,7,CO,Final,"236,507","1,931,921","398,608",12.24
2023,7,CT,Final,"222,031","1,220,185","156,497",18.2
2023,7,DC,Final,"119,728","697,279","27,396",17.17
2023,7,DE,Final,"47,277","417,192","59,916",11.33
2023,7,FL,Final,"1,097,743","9,495,531","1,293,394",11.56
2023,7,GA,Final,"566,311","5,154,220","610,636",10.99
2023,7,HI,Final,"87,596","246,974","60,235",35.47
2023,7,IA,Final,"133,039","1,115,550","250,853",11.93
2023,7,ID,Final,"58,992","636,392","121,762",9.27
2023,7,IL,Final,"482,526","4,290,679","626,596",11.25
2023,7,IN,Final,"257,926","2,167,901","371,740",11.9
2023,7,KS,Final,"171,157","1,541,962","245,769",11.1
2023,7,KY,Final,"210,200","1,892,014","323,034",11.11
2023,7,LA,Final,"231,418","2,367,593","301,757",9.77
2023,7,MA,Final,"444,344","2,374,133","449,557",18.72
2023,7,MD,Final,"323,958","2,655,232","260,750",12.2
2023,7,ME,Final,"60,101","338,917","106,702",17.73
2023,7,MI,Final,"468,526","3,505,201","560,348",13.37
2023,7,MN,Final,"266,588","2,031,891","307,387",13.12
2023,7,MO,Final,"334,070","2,842,164","401,287",11.75
2023,7,MS,Final,"171,117","1,419,328","246,039",12.06
2023,7,MT,Final,"52,021","423,329","116,109",12.29
2023,7,NC,Final,"473,360","4,873,121","746,528",9.71
2023,7,ND,Final,"67,702","919,074","76,734",7.37
2023,7,NE,Final,"97,955","1,051,867","161,036",9.31
2023,7,NH,Final,"77,861","394,141","111,765",19.75
2023,7,NJ,Final,"529,842","3,559,422","538,750",14.89
2023,7,NM,Final,"113,385","962,470","147,755",11.78
2023,7,NV,Final,"161,554","1,283,252","174,090",12.59
2023,7,NY,Final,"1,343,044","6,820,401","1,182,206",19.69
2023,7,OH,Final,"484,012","4,577,480","625,424",10.57
2023,7,OK,Final,"235,984","2,366,359","305,182",9.97
2023,7,OR,Final,"202,751","2,045,763","244,239",9.91
2023,7,PA,Final,"376,229","3,393,855","737,968",11.09
2023,7,RI,Final,"61,398","369,792","60,579",16.6
2023,7,SC,Final,"269,849","2,560,016","411,387",10.54
2023,7,SD,Final,"46,597","439,678","77,467",10.6
2023,7,TN,Final,"402,015","3,355,628","530,326",11.98
2023,7,TX,Final,"1,438,603","16,253,171","1,596,406",8.85
2023,7,UT,Final,"113,513","1,353,118","142,702",8.39
2023,7,VA,Final,"633,507","7,168,250","443,711",8.84
2023,7,VT,Final,"31,907","179,414","62,521",17.78
2023,7,WA,Final,"244,498","2,517,746","403,951",9.71
2023,7,WI,Final,"280,019","2,153,254","366,634",13
2023,7,WV,Final,"73,440","678,782","151,040",10.82
2023,7,WY,Final,"40,519","431,109","58,770",9.4
2023,6,AK,Final,"43,504","202,013","56,801",21.54
2023,6,AL,Final,"266,962","2,002,653","385,613",13.33
2023,6,AR,Final,"106,628","1,042,025","205,240",10.23
2023,6,AZ,Final,"353,734","2,882,504","343,490",12.27
2023,6,CA,Final,"2,303,377","9,544,089","1,794,669",24.13
2023,6,CO,Final,"208,162","1,651,655","397,343",12.6
2023,6,CT,Final,"183,065","945,029","156,485",19.37
2023,6,DC,Final,"101,587","591,758","27,356",17.17
2023,6,DE,Final,"47,742","418,941","59,826",11.4
2023,6,FL,Final,"1,026,892","8,668,938","1,293,881",11.85
2023,6,GA,Final,"475,779","4,485,140","610,659",10.61
2023,6,HI,Final,"86,473","230,568","60,259",37.5
2023,6,IA,Final,"131,223","1,074,950","250,269",12.21
2023,6,ID,Final,"51,167","545,780","121,238",9.38
2023,6,IL,Final,"428,642","3,843,337","625,877",11.15
2023,6,IN,Final,"231,947","1,937,707","371,213",11.97
2023,6,KS,Final,"153,697","1,415,821","245,777",10.86
2023,6,KY,Final,"191,725","1,683,542","322,182",11.39
2023,6,LA,Final,"209,357","2,131,770","302,005",9.82
2023,6,MA,Final,"388,278","2,006,083","448,284",19.36
2023,6,MD,Final,"281,933","2,255,445","260,568",12.5
2023,6,ME,Final,"58,179","315,485","109,307",18.44
2023,6,MI,Final,"436,692","3,188,961","559,546",13.69
2023,6,MN,Final,"268,668","2,007,745","306,917",13.38
2023,6,MO,Final,"293,680","2,603,628","400,978",11.28
2023,6,MS,Final,"154,888","1,261,996","245,961",12.27
2023,6,MT,Final,"48,570","396,750","115,959",12.24
2023,6,NC,Final,"380,639","4,177,352","745,874",9.11
2023,6,ND,Final,"67,107","897,712","76,638",7.48
2023,6,NE,Final,"90,441","983,095","160,456",9.2
2023,6,NH,Final,"66,376","333,464","111,118",19.91
2023,6,NJ,Final,"443,800","2,984,469","538,935",14.87
2023,6,NM,Final,"85,394","798,628","147,531",10.69
2023,6,NV,Final,"140,235","1,127,139","173,833",12.44
2023,6,NY,Final,"1,061,735","5,770,240","1,184,268",18.4
2023,6,OH,Final,"434,524","3,960,587","624,524",10.97
2023,6,OK,Final,"205,882","2,085,241","305,197",9.87
2023,6,OR,Final,"185,559","1,876,488","244,191",9.89
2023,6,PA,Final,"326,400","2,908,078","739,401",11.22
2023,6,RI,Final,"49,843","330,156","60,732",15.1
2023,6,SC,Final,"228,775","2,153,012","414,447",10.63
2023,6,SD,Final,"44,585","433,883","77,077",10.28
2023,6,TN,Final,"354,918","2,981,260","526,433",11.91
2023,6,TX,Final,"1,272,353","14,665,520","1,595,769",8.68
2023,6,UT,Final,"94,861","1,078,506","142,352",8.8
2023,6,VA,Final,"557,056","6,211,428","439,080",8.97
2023,6,VT,Final,"28,653","158,616","62,572",18.06
2023,6,WA,Final,"236,767","2,442,039","401,177",9.7
2023,6,WI,Final,"261,069","2,011,218","365,962",12.98
2023,6,WV,Final,"63,313","587,963","150,747",10.77
2023,6,WY,Final,"34,860","416,178","58,570",8.38
2023,5,AK,Final,"44,927","208,442","56,724",21.55
2023,5,AL,Final,"228,434","1,791,692","384,902",12.75
2023,5,AR,Final,"93,837","914,434","206,502",10.26
2023,5,AZ,Final,"333,684","2,752,381","345,235",12.12
2023,5,CA,Final,"1,988,090","9,130,683","1,802,507",21.77
2023,5,CO,Final,"187,215","1,666,669","396,339",11.23
2023,5,CT,Final,"180,982","936,236","156,432",19.33
2023,5,DC,Final,"87,609","523,185","27,338",16.75
2023,5,DE,Final,"34,836","293,346","59,766",11.88
2023,5,FL,Final,"974,469","8,247,841","1,293,203",11.81
2023,5,GA,Final,"432,072","4,211,409","609,748",10.26
2023,5,HI,Final,"90,946","233,679","60,250",38.92
2023,5,IA,Final,"104,442","996,040","250,093",10.49
2023,5,ID,Final,"45,427","539,971","121,775",8.41
2023,5,IL,Final,"416,141","3,591,335","626,019",11.59
2023,5,IN,Final,"230,705","1,888,937","371,108",12.21
2023,5,KS,Final,"138,360","1,285,464","245,565",10.76
2023,5,KY,Final,"174,465","1,537,978","322,166",11.34
2023,5,LA,Final,"194,215","1,870,579","301,245",10.38
2023,5,MA,Final,"327,493","1,871,496","446,634",17.5
2023,5,MD,Final,"260,459","2,110,557","260,740",12.34
2023,5,ME,Final,"59,256","319,105","110,702",18.57
2023,5,MI,Final,"412,445","2,996,720","559,105",13.76
2023,5,MN,Final,"230,278","1,810,731","306,800",12.72
2023,5,MO,Final,"224,806","2,353,968","400,160",9.55
2023,5,MS,Final,"137,768","1,096,876","246,512",12.56
2023,5,MT,Final,"47,900","392,978","115,794",12.19
2023,5,NC,Final,"355,763","3,849,372","744,998",9.24
2023,5,ND,Final,"60,108","873,731","76,559",6.88
2023,5,NE,Final,"77,712","897,801","160,685",8.66
2023,5,NH,Final,"63,926","313,278","111,258",20.41
2023,5,NJ,Final,"399,777","2,836,797","534,457",14.09
2023,5,NM,Final,"76,274","760,495","146,894",10.03
2023,5,NV,Final,"120,862","1,052,671","173,955",11.48
2023,5,NY,Final,"869,345","5,313,695","1,185,059",16.36
2023,5,OH,Final,"402,557","3,672,476","624,164",10.96
2023,5,OK,Final,"162,497","1,935,885","304,791",8.39
2023,5,OR,Final,"184,129","1,858,280","244,035",9.91
2023,5,PA,Final,"304,726","2,799,705","732,423",10.88
2023,5,RI,Final,"49,296","315,891","60,452",15.61
2023,5,SC,Final,"215,473","2,115,776","410,543",10.18
2023,5,SD,Final,"39,905","385,457","76,921",10.35
2023,5,TN,Final,"309,697","2,688,759","526,860",11.52
2023,5,TX,Final,"1,123,250","13,289,189","1,594,101",8.45
2023,5,UT,Final,"90,992","1,072,197","142,141",8.49
2023,5,VA,Final,"582,563","6,275,662","438,531",9.28
2023,5,VT,Final,"26,932","148,886","62,519",18.09
2023,5,WA,Final,"232,864","2,387,889","400,833",9.75
2023,5,WI,Final,"238,562","1,890,246","363,845",12.62
2023,5,WV,Final,"64,917","587,205","150,694",11.06
2023,5,WY,Final,"35,665","348,645","58,647",10.23
2023,4,AK,Final,"44,781","212,445","56,572",21.08
2023,4,AL,Final,"211,575","1,660,760","382,324",12.74
2023,4,AR,Final,"84,379","822,717","203,230",10.26
2023,4,AZ,Final,"277,851","2,417,387","342,760",11.49
2023,4,CA,Final,"1,570,841","7,351,001","1,712,528",21.37
2023,4,CO,Final,"177,544","1,587,662","395,954",11.18
2023,4,CT,Final,"174,262","830,201","156,245",20.99
2023,4,DC,Final,"90,449","538,837","27,336",16.79
2023,4,DE,Final,"34,484","282,813","59,822",12.19
2023,4,FL,Final,"959,656","7,769,758","1,290,723",12.35
2023,4,GA,Final,"398,120","3,808,369","607,807",10.45
2023,4,HI,Final,"91,196","227,082","60,259",40.16
2023,4,IA,Final,"86,958","915,076","250,109",9.5
2023,4,ID,Final,"43,347","515,726","121,206",8.41
2023,4,IL,Final,"393,022","3,387,820","625,765",11.6
2023,4,IN,Final,"212,142","1,685,132","370,686",12.59
2023,4,KS,Final,"123,406","1,147,587","245,104",10.75
2023,4,KY,Final,"160,778","1,413,302","321,740",11.38
2023,4,LA,Final,"175,027","1,716,248","299,080",10.2
2023,4,MA,Final,"378,596","1,760,848","387,375",21.5
2023,4,MD,Final,"250,646","1,982,831","260,617",12.64
2023,4,ME,Final,"57,500","304,231","101,145",18.9
2023,4,MI,Final,"367,078","2,763,841","558,102",13.28
2023,4,MN,Final,"213,006","1,706,445","310,628",12.48
2023,4,MO,Final,"198,981","2,120,286","400,056",9.38
2023,4,MS,Final,"126,478","995,102","244,586",12.71
2023,4,MT,Final,"48,067","401,503","116,098",11.97
2023,4,NC,Final,"331,046","3,609,840","743,901",9.17
2023,4,ND,Final,"58,831","866,164","76,416",6.79
2023,4,NE,Final,"71,617","842,274","160,284",8.5
2023,4,NH,Final,"63,955","306,840","110,805",20.84
2023,4,NJ,Final,"352,148","2,586,042","534,112",13.62
2023,4,NM,Final,"70,750","709,226","146,796",9.98
2023,4,NV,Final,"109,550","933,430","173,500",11.74
2023,4,NY,Final,"871,551","5,406,480","1,173,961",16.12
2023,4,OH,Final,"366,112","3,435,483","623,156",10.66
2023,4,OK,Final,"142,995","1,676,490","303,853",8.53
2023,4,OR,Final,"182,784","1,821,954","244,383",10.03
2023,4,PA,Final,"306,411","2,708,626","732,273",11.31
2023,4,RI,Final,"35,771","267,513","59,910",13.37
2023,4,SC,Final,"192,205","1,873,659","410,608",10.26
2023,4,SD,Final,"38,011","389,216","76,354",9.77
2023,4,TN,Final,"298,001","2,628,863","527,320",11.34
2023,4,TX,Final,"981,824","12,138,226","1,580,497",8.09
2023,4,UT,Final,"83,406","977,553","141,835",8.53
2023,4,VA,Final,"477,849","5,312,618","441,744",8.99
2023,4,VT,Final,"25,887","145,717","62,263",17.77
2023,4,WA,Final,"243,268","2,466,345","400,538",9.86
2023,4,WI,Final,"223,725","1,748,006","363,320",12.8
2023,4,WV,Final,"58,766","514,995","150,431",11.41
2023,4,WY,Final,"35,803","400,193","58,310",8.95
2023,3,AK,Final,"47,331","230,139","56,719",20.57
2023,3,AL,Final,"218,598","1,671,277","384,204",13.08
2023,3,AR,Final,"87,664","837,261","205,302",10.47
2023,3,AZ,Final,"247,065","2,244,052","342,977",11.01
2023,3,CA,Final,"2,073,676","9,598,615","1,828,646",21.6
2023,3,CO,Final,"192,644","1,744,443","395,781",11.04
2023,3,CT,Final,"192,255","933,815","156,775",20.59
2023,3,DC,Final,"89,467","542,586","27,352",16.49
2023,3,DE,Final,"41,065","347,992","59,521",11.8
2023,3,FL,Final,"915,508","7,608,153","1,291,730",12.03
2023,3,GA,Final,"418,829","3,979,586","608,314",10.52
2023,3,HI,Final,"93,147","224,199","60,219",41.55
2023,3,IA,Final,"97,019","1,061,061","250,105",9.14
2023,3,ID,Final,"47,413","572,520","121,511",8.28
2023,3,IL,Final,"432,781","3,770,935","628,405",11.48
2023,3,IN,Final,"258,753","1,885,112","371,140",13.73
2023,3,KS,Final,"132,997","1,187,275","245,400",11.2
2023,3,KY,Final,"171,173","1,527,313","322,344",11.21
2023,3,LA,Final,"194,506","1,746,078","300,879",11.14
2023,3,MA,Final,"402,319","1,960,035","450,526",20.53
2023,3,MD,Final,"274,439","2,192,474","260,579",12.52
2023,3,ME,Final,"65,871","359,666","108,858",18.31
2023,3,MI,Final,"388,138","2,964,526","559,259",13.09
2023,3,MN,Final,"227,061","1,888,268","310,412",12.02
2023,3,MO,Final,"213,172","2,269,964","401,338",9.39
2023,3,MS,Final,"134,492","1,034,589","245,982",13
2023,3,MT,Final,"53,262","444,343","116,073",11.99
2023,3,NC,Final,"363,016","3,870,586","744,840",9.38
2023,3,ND,Final,"65,657","913,586","76,427",7.19
2023,3,NE,Final,"76,669","901,009","160,100",8.51
2023,3,NH,Final,"74,158","332,566","110,993",22.3
2023,3,NJ,Final,"419,087","3,105,260","544,148",13.5
2023,3,NM,Final,"73,474","735,127","147,441",9.99
2023,3,NV,Final,"106,064","942,445","173,330",11.25
2023,3,NY,Final,"968,479","5,722,554","1,178,646",16.92
2023,3,OH,Final,"402,050","3,881,356","623,802",10.36
2023,3,OK,Final,"151,039","1,746,735","304,093",8.65
2023,3,OR,Final,"194,014","1,957,808","244,619",9.91
2023,3,PA,Final,"329,635","2,955,828","732,114",11.15
2023,3,RI,Final,"50,486","295,141","59,904",17.11
2023,3,SC,Final,"198,945","1,915,101","411,792",10.39
2023,3,SD,Final,"41,033","423,679","76,862",9.68
2023,3,TN,Final,"304,500","2,566,280","531,048",11.87
2023,3,TX,Final,"1,095,940","12,578,179","1,576,509",8.71
2023,3,UT,Final,"88,883","1,063,110","141,593",8.36
2023,3,VA,Final,"562,185","6,116,021","441,094",9.19
2023,3,VT,Final,"29,145","162,740","62,281",17.91
2023,3,WA,Final,"270,201","2,676,398","402,537",10.1
2023,3,WI,Final,"242,396","1,924,778","363,147",12.59
2023,3,WV,Final,"69,361","619,413","150,577",11.2
2023,3,WY,Final,"36,303","410,986","58,577",8.83
2023,2,AK,Final,"43,305","216,019","56,549",20.05
2023,2,AL,Final,"217,654","1,569,425","381,846",13.87
2023,2,AR,Final,"89,877","835,505","203,204",10.76
2023,2,AZ,Final,"231,659","2,165,448","342,182",10.7
2023,2,CA,Final,"1,752,690","8,232,647","1,710,135",21.29
2023,2,CO,Final,"177,425","1,577,769","394,650",11.25
2023,2,CT,Final,"183,162","866,586","156,708",21.14
2023,2,DC,Final,"93,045","541,519","27,342",17.18
2023,2,DE,Final,"36,478","309,578","59,455",11.78
2023,2,FL,Final,"834,840","6,722,369","1,290,041",12.42
2023,2,GA,Final,"394,972","3,635,381","607,090",10.86
2023,2,HI,Final,"85,223","204,060","60,183",41.76
2023,2,IA,Final,"92,893","1,003,296","249,302",9.26
2023,2,ID,Final,"45,475","553,508","120,550",8.22
2023,2,IL,Final,"390,804","3,537,255","623,966",11.05
2023,2,IN,Final,"250,642","1,773,843","371,298",14.13
2023,2,KS,Final,"126,491","1,091,532","244,798",11.59
2023,2,KY,Final,"170,184","1,412,673","322,767",12.05
2023,2,LA,Final,"204,461","1,649,650","298,955",12.39
2023,2,MA,Final,"426,465","1,948,732","442,211",21.88
2023,2,MD,Final,"289,863","2,053,516","260,474",14.12
2023,2,ME,Final,"60,992","347,074","108,752",17.57
2023,2,MI,Final,"362,320","2,773,900","556,902",13.06
2023,2,MN,Final,"202,967","1,760,096","308,842",11.53
2023,2,MO,Final,"202,965","2,158,584","401,697",9.4
2023,2,MS,Final,"131,564","995,832","245,106",13.21
2023,2,MT,Final,"51,915","437,011","115,887",11.88
2023,2,NC,Final,"326,887","3,383,398","744,828",9.66
2023,2,ND,Final,"60,662","784,074","76,276",7.74
2023,2,NE,Final,"73,935","888,417","159,511",8.32
2023,2,NH,Final,"78,258","331,987","111,211",23.57
2023,2,NJ,Final,"354,912","2,684,243","536,146",13.22
2023,2,NM,Final,"70,632","659,561","148,292",10.71
2023,2,NV,Final,"101,877","868,376","173,205",11.73
2023,2,NY,Final,"939,041","5,783,003","1,172,212",16.24
2023,2,OH,Final,"367,883","3,467,647","624,041",10.61
2023,2,OK,Final,"144,396","1,593,091","303,639",9.06
2023,2,OR,Final,"179,598","1,812,401","243,979",9.91
2023,2,PA,Final,"340,810","2,859,007","732,050",11.92
2023,2,RI,Final,"47,924","256,341","60,964",18.7
2023,2,SC,Final,"180,232","1,644,464","410,289",10.96
2023,2,SD,Final,"40,335","407,281","75,925",9.9
2023,2,TN,Final,"334,707","2,684,329","534,730",12.47
2023,2,TX,Final,"1,048,456","11,589,118","1,567,269",9.05
2023,2,UT,Final,"85,600","1,052,329","141,503",8.13
2023,2,VA,Final,"493,719","5,373,836","440,122",9.19
2023,2,VT,Final,"26,123","149,402","61,745",17.49
2023,2,WA,Final,"248,026","2,483,302","396,697",9.99
2023,2,WI,Final,"223,837","1,779,444","361,771",12.58
2023,2,WV,Final,"62,484","547,660","150,092",11.41
2023,2,WY,Final,"32,433","374,771","58,236",8.65
2023,1,AK,Final,"48,062","237,683","56,637",20.22
2023,1,AL,Final,"227,430","1,713,244","381,998",13.27
2023,1,AR,Final,"92,287","921,838","205,193",10.01
2023,1,AZ,Final,"246,298","2,337,832","342,008",10.54
2023,1,CA,Final,"2,013,803","9,187,231","1,769,889",21.92
2023,1,CO,Final,"191,373","1,754,553","394,670",10.91
2023,1,CT,Final,"192,602","903,912","156,499",21.31
2023,1,DC,Final,"93,689","593,738","27,333",15.78
2023,1,DE,Final,"39,409","329,006","59,409",11.98
2023,1,FL,Final,"851,739","6,905,532","1,289,629",12.33
2023,1,GA,Final,"432,819","3,972,187","608,264",10.9
2023,1,HI,Final,"96,204","222,438","60,229",43.25
2023,1,IA,Final,"102,983","1,111,699","249,649",9.26
2023,1,ID,Final,"48,857","598,794","120,725",8.16
2023,1,IL,Final,"464,017","3,973,761","626,246",11.68
2023,1,IN,Final,"256,035","1,871,582","371,118",13.68
2023,1,KS,Final,"147,850","1,349,092","245,290",10.96
2023,1,KY,Final,"191,864","1,583,970","320,807",12.11
2023,1,LA,Final,"211,708","1,826,012","299,275",11.59
2023,1,MA,Final,"432,457","2,037,347","446,308",21.23
2023,1,MD,Final,"328,448","2,256,543","260,470",14.56
2023,1,ME,Final,"57,522","360,352","110,109",15.96
2023,1,MI,Final,"407,462","3,058,793","556,561",13.32
2023,1,MN,Final,"219,072","1,946,058","309,793",11.26
2023,1,MO,Final,"218,513","2,508,414","401,469",8.71
2023,1,MS,Final,"137,551","1,065,178","245,415",12.91
2023,1,MT,Final,"54,903","463,453","115,871",11.85
2023,1,NC,Final,"355,622","3,642,730","745,065",9.76
2023,1,ND,Final,"68,436","833,274","77,040",8.21
2023,1,NE,Final,"76,683","948,019","159,878",8.09
2023,1,NH,Final,"79,273","343,029","110,946",23.11
2023,1,NJ,Final,"408,174","3,014,410","549,135",13.54
2023,1,NM,Final,"74,515","725,592","147,178",10.27
2023,1,NV,Final,"118,278","952,886","173,199",12.41
2023,1,NY,Final,"1,079,311","6,006,114","1,177,931",17.97
2023,1,OH,Final,"392,180","3,745,864","625,138",10.47
2023,1,OK,Final,"156,087","1,730,888","303,814",9.02
2023,1,OR,Final,"195,745","1,997,284","244,153",9.8
2023,1,PA,Final,"372,075","3,094,576","731,549",12.02
2023,1,RI,Final,"56,053","292,538","61,094",19.16
2023,1,SC,Final,"209,537","1,984,453","409,615",10.56
2023,1,SD,Final,"43,128","442,496","76,731",9.75
2023,1,TN,Final,"337,736","2,803,188","529,767",12.05
2023,1,TX,Final,"1,139,612","12,862,651","1,575,462",8.86
2023,1,UT,Final,"85,416","1,074,027","141,579",7.95
2023,1,VA,Final,"531,433","5,319,008","440,495",9.99
2023,1,VT,Final,"28,004","161,049","61,980",17.39
2023,1,WA,Final,"272,287","2,725,714","398,279",9.99
2023,1,WI,Final,"241,266","1,971,547","364,309",12.24
2023,1,WV,Final,"64,724","603,105","150,153",10.73
2023,1,WY,Final,"37,457","425,036","58,496",8.81
2022,12,AK,Final,"46,167","238,154","56,553",19.39
2022,12,AL,Final,"219,634","1,754,865","380,383",12.52
2022,12,AR,Final,"89,571","892,905","207,000",10.03
2022,12,AZ,Final,"235,631","2,305,656","342,134",10.22
2022,12,CA,Final,"1,862,521","8,861,331","1,805,785",21.02
2022,12,CO,Final,"204,778","1,800,075","391,138",11.38
2022,12,CT,Final,"181,613","935,544","156,320",19.41
2022,12,DC,Final,"91,848","576,135","27,313",15.94
2022,12,DE,Final,"43,992","355,507","59,418",12.37
2022,12,FL,Final,"865,232","7,577,347","1,287,250",11.42
2022,12,GA,Final,"421,458","4,020,629","609,404",10.48
2022,12,HI,Final,"98,641","230,747","60,234",42.75
2022,12,IA,Final,"101,457","1,112,554","246,184",9.12
2022,12,ID,Final,"50,110","615,617","120,831",8.14
2022,12,IL,Final,"449,268","4,001,033","642,066",11.23
2022,12,IN,Final,"260,666","1,899,406","371,613",13.72
2022,12,KS,Final,"136,838","1,245,505","246,107",10.99
2022,12,KY,Final,"190,029","1,578,193","318,852",12.04
2022,12,LA,Final,"222,134","1,828,363","301,102",12.15
2022,12,MA,Final,"389,068","2,001,055","435,127",19.44
2022,12,MD,Final,"331,570","2,339,132","261,030",14.17
2022,12,ME,Final,"52,821","338,695","109,919",15.6
2022,12,MI,Final,"386,391","2,977,222","555,753",12.98
2022,12,MN,Final,"219,618","1,917,266","309,327",11.45
2022,12,MO,Final,"220,456","2,454,813","398,685",8.98
2022,12,MS,Final,"124,266","1,064,970","246,195",11.67
2022,12,MT,Final,"53,772","458,031","115,631",11.74
2022,12,NC,Final,"364,214","3,971,240","740,167",9.17
2022,12,ND,Final,"58,233","777,126","77,053",7.49
2022,12,NE,Final,"70,118","835,124","158,932",8.4
2022,12,NH,Final,"74,337","344,246","110,659",21.59
2022,12,NJ,Final,"420,733","3,079,017","532,961",13.66
2022,12,NM,Final,"75,501","720,282","147,035",10.48
2022,12,NV,Final,"104,117","927,030","174,379",11.23
2022,12,NY,Final,"1,083,209","6,173,993","1,176,218",17.54
2022,12,OH,Final,"395,841","3,904,089","626,103",10.14
2022,12,OK,Final,"173,058","1,734,609","302,101",9.98
2022,12,OR,Final,"140,685","1,466,893","245,414",9.59
2022,12,PA,Final,"365,049","3,154,655","731,478",11.57
2022,12,RI,Final,"55,544","305,657","57,781",18.17
2022,12,SC,Final,"222,890","1,864,056","405,276",11.96
2022,12,SD,Final,"42,252","420,847","76,552",10.04
2022,12,TN,Final,"326,453","2,726,598","527,448",11.97
2022,12,TX,Final,"1,201,404","13,566,949","1,577,813",8.86
2022,12,UT,Final,"83,618","1,094,322","141,933",7.64
2022,12,VA,Final,"583,509","5,692,959","439,274",10.25
2022,12,VT,Final,"28,081","159,825","62,000",17.57
2022,12,WA,Final,"258,255","2,690,187","399,179",9.6
2022,12,WI,Final,"222,609","1,960,173","364,142",11.36
2022,12,WV,Final,"66,740","648,383","149,948",10.29
2022,12,WY,Final,"29,543","330,444","58,629",8.94
2022,11,AK,Final,"45,282","219,726","56,549",20.61
2022,11,AL,Final,"227,870","1,651,362","380,691",13.8
2022,11,AR,Final,"88,395","852,032","205,046",10.37
2022,11,AZ,Final,"233,970","2,245,314","341,907",10.42
2022,11,CA,Final,"1,784,136","8,077,946","1,746,305",22.09
2022,11,CO,Final,"191,885","1,598,637","391,554",12
2022,11,CT,Final,"160,875","889,390","156,363",18.09
2022,11,DC,Final,"88,429","562,989","27,239",15.71
2022,11,DE,Final,"36,364","320,098","59,401",11.36
2022,11,FL,Final,"849,776","7,460,661","1,287,216",11.39
2022,11,GA,Final,"439,584","3,725,359","609,653",11.8
2022,11,HI,Final,"99,137","238,221","60,166",41.62
2022,11,IA,Final,"96,881","997,861","245,992",9.71
2022,11,ID,Final,"46,860","574,695","120,482",8.15
2022,11,IL,Final,"391,593","3,605,212","642,281",10.86
2022,11,IN,Final,"246,865","1,765,569","371,672",13.98
2022,11,KS,Final,"137,148","1,188,860","246,313",11.54
2022,11,KY,Final,"180,525","1,484,529","318,662",12.16
2022,11,LA,Final,"236,553","1,790,348","299,554",13.21
2022,11,MA,Final,"352,196","1,885,296","439,898",18.68
2022,11,MD,Final,"278,236","2,128,577","261,137",13.07
2022,11,ME,Final,"46,177","315,207","105,607",14.65
2022,11,MI,Final,"353,443","2,812,455","555,857",12.57
2022,11,MN,Final,"211,842","1,751,754","309,287",12.09
2022,11,MO,Final,"210,264","2,257,498","398,177",9.31
2022,11,MS,Final,"129,644","1,044,141","246,586",12.42
2022,11,MT,Final,"48,764","404,006","115,177",12.07
2022,11,NC,Final,"331,768","3,790,580","741,241",8.75
2022,11,ND,Final,"63,294","767,319","77,030",8.25
2022,11,NE,Final,"63,794","745,749","158,906",8.55
2022,11,NH,Final,"61,618","305,921","110,811",20.14
2022,11,NJ,Final,"363,410","2,787,036","530,662",13.04
2022,11,NM,Final,"74,819","662,661","147,120",11.29
2022,11,NV,Final,"94,110","888,342","174,824",10.59
2022,11,NY,Final,"961,964","5,410,039","1,179,999",17.78
2022,11,OH,Final,"389,787","3,674,727","626,824",10.61
2022,11,OK,Final,"167,912","1,730,138","301,760",9.71
2022,11,OR,Final,"133,731","1,437,734","245,270",9.3
2022,11,PA,Final,"304,062","2,758,567","731,507",11.02
2022,11,RI,Final,"46,098","286,575","61,303",16.09
2022,11,SC,Final,"202,620","1,886,357","406,110",10.74
2022,11,SD,Final,"39,184","394,914","76,558",9.92
2022,11,TN,Final,"320,239","2,643,158","528,810",12.12
2022,11,TX,Final,"1,098,998","12,419,969","1,580,417",8.85
2022,11,UT,Final,"87,242","1,042,287","142,148",8.37
2022,11,VA,Final,"588,649","5,980,151","439,013",9.84
2022,11,VT,Final,"25,794","145,580","61,975",17.72
2022,11,WA,Final,"240,809","2,551,385","398,666",9.44
2022,11,WI,Final,"212,978","1,822,780","363,082",11.68
2022,11,WV,Final,"63,181","573,748","150,063",11.01
2022,11,WY,Final,"29,777","304,505","58,556",9.78
2022,10,AK,Final,"42,960","209,611","56,568",20.5
2022,10,AL,Final,"230,069","1,711,966","381,979",13.44
2022,10,AR,Final,"104,389","975,455","203,508",10.7
2022,10,AZ,Final,"277,475","2,576,205","341,525",10.77
2022,10,CA,Final,"2,377,081","10,432,032","1,774,134",22.79
2022,10,CO,Final,"203,282","1,680,612","391,695",12.1
2022,10,CT,Final,"167,287","926,944","156,353",18.05
2022,10,DC,Final,"96,240","573,763","27,210",16.77
2022,10,DE,Final,"39,249","333,398","59,405",11.77
2022,10,FL,Final,"908,799","7,930,610","1,286,835",11.46
2022,10,GA,Final,"453,763","3,865,741","609,532",11.74
2022,10,HI,Final,"109,244","258,099","60,066",42.33
2022,10,IA,Final,"99,768","1,002,011","245,673",9.96
2022,10,ID,Final,"45,685","532,181","120,286",8.58
2022,10,IL,Final,"418,646","3,634,463","635,059",11.52
2022,10,IN,Final,"262,743","1,823,532","371,688",14.41
2022,10,KS,Final,"150,770","1,246,265","246,085",12.1
2022,10,KY,Final,"183,431","1,509,139","318,620",12.15
2022,10,LA,Final,"265,103","2,040,596","295,945",12.99
2022,10,MA,Final,"359,252","1,910,979","438,519",18.8
2022,10,MD,Final,"286,176","2,106,221","261,070",13.59
2022,10,ME,Final,"44,804","308,465","106,725",14.52
2022,10,MI,Final,"366,633","2,916,126","555,190",12.57
2022,10,MN,Final,"218,219","1,760,088","308,800",12.4
2022,10,MO,Final,"201,927","2,210,927","398,275",9.13
2022,10,MS,Final,"143,424","1,178,219","245,195",12.17
2022,10,MT,Final,"45,799","399,655","114,999",11.46
2022,10,NC,Final,"365,702","3,912,829","741,587",9.35
2022,10,ND,Final,"59,361","699,487","76,972",8.49
2022,10,NE,Final,"66,458","766,689","159,066",8.67
2022,10,NH,Final,"60,001","304,050","110,367",19.73
2022,10,NJ,Final,"394,046","2,969,130","534,280",13.27
2022,10,NM,Final,"84,674","748,475","147,495",11.31
2022,10,NV,Final,"104,098","990,424","174,235",10.51
2022,10,NY,Final,"1,085,468","5,738,250","1,173,523",18.92
2022,10,OH,Final,"386,782","3,575,594","627,291",10.82
2022,10,OK,Final,"191,249","1,784,814","301,514",10.72
2022,10,OR,Final,"130,130","1,366,968","245,170",9.52
2022,10,PA,Final,"314,240","2,803,394","731,853",11.21
2022,10,RI,Final,"47,958","292,983","60,346",16.37
2022,10,SC,Final,"196,753","1,832,484","405,595",10.74
2022,10,SD,Final,"40,191","383,737","76,106",10.47
2022,10,TN,Final,"344,824","2,820,175","529,521",12.23
2022,10,TX,Final,"1,215,520","13,024,345","1,577,192",9.33
2022,10,UT,Final,"93,487","1,067,978","142,239",8.75
2022,10,VA,Final,"566,048","5,496,066","438,675",10.3
2022,10,VT,Final,"26,658","149,874","61,930",17.79
2022,10,WA,Final,"231,266","2,365,480","397,504",9.78
2022,10,WI,Final,"218,830","1,836,953","362,658",11.91
2022,10,WV,Final,"64,045","575,325","150,139",11.13
2022,10,WY,Final,"28,345","292,557","58,470",9.69
2022,9,AK,Final,"40,528","200,980","56,573",20.17
2022,9,AL,Final,"283,104","2,036,513","382,085",13.9
2022,9,AR,Final,"120,586","1,117,539","202,926",10.79
2022,9,AZ,Final,"334,594","3,037,198","341,441",11.02
2022,9,CA,Final,"2,691,779","11,122,589","1,770,617",24.2
2022,9,CO,Final,"229,758","1,811,463","392,224",12.68
2022,9,CT,Final,"189,553","952,551","156,392",19.9
2022,9,DC,Final,"94,977","620,609","27,208",15.3
2022,9,DE,Final,"41,548","362,051","59,426",11.48
2022,9,FL,Final,"1,017,684","8,856,214","1,286,237",11.49
2022,9,GA,Final,"564,238","4,418,834","609,740",12.77
2022,9,HI,Final,"108,324","254,938","60,159",42.49
2022,9,IA,Final,"113,268","993,762","245,778",11.4
2022,9,ID,Final,"46,629","567,483","120,196",8.22
2022,9,IL,Final,"491,156","3,977,531","634,831",12.35
2022,9,IN,Final,"265,394","2,128,107","371,600",12.47
2022,9,KS,Final,"176,505","1,457,416","245,995",12.11
2022,9,KY,Final,"211,813","1,721,694","318,418",12.3
2022,9,LA,Final,"275,332","2,153,097","298,935",12.79
2022,9,MA,Final,"424,783","2,166,385","438,057",19.61
2022,9,MD,Final,"301,043","2,295,057","261,223",13.12
2022,9,ME,Final,"53,830","368,522","110,093",14.61
2022,9,MI,Final,"394,611","3,148,243","555,281",12.53
2022,9,MN,Final,"256,341","1,914,801","308,617",13.39
2022,9,MO,Final,"278,197","2,857,335","400,039",9.74
2022,9,MS,Final,"163,497","1,318,334","245,892",12.4
2022,9,MT,Final,"44,018","414,891","114,985",10.61
2022,9,NC,Final,"385,401","4,195,139","741,971",9.19
2022,9,ND,Final,"59,361","671,551","76,963",8.84
2022,9,NE,Final,"75,473","812,906","159,187",9.28
2022,9,NH,Final,"72,495","343,942","111,273",21.08
2022,9,NJ,Final,"437,342","3,097,150","532,782",14.12
2022,9,NM,Final,"102,606","854,365","147,506",12.01
2022,9,NV,Final,"147,344","1,136,798","173,842",12.96
2022,9,NY,Final,"1,323,289","6,489,485","1,164,034",20.39
2022,9,OH,Final,"419,400","3,925,070","626,958",10.69
2022,9,OK,Final,"235,962","2,037,342","301,474",11.58
2022,9,OR,Final,"128,629","1,378,591","244,851",9.33
2022,9,PA,Final,"358,714","3,083,861","731,384",11.63
2022,9,RI,Final,"51,054","312,586","60,243",16.33
2022,9,SC,Final,"241,514","2,161,363","404,993",11.17
2022,9,SD,Final,"43,279","426,972","76,783",10.14
2022,9,TN,Final,"414,372","3,312,621","529,363",12.51
2022,9,TX,Final,"1,463,902","15,228,330","1,575,823",9.61
2022,9,UT,Final,"101,783","1,138,953","142,555",8.94
2022,9,VA,Final,"626,117","5,891,230","438,450",10.63
2022,9,VT,Final,"27,590","156,044","61,768",17.68
2022,9,WA,Final,"232,737","2,452,680","398,996",9.49
2022,9,WI,Final,"242,140","1,957,939","365,312",12.37
2022,9,WV,Final,"60,550","567,757","150,119",10.66
2022,9,WY,Final,"27,780","288,466","58,694",9.63
2022,8,AK,Final,"42,778","210,214","56,540",20.35
2022,8,AL,Final,"316,143","2,224,293","382,139",14.21
2022,8,AR,Final,"130,727","1,211,296","203,396",10.79
2022,8,AZ,Final,"380,205","3,317,045","338,833",11.46
2022,8,CA,Final,"2,895,021","11,715,248","1,795,643",24.71
2022,8,CO,Final,"248,727","1,984,948","392,303",12.53
2022,8,CT,Final,"226,385","1,131,050","155,821",20.02
2022,8,DC,Final,"111,347","685,660","27,184",16.24
2022,8,DE,Final,"48,865","423,171","59,438",11.55
2022,8,FL,Final,"1,062,488","9,492,194","1,285,379",11.19
2022,8,GA,Final,"676,952","4,865,789","609,504",13.91
2022,8,HI,Final,"108,173","255,943","60,182",42.26
2022,8,IA,Final,"142,984","1,143,423","245,409",12.5
2022,8,ID,Final,"56,458","647,854","120,010",8.71
2022,8,IL,Final,"542,089","4,450,884","637,188",12.18
2022,8,IN,Final,"309,685","2,337,108","371,795",13.25
2022,8,KS,Final,"200,234","1,622,732","246,098",12.34
2022,8,KY,Final,"236,343","1,977,927","318,338",11.95
2022,8,LA,Final,"293,030","2,293,840","301,859",12.77
2022,8,MA,Final,"459,030","2,375,782","438,854",19.32
2022,8,MD,Final,"354,823","2,707,669","261,218",13.1
2022,8,ME,Final,"57,687","402,197","109,582",14.34
2022,8,MI,Final,"443,428","3,557,853","555,147",12.46
2022,8,MN,Final,"273,597","2,060,521","308,683",13.28
2022,8,MO,Final,"322,658","2,848,156","399,588",11.33
2022,8,MS,Final,"167,416","1,434,666","246,252",11.67
2022,8,MT,Final,"48,365","458,677","114,853",10.54
2022,8,NC,Final,"433,321","4,832,511","742,321",8.97
2022,8,ND,Final,"61,608","669,370","76,916",9.2
2022,8,NE,Final,"85,924","928,925","159,595",9.25
2022,8,NH,Final,"76,216","391,041","111,295",19.49
2022,8,NJ,Final,"548,227","3,646,150","533,152",15.04
2022,8,NM,Final,"104,437","882,260","147,273",11.84
2022,8,NV,Final,"140,703","1,305,635","173,973",10.78
2022,8,NY,Final,"1,448,769","7,259,115","1,165,258",19.96
2022,8,OH,Final,"473,486","4,409,218","628,495",10.74
2022,8,OK,Final,"277,411","2,287,477","301,380",12.13
2022,8,OR,Final,"142,708","1,549,934","245,204",9.21
2022,8,PA,Final,"406,146","3,592,667","731,263",11.3
2022,8,RI,Final,"56,007","358,713","59,142",15.61
2022,8,SC,Final,"266,786","2,361,286","405,268",11.3
2022,8,SD,Final,"49,562","459,471","76,800",10.79
2022,8,TN,Final,"483,917","3,562,910","529,894",13.58
2022,8,TX,Final,"1,575,056","15,847,251","1,578,427",9.94
2022,8,UT,Final,"105,982","1,244,623","142,468",8.52
2022,8,VA,Final,"666,038","6,281,257","438,108",10.6
2022,8,VT,Final,"32,197","189,904","62,008",16.95
2022,8,WA,Final,"246,620","2,608,435","398,863",9.45
2022,8,WI,Final,"261,691","2,169,714","362,432",12.06
2022,8,WV,Final,"70,487","684,996","149,867",10.29
2022,8,WY,Final,"30,534","316,950","58,706",9.63
2022,7,AK,Final,"41,794","206,576","56,435",20.23
2022,7,AL,Final,"311,712","2,261,395","379,697",13.78
2022,7,AR,Final,"133,464","1,233,979","203,039",10.82
2022,7,AZ,Final,"384,394","3,327,069","340,315",11.55
2022,7,CA,Final,"2,549,550","10,700,203","1,740,396",23.83
2022,7,CO,Final,"249,489","2,001,301","391,292",12.47
2022,7,CT,Final,"190,569","1,168,456","155,408",16.31
2022,7,DC,Final,"118,232","730,223","27,187",16.19
2022,7,DE,Final,"48,269","436,222","59,368",11.07
2022,7,FL,Final,"1,037,971","9,398,748","1,283,137",11.04
2022,7,GA,Final,"692,601","4,935,679","608,040",14.03
2022,7,HI,Final,"102,991","245,855","60,157",41.89
2022,7,IA,Final,"143,017","1,105,410","245,551",12.94
2022,7,ID,Final,"56,067","633,999","119,689",8.84
2022,7,IL,Final,"536,807","4,401,330","632,667",12.2
2022,7,IN,Final,"276,140","2,136,417","371,612",12.93
2022,7,KS,Final,"193,432","1,584,995","245,680",12.2
2022,7,KY,Final,"238,271","2,008,856","318,477",11.86
2022,7,LA,Final,"297,065","2,320,135","303,546",12.8
2022,7,MA,Final,"433,784","2,402,139","437,234",18.06
2022,7,MD,Final,"349,174","2,718,853","261,094",12.84
2022,7,ME,Final,"53,221","347,433","105,432",15.32
2022,7,MI,Final,"447,145","3,560,300","555,120",12.56
2022,7,MN,Final,"275,139","2,079,182","308,621",13.23
2022,7,MO,Final,"323,554","2,928,443","399,442",11.05
2022,7,MS,Final,"161,020","1,441,314","245,504",11.17
2022,7,MT,Final,"43,544","411,197","114,746",10.59
2022,7,NC,Final,"428,715","4,843,825","735,778",8.85
2022,7,ND,Final,"59,284","663,999","76,829",8.93
2022,7,NE,Final,"86,527","913,614","159,546",9.47
2022,7,NH,Final,"67,991","399,296","111,211",17.03
2022,7,NJ,Final,"529,708","3,662,095","534,489",14.46
2022,7,NM,Final,"111,259","909,473","147,168",12.23
2022,7,NV,Final,"141,963","1,337,961","173,792",10.61
2022,7,NY,Final,"1,303,965","6,565,057","1,163,988",19.86
2022,7,OH,Final,"473,346","4,459,517","628,119",10.61
2022,7,OK,Final,"266,933","2,359,049","300,586",11.32
2022,7,OR,Final,"139,515","1,513,614","245,066",9.22
2022,7,PA,Final,"382,485","3,460,550","732,277",11.05
2022,7,RI,Final,"54,331","363,570","60,048",14.94
2022,7,SC,Final,"280,073","2,467,990","402,262",11.35
2022,7,SD,Final,"47,232","440,022","76,591",10.73
2022,7,TN,Final,"465,662","3,672,737","530,218",12.68
2022,7,TX,Final,"1,502,649","15,374,329","1,572,376",9.77
2022,7,UT,Final,"109,543","1,248,219","142,539",8.78
2022,7,VA,Final,"670,353","6,784,620","437,286",9.88
2022,7,VT,Final,"30,293","176,371","61,846",17.18
2022,7,WA,Final,"233,108","2,462,318","400,344",9.47
2022,7,WI,Final,"263,610","2,189,379","364,151",12.04
2022,7,WV,Final,"68,128","655,803","149,711",10.39
2022,7,WY,Final,"29,469","302,596","58,635",9.74
2022,6,AK,Final,"41,412","203,334","56,354",20.37
2022,6,AL,Final,"287,496","2,132,440","381,572",13.48
2022,6,AR,Final,"114,774","1,067,598","203,030",10.75
2022,6,AZ,Final,"348,487","3,060,783","339,795",11.39
2022,6,CA,Final,"2,132,896","9,441,967","1,794,218",22.59
2022,6,CO,Final,"223,614","1,798,598","392,390",12.43
2022,6,CT,Final,"189,770","1,008,666","155,375",18.81
2022,6,DC,Final,"103,154","662,206","27,118",15.58
2022,6,DE,Final,"40,806","391,032","59,331",10.44
2022,6,FL,Final,"980,081","8,843,627","1,283,496",11.08
2022,6,GA,Final,"642,451","4,639,221","608,239",13.85
2022,6,HI,Final,"95,256","233,773","60,123",40.75
2022,6,IA,Final,"129,284","1,050,024","245,162",12.31
2022,6,ID,Final,"48,063","535,793","119,560",8.97
2022,6,IL,Final,"495,671","4,132,548","634,537",11.99
2022,6,IN,Final,"278,521","2,219,374","371,633",12.55
2022,6,KS,Final,"169,956","1,416,050","245,649",12
2022,6,KY,Final,"214,554","1,769,808","320,137",12.12
2022,6,LA,Final,"256,967","2,206,285","302,430",11.65
2022,6,MA,Final,"354,492","1,981,856","437,890",17.89
2022,6,MD,Final,"311,259","2,430,758","261,049",12.81
2022,6,ME,Final,"54,940","334,058","109,129",16.45
2022,6,MI,Final,"417,820","3,292,877","554,516",12.69
2022,6,MN,Final,"251,694","1,909,727","307,755",13.18
2022,6,MO,Final,"292,634","2,661,006","399,126",11
2022,6,MS,Final,"154,458","1,333,237","245,687",11.59
2022,6,MT,Final,"40,908","390,895","114,494",10.47
2022,6,NC,Final,"371,331","4,431,284","742,119",8.38
2022,6,ND,Final,"60,388","648,956","76,737",9.31
2022,6,NE,Final,"75,916","822,379","158,868",9.23
2022,6,NH,Final,"58,761","342,275","111,309",17.17
2022,6,NJ,Final,"460,816","3,173,194","535,055",14.52
2022,6,NM,Final,"92,349","811,290","147,487",11.38
2022,6,NV,Final,"113,335","1,195,113","174,407",9.48
2022,6,NY,Final,"1,165,778","6,005,194","1,166,495",19.41
2022,6,OH,Final,"425,657","3,959,347","634,387",10.75
2022,6,OK,Final,"232,265","2,084,579","300,528",11.14
2022,6,OR,Final,"122,476","1,310,925","244,639",9.34
2022,6,PA,Final,"337,289","3,072,762","729,834",10.98
2022,6,RI,Final,"45,146","288,472","58,974",15.65
2022,6,SC,Final,"245,456","2,261,280","405,286",10.85
2022,6,SD,Final,"43,963","404,801","76,205",10.86
2022,6,TN,Final,"387,755","3,224,387","527,873",12.03
2022,6,TX,Final,"1,378,442","14,382,432","1,583,318",9.58
2022,6,UT,Final,"98,175","1,116,331","142,392",8.79
2022,6,VA,Final,"525,789","5,485,575","437,300",9.58
2022,6,VT,Final,"27,021","157,463","61,675",17.16
2022,6,WA,Final,"219,218","2,313,306","397,380",9.48
2022,6,WI,Final,"252,310","2,018,149","363,746",12.5
2022,6,WV,Final,"64,675","621,622","149,683",10.4
2022,6,WY,Final,"29,795","288,517","58,421",10.33
2022,5,AK,Final,"42,153","202,329","56,329",20.83
2022,5,AL,Final,"245,228","1,910,701","380,852",12.83
2022,5,AR,Final,"96,627","924,014","202,233",10.46
2022,5,AZ,Final,"297,219","2,702,919","337,476",11
2022,5,CA,Final,"1,734,009","8,741,933","1,769,925",19.84
2022,5,CO,Final,"184,611","1,670,483","391,793",11.05
2022,5,CT,Final,"167,808","946,812","155,456",17.72
2022,5,DC,Final,"92,237","598,684","27,116",15.41
2022,5,DE,Final,"37,164","346,259","59,234",10.73
2022,5,FL,Final,"929,762","8,478,921","1,281,994",10.97
2022,5,GA,Final,"512,125","4,217,359","607,213",12.14
2022,5,HI,Final,"95,974","239,956","60,104",40
2022,5,IA,Final,"107,002","970,171","245,406",11.03
2022,5,ID,Final,"41,194","514,878","119,374",8
2022,5,IL,Final,"437,415","3,763,177","634,443",11.62
2022,5,IN,Final,"236,992","1,889,108","371,343",12.55
2022,5,KS,Final,"143,715","1,281,338","245,586",11.22
2022,5,KY,Final,"180,586","1,542,828","319,028",11.7
2022,5,LA,Final,"209,569","1,932,245","300,529",10.85
2022,5,MA,Final,"324,241","1,911,030","434,640",16.97
2022,5,MD,Final,"269,741","2,273,848","260,820",11.86
2022,5,ME,Final,"53,249","317,337","108,781",16.78
2022,5,MI,Final,"380,994","2,998,740","554,308",12.71
2022,5,MN,Final,"219,141","1,790,548","308,024",12.24
2022,5,MO,Final,"212,147","2,346,270","399,389",9.04
2022,5,MS,Final,"134,570","1,137,068","244,775",11.83
2022,5,MT,Final,"40,075","384,498","114,294",10.42
2022,5,NC,Final,"381,516","4,228,479","741,616",9.02
2022,5,ND,Final,"56,226","678,457","76,778",8.29
2022,5,NE,Final,"66,788","748,986","158,835",8.92
2022,5,NH,Final,"55,524","323,717","111,179",17.15
2022,5,NJ,Final,"413,684","2,944,012","532,428",14.05
2022,5,NM,Final,"79,692","780,908","147,198",10.21
2022,5,NV,Final,"96,082","1,054,296","172,942",9.11
2022,5,NY,Final,"915,548","5,417,885","1,162,888",16.9
2022,5,OH,Final,"386,281","3,716,306","632,522",10.39
2022,5,OK,Final,"189,662","1,878,916","299,960",10.09
2022,5,OR,Final,"124,283","1,312,101","244,653",9.47
2022,5,PA,Final,"304,146","2,920,640","731,916",10.41
2022,5,RI,Final,"45,719","317,290","60,969",14.41
2022,5,SC,Final,"226,208","2,098,356","403,361",10.78
2022,5,SD,Final,"38,246","374,703","76,080",10.21
2022,5,TN,Final,"322,193","2,854,201","528,414",11.29
2022,5,TX,Final,"1,227,185","13,363,837","1,565,351",9.18
2022,5,UT,Final,"85,174","1,028,080","142,065",8.28
2022,5,VA,Final,"556,927","5,710,903","436,796",9.75
2022,5,VT,Final,"26,903","153,211","61,381",17.56
2022,5,WA,Final,"219,292","2,299,461","399,184",9.54
2022,5,WI,Final,"226,919","1,890,199","363,130",12.01
2022,5,WV,Final,"63,351","593,844","149,682",10.67
2022,5,WY,Final,"28,077","284,968","58,401",9.85
2022,4,AK,Final,"41,125","206,223","56,133",19.94
2022,4,AL,Final,"205,235","1,634,176","378,882",12.56
2022,4,AR,Final,"82,227","833,566","202,156",9.86
2022,4,AZ,Final,"247,164","2,364,646","340,628",10.45
2022,4,CA,Final,"1,867,018","8,871,196","1,742,888",21.05
2022,4,CO,Final,"177,035","1,644,781","390,425",10.76
2022,4,CT,Final,"161,083","842,419","155,409",19.12
2022,4,DC,Final,"76,377","507,092","27,089",15.06
2022,4,DE,Final,"29,690","292,642","59,099",10.15
2022,4,FL,Final,"837,717","7,559,017","1,280,029",11.08
2022,4,GA,Final,"409,934","3,641,345","606,245",11.26
2022,4,HI,Final,"86,923","226,549","60,118",38.37
2022,4,IA,Final,"87,704","938,718","244,589",9.34
2022,4,ID,Final,"41,765","517,036","119,056",8.08
2022,4,IL,Final,"383,627","3,460,978","634,795",11.08
2022,4,IN,Final,"214,139","1,721,659","371,256",12.44
2022,4,KS,Final,"127,033","1,141,566","245,048",11.13
2022,4,KY,Final,"160,227","1,417,727","314,835",11.3
2022,4,LA,Final,"184,734","1,686,797","300,381",10.95
2022,4,MA,Final,"331,564","1,926,931","417,060",17.21
2022,4,MD,Final,"224,211","1,936,678","260,638",11.58
2022,4,ME,Final,"52,467","310,738","104,345",16.88
2022,4,MI,Final,"343,096","2,726,716","553,342",12.58
2022,4,MN,Final,"200,001","1,699,293","307,029",11.77
2022,4,MO,Final,"188,570","2,146,418","399,312",8.79
2022,4,MS,Final,"119,084","1,010,776","244,539",11.78
2022,4,MT,Final,"41,694","406,995","114,295",10.24
2022,4,NC,Final,"294,640","3,653,830","740,254",8.06
2022,4,ND,Final,"53,562","669,441","76,615",8
2022,4,NE,Final,"60,571","703,751","157,667",8.61
2022,4,NH,Final,"52,618","305,079","110,821",17.25
2022,4,NJ,Final,"368,135","2,775,806","531,180",13.26
2022,4,NM,Final,"72,398","690,422","147,147",10.49
2022,4,NV,Final,"86,403","929,908","173,352",9.29
2022,4,NY,Final,"899,136","5,510,563","1,166,340",16.32
2022,4,OH,Final,"347,083","3,377,230","624,559",10.28
2022,4,OK,Final,"139,335","1,553,925","299,286",8.97
2022,4,OR,Final,"124,030","1,325,835","243,990",9.35
2022,4,PA,Final,"282,596","2,777,419","728,813",10.17
2022,4,RI,Final,"49,017","328,987","61,069",14.9
2022,4,SC,Final,"173,041","1,734,596","402,807",9.98
2022,4,SD,Final,"38,166","380,243","75,576",10.04
2022,4,TN,Final,"296,166","2,600,428","528,313",11.39
2022,4,TX,Final,"1,002,934","12,070,698","1,571,451",8.31
2022,4,UT,Final,"78,465","952,434","141,760",8.24
2022,4,VA,Final,"484,512","5,459,932","436,200",8.87
2022,4,VT,Final,"24,544","144,508","61,335",16.98
2022,4,WA,Final,"223,176","2,388,937","395,050",9.34
2022,4,WI,Final,"200,650","1,748,746","363,400",11.47
2022,4,WV,Final,"55,086","526,022","149,432",10.47
2022,4,WY,Final,"27,128","284,453","58,002",9.54
2022,3,AK,Final,"43,883","223,408","56,228",19.64
2022,3,AL,Final,"203,297","1,652,819","380,656",12.3
2022,3,AR,Final,"82,621","874,015","206,491",9.45
2022,3,AZ,Final,"228,060","2,310,095","338,838",9.87
2022,3,CA,Final,"1,854,890","9,580,619","1,824,631",19.36
2022,3,CO,Final,"182,080","1,745,526","389,625",10.43
2022,3,CT,Final,"157,964","933,842","155,401",16.92
2022,3,DC,Final,"87,889","584,283","27,112",15.04
2022,3,DE,Final,"34,489","326,303","58,825",10.57
2022,3,FL,Final,"842,212","7,662,230","1,280,423",10.99
2022,3,GA,Final,"401,043","3,722,045","606,714",10.77
2022,3,HI,Final,"83,767","227,926","60,094",36.75
2022,3,IA,Final,"93,388","1,006,707","245,066",9.28
2022,3,ID,Final,"43,703","555,332","121,661",7.87
2022,3,IL,Final,"398,144","3,788,081","635,019",10.51
2022,3,IN,Final,"224,120","1,825,636","377,517",12.28
2022,3,KS,Final,"130,092","1,194,682","245,606",10.89
2022,3,KY,Final,"166,765","1,492,359","319,264",11.17
2022,3,LA,Final,"185,662","1,710,639","302,489",10.85
2022,3,MA,Final,"359,432","1,914,084","439,079",18.78
2022,3,MD,Final,"245,270","2,152,390","260,439",11.4
2022,3,ME,Final,"57,441","349,834","102,552",16.42
2022,3,MI,Final,"372,831","3,068,483","553,649",12.15
2022,3,MN,Final,"221,238","1,900,063","307,953",11.64
2022,3,MO,Final,"196,648","2,257,246","398,147",8.71
2022,3,MS,Final,"123,253","1,041,070","247,339",11.84
2022,3,MT,Final,"41,505","409,371","114,234",10.14
2022,3,NC,Final,"310,823","3,489,878","745,624",8.91
2022,3,ND,Final,"60,556","755,692","76,745",8.01
2022,3,NE,Final,"65,577","766,608","157,625",8.55
2022,3,NH,Final,"59,993","334,976","110,811",17.91
2022,3,NJ,Final,"414,081","3,112,640","533,801",13.3
2022,3,NM,Final,"71,357","688,353","146,958",10.37
2022,3,NV,Final,"80,270","921,732","173,377",8.71
2022,3,NY,Final,"941,679","5,811,198","1,169,000",16.2
2022,3,OH,Final,"370,180","3,740,811","642,067",9.9
2022,3,OK,Final,"138,117","1,571,998","299,557",8.79
2022,3,OR,Final,"123,085","1,322,944","244,288",9.3
2022,3,PA,Final,"304,895","3,102,732","730,705",9.83
2022,3,RI,Final,"53,032","311,221","60,331",17.04
2022,3,SC,Final,"182,398","1,765,514","405,581",10.33
2022,3,SD,Final,"39,819","410,891","75,707",9.69
2022,3,TN,Final,"299,050","2,662,936","527,575",11.23
2022,3,TX,Final,"999,370","12,053,228","1,583,728",8.29
2022,3,UT,Final,"80,835","978,942","141,482",8.26
2022,3,VA,Final,"413,189","4,807,376","436,603",8.59
2022,3,VT,Final,"27,742","159,969","61,182",17.34
2022,3,WA,Final,"234,424","2,469,324","403,809",9.49
2022,3,WI,Final,"226,699","1,961,181","363,231",11.56
2022,3,WV,Final,"60,254","594,599","149,489",10.13
2022,3,WY,Final,"28,054","299,307","58,191",9.37
2022,2,AK,Final,"41,427","215,507","56,050",19.22
2022,2,AL,Final,"194,375","1,605,097","376,922",12.11
2022,2,AR,Final,"79,000","856,326","198,099",9.23
2022,2,AZ,Final,"213,288","2,029,464","338,083",10.51
2022,2,CA,Final,"1,499,477","7,706,317","1,707,162",19.46
2022,2,CO,Final,"166,581","1,608,160","388,277",10.36
2022,2,CT,Final,"186,173","887,875","155,588",20.97
2022,2,DC,Final,"82,441","558,081","26,935",14.77
2022,2,DE,Final,"34,589","331,249","58,534",10.44
2022,2,FL,Final,"748,867","6,549,740","1,277,548",11.43
2022,2,GA,Final,"364,302","3,500,199","603,107",10.41
2022,2,HI,Final,"74,004","209,339","60,104",35.35
2022,2,IA,Final,"94,197","994,226","244,332",9.47
2022,2,ID,Final,"42,607","548,763","117,740",7.76
2022,2,IL,Final,"389,609","3,737,284","634,339",10.42
2022,2,IN,Final,"217,658","1,795,759","356,657",12.12
2022,2,KS,Final,"122,256","1,163,344","243,980",10.51
2022,2,KY,Final,"169,036","1,501,598","318,712",11.26
2022,2,LA,Final,"180,256","1,708,726","286,157",10.55
2022,2,MA,Final,"380,803","1,946,484","434,538",19.56
2022,2,MD,Final,"257,236","2,091,899","260,054",12.3
2022,2,ME,Final,"55,767","350,498","100,418",15.91
2022,2,MI,Final,"353,720","2,842,624","552,879",12.44
2022,2,MN,Final,"207,069","1,794,176","306,752",11.54
2022,2,MO,Final,"188,799","2,285,738","397,851",8.26
2022,2,MS,Final,"116,783","1,006,943","240,820",11.6
2022,2,MT,Final,"42,944","438,909","114,032",9.78
2022,2,NC,Final,"318,513","3,662,983","743,185",8.7
2022,2,ND,Final,"57,393","684,706","76,493",8.38
2022,2,NE,Final,"64,967","781,030","157,086",8.32
2022,2,NH,Final,"59,630","322,482","110,631",18.49
2022,2,NJ,Final,"369,463","2,853,919","530,243",12.95
2022,2,NM,Final,"63,864","616,411","146,696",10.36
2022,2,NV,Final,"72,948","826,447","172,740",8.83
2022,2,NY,Final,"1,013,139","5,844,531","1,156,090",17.33
2022,2,OH,Final,"349,968","3,476,906","641,313",10.07
2022,2,OK,Final,"135,783","1,490,120","297,958",9.11
2022,2,OR,Final,"113,232","1,221,546","243,180",9.27
2022,2,PA,Final,"301,707","2,997,119","725,896",10.07
2022,2,RI,Final,"50,890","277,479","61,045",18.34
2022,2,SC,Final,"182,239","1,740,850","402,915",10.47
2022,2,SD,Final,"40,015","402,498","75,431",9.94
2022,2,TN,Final,"308,693","2,783,658","525,734",11.09
2022,2,TX,Final,"936,893","11,330,766","1,558,106",8.27
2022,2,UT,Final,"77,214","955,022","141,133",8.09
2022,2,VA,Final,"446,187","5,259,996","435,576",8.48
2022,2,VT,Final,"25,761","153,716","61,041",16.76
2022,2,WA,Final,"231,101","2,441,279","393,444",9.47
2022,2,WI,Final,"213,623","1,836,111","362,364",11.63
2022,2,WV,Final,"54,942","539,515","149,230",10.18
2022,2,WY,Final,"27,447","299,210","58,039",9.17
2022,1,AK,Final,"47,168","239,856","56,123",19.67
2022,1,AL,Final,"222,238","1,815,442","377,353",12.24
2022,1,AR,Final,"86,592","947,801","204,217",9.14
2022,1,AZ,Final,"223,161","2,230,675","339,409",10
2022,1,CA,Final,"1,647,960","8,890,004","1,740,887",18.54
2022,1,CO,Final,"177,817","1,714,835","387,586",10.37
2022,1,CT,Final,"176,890","1,002,274","155,504",17.65
2022,1,DC,Final,"93,871","630,350","26,909",14.89
2022,1,DE,Final,"37,104","380,873","58,472",9.74
2022,1,FL,Final,"761,731","7,054,766","1,266,514",10.8
2022,1,GA,Final,"416,774","3,988,573","603,529",10.45
2022,1,HI,Final,"77,780","216,502","60,110",35.93
2022,1,IA,Final,"106,595","1,155,206","244,607",9.23
2022,1,ID,Final,"46,162","593,095","117,356",7.78
2022,1,IL,Final,"398,052","4,167,285","634,873",9.55
2022,1,IN,Final,"227,371","1,952,084","366,623",11.65
2022,1,KS,Final,"128,691","1,238,632","244,774",10.39
2022,1,KY,Final,"186,263","1,669,349","318,862",11.16
2022,1,LA,Final,"202,731","1,869,170","300,105",10.85
2022,1,MA,Final,"393,817","2,021,638","435,333",19.48
2022,1,MD,Final,"286,123","2,442,278","259,811",11.72
2022,1,ME,Final,"53,677","386,414","101,940",13.89
2022,1,MI,Final,"397,473","3,212,763","552,795",12.37
2022,1,MN,Final,"219,260","1,971,170","308,007",11.12
2022,1,MO,Final,"209,960","2,536,672","397,547",8.28
2022,1,MS,Final,"119,025","1,078,896","244,233",11.03
2022,1,MT,Final,"44,549","442,536","113,975",10.07
2022,1,NC,Final,"321,780","4,216,220","718,452",7.63
2022,1,ND,Final,"60,221","706,321","76,454",8.53
2022,1,NE,Final,"66,308","792,996","157,404",8.36
2022,1,NH,Final,"64,247","367,599","110,599",17.48
2022,1,NJ,Final,"418,625","3,273,890","533,013",12.79
2022,1,NM,Final,"73,081","719,121","146,583",10.16
2022,1,NV,Final,"79,349","913,977","173,208",8.68
2022,1,NY,Final,"991,047","5,980,281","1,159,802",16.57
2022,1,OH,Final,"371,884","3,871,989","641,237",9.6
2022,1,OK,Final,"148,700","1,698,559","298,228",8.75
2022,1,OR,Final,"135,484","1,447,490","243,640",9.36
2022,1,PA,Final,"333,679","3,494,682","728,245",9.55
2022,1,RI,Final,"53,119","302,102","60,347",17.58
2022,1,SC,Final,"199,574","1,956,494","398,127",10.2
2022,1,SD,Final,"41,926","436,994","75,455",9.59
2022,1,TN,Final,"323,820","2,855,645","526,294",11.34
2022,1,TX,Final,"936,285","12,057,064","1,575,653",7.77
2022,1,UT,Final,"77,875","1,003,361","140,774",7.76
2022,1,VA,Final,"493,312","5,706,018","435,381",8.65
2022,1,VT,Final,"28,691","169,910","60,846",16.89
2022,1,WA,Final,"257,188","2,737,656","396,612",9.39
2022,1,WI,Final,"233,082","2,035,345","364,494",11.45
2022,1,WV,Final,"66,705","693,421","149,096",9.62
2022,1,WY,Final,"28,826","318,817","58,112",9.04
2021,12,AK,Final,"46,136","239,940","56,244",19.23
2021,12,AL,Final,"146,757","1,654,807","380,932",8.87
2021,12,AR,Final,"79,770","876,248","205,315",9.1
2021,12,AZ,Final,"224,171","2,227,717","336,658",10.06
2021,12,CA,Final,"1,686,796","9,184,347","1,847,878",18.37
2021,12,CO,Final,"172,860","1,644,639","390,104",10.51
2021,12,CT,Final,"151,219","912,528","156,046",16.57
2021,12,DC,Final,"82,714","587,104","26,877",14.09
2021,12,DE,Final,"33,228","340,778","58,900",9.75
2021,12,FL,Final,"745,017","7,604,876","1,295,618",9.8
2021,12,GA,Final,"376,271","3,516,136","604,609",10.7
2021,12,HI,Final,"79,036","231,446","60,133",34.15
2021,12,IA,Final,"96,168","1,038,044","247,664",9.26
2021,12,ID,Final,"44,468","576,399","118,396",7.71
2021,12,IL,Final,"378,143","3,872,898","635,547",9.76
2021,12,IN,Final,"208,423","1,748,352","366,231",11.92
2021,12,KS,Final,"120,034","1,166,127","246,826",10.29
2021,12,KY,Final,"162,661","1,414,024","318,782",11.5
2021,12,LA,Final,"190,818","1,750,109","304,247",10.9
2021,12,MA,Final,"325,694","1,835,868","432,989",17.74
2021,12,MD,Final,"254,371","2,215,853","259,031",11.48
2021,12,ME,Final,"49,489","355,712","101,535",13.91
2021,12,MI,Final,"363,355","2,966,372","552,671",12.25
2021,12,MN,Final,"200,450","1,870,629","307,656",10.72
2021,12,MO,Final,"190,068","2,246,556","397,447",8.46
2021,12,MS,Final,"113,030","1,017,762","245,060",11.11
2021,12,MT,Final,"45,473","430,172","113,722",10.57
2021,12,NC,Final,"334,478","3,709,722","745,054",9.02
2021,12,ND,Final,"54,511","651,459","77,407",8.37
2021,12,NE,Final,"67,096","785,162","157,909",8.55
2021,12,NH,Final,"56,466","339,013","110,439",16.66
2021,12,NJ,Final,"356,028","2,930,946","531,208",12.15
2021,12,NM,Final,"69,633","675,422","146,842",10.31
2021,12,NV,Final,"72,172","905,070","172,864",7.97
2021,12,NY,Final,"885,001","5,770,098","1,165,815",15.34
2021,12,OH,Final,"355,748","3,613,335","641,619",9.85
2021,12,OK,Final,"127,718","1,482,412","300,198",8.62
2021,12,OR,Final,"136,415","1,507,581","243,512",9.05
2021,12,PA,Final,"290,749","3,012,781","727,320",9.65
2021,12,RI,Final,"47,625","287,567","59,044",16.56
2021,12,SC,Final,"169,131","1,547,610","407,986",10.93
2021,12,SD,Final,"40,290","406,949","75,129",9.9
2021,12,TN,Final,"301,276","2,659,828","523,740",11.33
2021,12,TX,Final,"933,268","11,699,208","1,580,234",7.98
2021,12,UT,Final,"76,588","1,013,886","140,623",7.55
2021,12,VA,Final,"383,719","4,476,439","444,461",8.57
2021,12,VT,Final,"26,652","156,712","60,694",17.01
2021,12,WA,Final,"238,960","2,572,097","394,825",9.29
2021,12,WI,Final,"206,458","1,926,706","364,070",10.72
2021,12,WV,Final,"51,833","550,344","148,978",9.42
2021,12,WY,Final,"27,949","309,776","58,136",9.02
2021,11,AK,Final,"44,741","225,179","56,168",19.87
2021,11,AL,Final,"202,752","1,635,310","378,464",12.4
2021,11,AR,Final,"75,031","846,522","204,334",8.86
2021,11,AZ,Final,"215,018","2,217,075","336,568",9.7
2021,11,CA,Final,"1,581,623","8,984,985","1,740,020",17.6
2021,11,CO,Final,"174,520","1,606,263","390,353",10.86
2021,11,CT,Final,"154,046","926,902","155,761",16.62
2021,11,DC,Final,"87,914","606,917","26,871",14.49
2021,11,DE,Final,"33,348","328,587","58,829",10.15
2021,11,FL,Final,"693,104","6,793,253","1,271,274",10.2
2021,11,GA,Final,"392,437","3,480,272","604,054",11.28
2021,11,HI,Final,"76,004","236,847","60,149",32.09
2021,11,IA,Final,"93,236","975,880","247,665",9.55
2021,11,ID,Final,"41,529","525,262","118,179",7.91
2021,11,IL,Final,"374,649","3,616,663","634,475",10.36
2021,11,IN,Final,"213,480","1,776,610","365,928",12.02
2021,11,KS,Final,"123,410","1,173,964","246,755",10.51
2021,11,KY,Final,"164,430","1,457,551","318,425",11.28
2021,11,LA,Final,"191,725","1,741,800","302,043",11.01
2021,11,MA,Final,"323,330","1,900,753","439,439",17.01
2021,11,MD,Final,"231,875","2,145,226","258,868",10.81
2021,11,ME,Final,"40,079","289,196","97,697",13.86
2021,11,MI,Final,"352,042","2,805,077","552,663",12.55
2021,11,MN,Final,"195,205","1,725,523","307,986",11.31
2021,11,MO,Final,"188,335","2,184,192","396,795",8.62
2021,11,MS,Final,"118,152","1,046,040","245,065",11.3
2021,11,MT,Final,"41,960","385,877","113,283",10.87
2021,11,NC,Final,"290,374","3,465,869","720,826",8.38
2021,11,ND,Final,"54,504","575,584","77,414",9.47
2021,11,NE,Final,"62,312","736,097","157,976",8.47
2021,11,NH,Final,"53,110","325,648","110,212",16.31
2021,11,NJ,Final,"350,050","2,774,629","531,225",12.62
2021,11,NM,Final,"70,162","656,205","146,867",10.69
2021,11,NV,Final,"71,752","885,439","172,222",8.1
2021,11,NY,Final,"863,734","5,503,135","1,137,008",15.7
2021,11,OH,Final,"362,097","3,527,224","641,254",10.27
2021,11,OK,Final,"132,282","1,503,590","299,542",8.8
2021,11,OR,Final,"122,480","1,336,177","244,030",9.17
2021,11,PA,Final,"277,456","2,880,211","726,373",9.63
2021,11,RI,Final,"42,738","280,502","59,858",15.24
2021,11,SC,Final,"185,735","1,542,949","401,193",12.04
2021,11,SD,Final,"36,720","375,276","75,253",9.78
2021,11,TN,Final,"292,418","2,622,777","522,692",11.15
2021,11,TX,Final,"970,208","11,593,623","1,563,815",8.37
2021,11,UT,Final,"74,000","947,812","140,206",7.81
2021,11,VA,Final,"424,188","5,162,013","444,737",8.22
2021,11,VT,Final,"25,245","145,954","60,624",17.3
2021,11,WA,Final,"218,282","2,344,089","396,554",9.31
2021,11,WI,Final,"197,238","1,814,537","362,352",10.87
2021,11,WV,Final,"60,588","591,919","148,845",10.24
2021,11,WY,Final,"25,905","277,090","58,154",9.35
2021,10,AK,Final,"41,723","209,569","56,162",19.91
2021,10,AL,Final,"223,672","1,825,057","378,975",12.26
2021,10,AR,Final,"99,847","989,389","199,932",10.09
2021,10,AZ,Final,"248,907","2,398,513","336,223",10.38
2021,10,CA,Final,"2,058,590","10,165,578","1,767,401",20.25
2021,10,CO,Final,"185,936","1,705,672","390,531",10.9
2021,10,CT,Final,"156,851","941,369","155,782",16.66
2021,10,DC,Final,"79,111","568,779","26,828",13.91
2021,10,DE,Final,"31,927","332,951","58,827",9.59
2021,10,FL,Final,"807,568","8,380,548","1,277,878",9.64
2021,10,GA,Final,"434,552","3,839,968","602,571",11.32
2021,10,HI,Final,"76,994","243,318","60,028",31.64
2021,10,IA,Final,"97,436","1,025,643","247,267",9.5
2021,10,ID,Final,"42,330","520,857","118,186",8.13
2021,10,IL,Final,"392,523","3,779,856","633,973",10.38
2021,10,IN,Final,"223,475","1,909,539","365,877",11.7
2021,10,KS,Final,"131,450","1,258,432","246,119",10.45
2021,10,KY,Final,"166,400","1,526,444","318,225",10.9
2021,10,LA,Final,"202,512","1,905,309","295,162",10.63
2021,10,MA,Final,"328,640","1,890,738","427,080",17.38
2021,10,MD,Final,"235,921","2,208,439","258,516",10.68
2021,10,ME,Final,"43,242","313,082","98,264",13.81
2021,10,MI,Final,"370,957","3,005,142","552,049",12.34
2021,10,MN,Final,"207,897","1,814,998","307,194",11.45
2021,10,MO,Final,"199,746","2,351,165","396,276",8.5
2021,10,MS,Final,"128,157","1,179,844","241,500",10.86
2021,10,MT,Final,"41,640","382,909","113,147",10.87
2021,10,NC,Final,"350,975","4,050,342","743,658",8.67
2021,10,ND,Final,"49,372","534,917","77,352",9.23
2021,10,NE,Final,"65,291","749,536","157,927",8.71
2021,10,NH,Final,"55,004","335,629","110,484",16.39
2021,10,NJ,Final,"372,223","2,959,384","530,778",12.58
2021,10,NM,Final,"75,836","717,453","146,610",10.57
2021,10,NV,Final,"78,214","968,933","172,066",8.07
2021,10,NY,Final,"979,626","5,722,216","1,173,203",17.12
2021,10,OH,Final,"386,269","3,810,247","641,734",10.14
2021,10,OK,Final,"161,632","1,640,662","298,951",9.85
2021,10,OR,Final,"121,276","1,301,548","243,160",9.32
2021,10,PA,Final,"278,227","3,000,157","726,483",9.27
2021,10,RI,Final,"44,652","288,833","60,497",15.46
2021,10,SC,Final,"197,099","1,765,261","405,999",11.17
2021,10,SD,Final,"37,813","382,841","75,456",9.88
2021,10,TN,Final,"313,133","2,897,670","523,409",10.81
2021,10,TX,Final,"1,072,148","13,272,873","1,568,843",8.08
2021,10,UT,Final,"81,844","981,744","139,836",8.34
2021,10,VA,Final,"410,116","4,942,281","444,127",8.3
2021,10,VT,Final,"25,962","150,148","60,733",17.29
2021,10,WA,Final,"219,498","2,314,599","394,094",9.48
2021,10,WI,Final,"206,054","1,906,593","362,195",10.81
2021,10,WV,Final,"60,058","601,283","148,843",9.99
2021,10,WY,Final,"26,948","278,220","58,218",9.69
2021,9,AK,Final,"39,349","201,309","56,222",19.55
2021,9,AL,Final,"241,552","2,026,358","378,689",11.92
2021,9,AR,Final,"108,304","1,136,184","202,771",9.53
2021,9,AZ,Final,"310,107","2,886,310","335,966",10.74
2021,9,CA,Final,"2,180,311","10,005,471","1,760,108",21.79
2021,9,CO,Final,"208,022","1,820,457","390,145",11.43
2021,9,CT,Final,"170,775","968,748","155,596",17.63
2021,9,DC,Final,"73,049","567,739","26,835",12.87
2021,9,DE,Final,"35,396","356,893","58,837",9.92
2021,9,FL,Final,"841,731","8,714,988","1,277,105",9.66
2021,9,GA,Final,"442,684","4,129,236","602,542",10.72
2021,9,HI,Final,"76,820","244,236","60,071",31.45
2021,9,IA,Final,"114,614","1,012,722","247,457",11.32
2021,9,ID,Final,"41,743","533,528","117,916",7.82
2021,9,IL,Final,"401,863","4,099,640","634,067",9.8
2021,9,IN,Final,"237,903","2,037,684","365,805",11.68
2021,9,KS,Final,"153,436","1,459,590","245,771",10.51
2021,9,KY,Final,"182,865","1,635,131","317,794",11.18
2021,9,LA,Final,"207,544","1,972,125","296,923",10.52
2021,9,MA,Final,"384,531","2,163,156","432,690",17.78
2021,9,MD,Final,"236,291","2,307,741","258,203",10.24
2021,9,ME,Final,"48,821","378,462","99,539",12.9
2021,9,MI,Final,"387,659","3,155,706","552,152",12.28
2021,9,MN,Final,"218,312","1,824,666","307,533",11.96
2021,9,MO,Final,"267,074","2,565,703","396,315",10.41
2021,9,MS,Final,"141,706","1,342,033","242,972",10.56
2021,9,MT,Final,"43,438","404,812","113,131",10.73
2021,9,NC,Final,"385,915","4,435,755","743,132",8.7
2021,9,ND,Final,"51,286","524,138","77,386",9.78
2021,9,NE,Final,"71,800","787,771","158,540",9.11
2021,9,NH,Final,"54,654","340,897","110,494",16.03
2021,9,NJ,Final,"369,189","2,906,637","529,090",12.7
2021,9,NM,Final,"95,697","837,073","146,611",11.43
2021,9,NV,Final,"91,403","1,130,522","172,082",8.09
2021,9,NY,Final,"1,129,313","6,356,479","1,157,445",17.77
2021,9,OH,Final,"385,971","3,852,692","641,517",10.02
2021,9,OK,Final,"182,805","1,895,579","298,675",9.64
2021,9,OR,Final,"122,824","1,340,688","243,082",9.16
2021,9,PA,Final,"287,789","3,169,434","726,165",9.08
2021,9,RI,Final,"45,255","301,089","58,819",15.03
2021,9,SC,Final,"205,616","1,907,184","406,330",10.78
2021,9,SD,Final,"41,966","406,857","75,276",10.31
2021,9,TN,Final,"363,611","3,287,128","522,457",11.06
2021,9,TX,Final,"1,146,540","14,163,871","1,570,083",8.09
2021,9,UT,Final,"93,830","1,082,983","139,733",8.66
2021,9,VA,Final,"406,197","5,042,121","443,682",8.06
2021,9,VT,Final,"26,563","157,411","60,719",16.87
2021,9,WA,Final,"211,424","2,303,213","396,784",9.18
2021,9,WI,Final,"218,812","1,947,172","363,585",11.24
2021,9,WV,Final,"55,859","581,127","148,644",9.61
2021,9,WY,Final,"27,322","280,236","58,276",9.75
2021,8,AK,Final,"39,841","202,661","56,179",19.66
2021,8,AL,Final,"270,446","2,231,996","378,320",12.12
2021,8,AR,Final,"114,164","1,190,547","203,062",9.59
2021,8,AZ,Final,"338,125","3,154,694","335,516",10.72
2021,8,CA,Final,"2,338,632","10,976,909","1,764,119",21.31
2021,8,CO,Final,"231,507","1,996,718","390,020",11.59
2021,8,CT,Final,"193,002","1,321,826","155,709",14.6
2021,8,DC,Final,"96,881","706,729","26,809",13.71
2021,8,DE,Final,"40,049","426,790","58,792",9.38
2021,8,FL,Final,"848,711","9,143,807","1,267,135",9.28
2021,8,GA,Final,"498,640","4,617,874","602,358",10.8
2021,8,HI,Final,"77,956","254,185","60,044",30.67
2021,8,IA,Final,"131,994","1,115,473","246,989",11.83
2021,8,ID,Final,"48,831","590,180","117,738",8.27
2021,8,IL,Final,"439,071","4,607,540","633,316",9.53
2021,8,IN,Final,"267,792","2,321,512","365,368",11.54
2021,8,KS,Final,"171,048","1,596,350","246,163",10.71
2021,8,KY,Final,"199,484","1,882,510","317,418",10.6
2021,8,LA,Final,"229,935","2,253,639","300,893",10.2
2021,8,MA,Final,"409,879","2,309,715","434,385",17.75
2021,8,MD,Final,"274,815","2,728,132","258,028",10.07
2021,8,ME,Final,"46,109","364,268","99,309",12.66
2021,8,MI,Final,"456,552","3,700,762","551,444",12.34
2021,8,MN,Final,"247,828","2,090,733","306,986",11.85
2021,8,MO,Final,"309,646","2,894,007","395,748",10.7
2021,8,MS,Final,"147,872","1,394,341","243,960",10.61
2021,8,MT,Final,"46,423","436,463","112,955",10.64
2021,8,NC,Final,"418,615","4,875,099","741,765",8.59
2021,8,ND,Final,"53,702","567,501","77,328",9.46
2021,8,NE,Final,"83,173","909,203","158,277",9.15
2021,8,NH,Final,"63,144","401,333","110,387",15.73
2021,8,NJ,Final,"481,314","3,641,904","530,826",13.22
2021,8,NM,Final,"99,869","847,689","146,583",11.78
2021,8,NV,Final,"104,343","1,291,147","172,230",8.08
2021,8,NY,Final,"1,169,299","6,665,713","1,160,720",17.54
2021,8,OH,Final,"424,807","4,398,345","641,233",9.66
2021,8,OK,Final,"197,172","2,106,378","298,309",9.36
2021,8,OR,Final,"136,241","1,488,936","242,511",9.15
2021,8,PA,Final,"322,835","3,595,395","724,874",8.98
2021,8,RI,Final,"54,557","363,467","60,735",15.01
2021,8,SC,Final,"237,000","2,204,786","406,017",10.75
2021,8,SD,Final,"47,020","451,112","75,520",10.42
2021,8,TN,Final,"383,794","3,505,890","521,745",10.95
2021,8,TX,Final,"1,153,550","14,450,626","1,570,589",7.98
2021,8,UT,Final,"97,407","1,170,762","139,535",8.32
2021,8,VA,Final,"463,063","5,748,516","443,619",8.06
2021,8,VT,Final,"29,277","180,535","60,594",16.22
2021,8,WA,Final,"227,737","2,519,111","394,307",9.04
2021,8,WI,Final,"251,186","2,248,118","360,902",11.17
2021,8,WV,Final,"61,282","669,262","148,774",9.16
2021,8,WY,Final,"28,292","299,936","58,303",9.43
2021,7,AK,Final,"40,462","202,320","56,111",20
2021,7,AL,Final,"257,423","2,131,492","377,361",12.08
2021,7,AR,Final,"108,727","1,137,739","200,751",9.56
2021,7,AZ,Final,"352,497","3,134,218","336,037",11.25
2021,7,CA,Final,"2,232,261","10,664,725","1,759,227",20.93
2021,7,CO,Final,"233,987","1,996,663","389,166",11.72
2021,7,CT,Final,"174,527","1,007,072","155,991",17.33
2021,7,DC,Final,"91,395","710,253","26,778",12.87
2021,7,DE,Final,"38,222","413,622","58,722",9.24
2021,7,FL,Final,"827,098","8,927,661","1,285,349",9.26
2021,7,GA,Final,"480,990","4,457,085","601,346",10.79
2021,7,HI,Final,"76,350","248,736","60,007",30.7
2021,7,IA,Final,"132,008","1,130,359","246,890",11.68
2021,7,ID,Final,"51,377","643,045","117,545",7.99
2021,7,IL,Final,"412,356","4,386,619","633,003",9.4
2021,7,IN,Final,"253,884","2,230,262","364,966",11.38
2021,7,KS,Final,"161,057","1,493,749","244,996",10.78
2021,7,KY,Final,"194,136","1,816,271","317,134",10.69
2021,7,LA,Final,"210,912","2,180,529","298,318",9.67
2021,7,MA,Final,"387,866","2,186,340","433,829",17.74
2021,7,MD,Final,"269,162","2,711,171","257,870",9.93
2021,7,ME,Final,"42,902","345,351","94,599",12.42
2021,7,MI,Final,"427,613","3,497,596","552,621",12.23
2021,7,MN,Final,"254,162","2,111,805","307,008",12.04
2021,7,MO,Final,"298,255","2,792,903","395,350",10.68
2021,7,MS,Final,"141,134","1,341,317","241,205",10.52
2021,7,MT,Final,"47,786","451,601","112,849",10.58
2021,7,NC,Final,"408,734","4,711,787","740,895",8.67
2021,7,ND,Final,"56,082","571,068","77,284",9.82
2021,7,NE,Final,"80,200","855,727","158,315",9.37
2021,7,NH,Final,"59,370","368,128","110,285",16.13
2021,7,NJ,Final,"469,803","3,493,873","530,210",13.45
2021,7,NM,Final,"100,258","850,248","146,410",11.79
2021,7,NV,Final,"110,197","1,339,379","171,738",8.23
2021,7,NY,Final,"1,162,210","6,702,698","1,163,945",17.34
2021,7,OH,Final,"415,902","4,302,509","640,871",9.67
2021,7,OK,Final,"185,829","1,989,683","297,611",9.34
2021,7,OR,Final,"135,240","1,482,645","242,359",9.12
2021,7,PA,Final,"308,741","3,517,161","727,557",8.78
2021,7,RI,Final,"51,475","343,859","59,106",14.97
2021,7,SC,Final,"223,090","2,173,314","405,012",10.27
2021,7,SD,Final,"46,217","445,298","75,339",10.38
2021,7,TN,Final,"371,478","3,379,518","521,040",10.99
2021,7,TX,Final,"1,140,957","14,321,931","1,572,864",7.97
2021,7,UT,Final,"99,813","1,199,007","139,454",8.32
2021,7,VA,Final,"446,589","5,672,003","442,850",7.87
2021,7,VT,Final,"27,452","166,708","60,631",16.47
2021,7,WA,Final,"223,852","2,443,673","395,464",9.16
2021,7,WI,Final,"241,771","2,189,083","362,000",11.04
2021,7,WV,Final,"60,689","686,425","148,277",8.84
2021,7,WY,Final,"28,864","299,508","58,246",9.64
2021,6,AK,Final,"40,268","198,248","56,039",20.31
2021,6,AL,Final,"238,383","1,969,136","377,035",12.11
2021,6,AR,Final,"96,701","1,018,739","201,785",9.49
2021,6,AZ,Final,"322,687","2,975,063","335,899",10.85
2021,6,CA,Final,"2,036,622","10,043,762","1,790,651",20.28
2021,6,CO,Final,"208,757","1,795,716","389,319",11.63
2021,6,CT,Final,"176,733","1,101,718","155,924",16.04
2021,6,DC,Final,"76,559","616,241","26,774",12.42
2021,6,DE,Final,"37,044","397,593","58,630",9.32
2021,6,FL,Final,"790,384","8,438,532","1,267,330",9.37
2021,6,GA,Final,"431,678","4,112,165","601,171",10.5
2021,6,HI,Final,"71,515","239,120","59,933",29.91
2021,6,IA,Final,"118,910","1,051,443","246,509",11.31
2021,6,ID,Final,"49,618","588,635","117,312",8.43
2021,6,IL,Final,"389,982","4,148,624","633,053",9.4
2021,6,IN,Final,"230,381","2,006,702","364,622",11.48
2021,6,KS,Final,"149,867","1,384,785","245,099",10.82
2021,6,KY,Final,"174,874","1,679,285","316,721",10.41
2021,6,LA,Final,"209,472","2,061,633","299,831",10.16
2021,6,MA,Final,"361,848","2,155,587","435,733",16.79
2021,6,MD,Final,"254,999","2,549,208","257,756",10
2021,6,ME,Final,"41,659","336,513","98,452",12.38
2021,6,MI,Final,"419,953","3,385,721","551,124",12.4
2021,6,MN,Final,"251,953","1,993,788","306,573",12.64
2021,6,MO,Final,"279,866","2,603,313","395,284",10.75
2021,6,MS,Final,"131,021","1,223,175","242,312",10.71
2021,6,MT,Final,"43,232","406,017","112,692",10.65
2021,6,NC,Final,"352,385","4,151,012","738,360",8.49
2021,6,ND,Final,"52,669","546,045","77,169",9.65
2021,6,NE,Final,"78,347","848,543","157,495",9.23
2021,6,NH,Final,"59,790","371,232","110,263",16.11
2021,6,NJ,Final,"426,907","3,179,859","529,061",13.43
2021,6,NM,Final,"89,860","802,070","146,357",11.2
2021,6,NV,Final,"94,902","1,212,573","171,420",7.83
2021,6,NY,Final,"1,015,125","5,937,101","1,164,509",17.1
2021,6,OH,Final,"385,877","3,924,821","640,994",9.83
2021,6,OK,Final,"175,505","1,918,319","297,271",9.15
2021,6,OR,Final,"128,906","1,425,332","242,079",9.04
2021,6,PA,Final,"274,787","3,130,400","728,791",8.78
2021,6,RI,Final,"49,842","333,966","60,950",14.92
2021,6,SC,Final,"202,796","1,893,749","404,349",10.71
2021,6,SD,Final,"44,037","414,017","75,184",10.64
2021,6,TN,Final,"339,744","3,066,000","520,448",11.08
2021,6,TX,Final,"1,019,733","13,560,302","1,573,767",7.52
2021,6,UT,Final,"97,948","1,137,048","139,193",8.61
2021,6,VA,Final,"394,723","5,169,849","442,496",7.64
2021,6,VT,Final,"27,517","165,503","60,595",16.63
2021,6,WA,Final,"221,628","2,430,583","393,634",9.12
2021,6,WI,Final,"236,164","2,067,516","360,911",11.42
2021,6,WV,Final,"56,840","604,099","148,282",9.41
2021,6,WY,Final,"29,843","282,294","58,153",10.57
2021,5,AK,Final,"40,718","198,925","55,950",20.47
2021,5,AL,Final,"209,163","1,744,093","373,412",11.99
2021,5,AR,Final,"78,982","872,790","202,157",9.05
2021,5,AZ,Final,"275,187","2,548,114","335,018",10.8
2021,5,CA,Final,"1,410,044","7,939,179","1,723,144",17.76
2021,5,CO,Final,"174,467","1,669,419","387,973",10.45
2021,5,CT,Final,"144,238","900,802","156,070",16.01
2021,5,DC,Final,"71,693","566,944","26,754",12.65
2021,5,DE,Final,"31,384","332,095","58,526",9.45
2021,5,FL,Final,"757,962","8,086,544","1,272,931",9.37
2021,5,GA,Final,"386,805","3,739,742","599,323",10.34
2021,5,HI,Final,"71,940","241,428","59,892",29.8
2021,5,IA,Final,"92,991","910,414","246,401",10.21
2021,5,ID,Final,"39,799","511,725","117,005",7.78
2021,5,IL,Final,"349,991","3,620,020","632,589",9.67
2021,5,IN,Final,"209,306","1,787,166","363,873",11.71
2021,5,KS,Final,"129,101","1,200,784","244,645",10.75
2021,5,KY,Final,"157,424","1,459,628","316,347",10.79
2021,5,LA,Final,"186,289","1,787,615","295,452",10.42
2021,5,MA,Final,"285,195","1,780,557","433,956",16.02
2021,5,MD,Final,"210,659","2,113,920","257,330",9.97
2021,5,ME,Final,"36,014","287,520","94,923",12.53
2021,5,MI,Final,"366,632","2,917,521","550,821",12.57
2021,5,MN,Final,"197,925","1,755,304","306,354",11.28
2021,5,MO,Final,"188,578","2,201,962","395,622",8.56
2021,5,MS,Final,"116,113","1,064,557","240,775",10.91
2021,5,MT,Final,"38,892","370,822","112,462",10.49
2021,5,NC,Final,"304,383","3,793,501","724,934",8.02
2021,5,ND,Final,"48,799","521,835","77,067",9.35
2021,5,NE,Final,"60,240","682,340","157,507",8.83
2021,5,NH,Final,"50,144","315,930","109,793",15.87
2021,5,NJ,Final,"376,224","2,901,448","529,773",12.97
2021,5,NM,Final,"75,982","722,932","146,160",10.51
2021,5,NV,Final,"73,824","1,050,829","171,409",7.03
2021,5,NY,Final,"784,257","5,028,025","1,165,989",15.6
2021,5,OH,Final,"353,037","3,629,618","639,368",9.73
2021,5,OK,Final,"126,931","1,589,254","296,256",7.99
2021,5,OR,Final,"122,105","1,321,920","241,819",9.24
2021,5,PA,Final,"243,151","2,797,236","724,339",8.69
2021,5,RI,Final,"40,231","277,346","60,831",14.51
2021,5,SC,Final,"175,442","1,731,324","399,625",10.13
2021,5,SD,Final,"37,619","362,210","74,863",10.39
2021,5,TN,Final,"284,365","2,646,267","518,670",10.75
2021,5,TX,Final,"1,030,496","12,183,528","1,563,780",8.46
2021,5,UT,Final,"79,080","958,303","138,884",8.25
2021,5,VA,Final,"347,395","4,675,843","441,449",7.43
2021,5,VT,Final,"24,145","145,045","60,324",16.65
2021,5,WA,Final,"193,695","2,136,381","393,627",9.07
2021,5,WI,Final,"197,847","1,795,366","359,717",11.02
2021,5,WV,Final,"55,017","561,374","147,981",9.8
2021,5,WY,Final,"26,867","273,769","57,925",9.81
2021,4,AK,Final,"40,181","207,488","55,804",19.37
2021,4,AL,Final,"196,022","1,620,832","375,258",12.09
2021,4,AR,Final,"73,809","841,238","200,619",8.77
2021,4,AZ,Final,"225,552","2,282,122","334,798",9.88
2021,4,CA,Final,"1,223,964","6,528,132","1,750,512",18.75
2021,4,CO,Final,"160,030","1,549,172","387,513",10.33
2021,4,CT,Final,"143,658","858,813","155,891",16.73
2021,4,DC,Final,"59,844","495,800","26,718",12.07
2021,4,DE,Final,"27,334","302,118","57,842",9.05
2021,4,FL,Final,"683,370","7,347,600","1,272,154",9.3
2021,4,GA,Final,"351,068","3,435,320","598,859",10.22
2021,4,HI,Final,"63,643","212,896","59,812",29.89
2021,4,IA,Final,"81,080","883,282","245,937",9.18
2021,4,ID,Final,"39,206","507,660","116,902",7.72
2021,4,IL,Final,"322,804","3,364,057","631,809",9.6
2021,4,IN,Final,"193,555","1,684,141","363,461",11.49
2021,4,KS,Final,"112,649","1,057,702","244,548",10.65
2021,4,KY,Final,"149,058","1,381,269","315,803",10.79
2021,4,LA,Final,"169,199","1,674,518","295,215",10.1
2021,4,MA,Final,"282,801","1,801,861","430,382",15.7
2021,4,MD,Final,"189,501","1,915,631","257,702",9.89
2021,4,ME,Final,"40,239","327,605","97,949",12.28
2021,4,MI,Final,"336,185","2,741,289","550,216",12.26
2021,4,MN,Final,"174,216","1,604,919","305,884",10.86
2021,4,MO,Final,"177,733","2,121,388","393,899",8.38
2021,4,MS,Final,"109,507","1,011,541","241,583",10.83
2021,4,MT,Final,"40,081","390,834","112,528",10.26
2021,4,NC,Final,"290,430","3,719,309","729,616",7.81
2021,4,ND,Final,"46,541","523,615","76,950",8.89
2021,4,NE,Final,"59,824","685,799","156,771",8.72
2021,4,NH,Final,"50,877","306,179","109,495",16.62
2021,4,NJ,Final,"325,913","2,648,682","528,251",12.3
2021,4,NM,Final,"67,752","655,466","145,981",10.34
2021,4,NV,Final,"68,602","934,852","171,536",7.34
2021,4,NY,Final,"732,959","5,137,319","1,165,648",14.27
2021,4,OH,Final,"326,228","3,351,940","639,205",9.73
2021,4,OK,Final,"115,733","1,458,835","295,803",7.93
2021,4,OR,Final,"116,905","1,281,288","241,410",9.12
2021,4,PA,Final,"238,480","2,766,675","725,565",8.62
2021,4,RI,Final,"40,330","266,188","60,064",15.15
2021,4,SC,Final,"162,609","1,607,762","401,182",10.11
2021,4,SD,Final,"35,277","365,178","74,847",9.66
2021,4,TN,Final,"285,120","2,627,563","517,511",10.85
2021,4,TX,Final,"1,239,367","11,912,117","1,551,266",10.4
2021,4,UT,Final,"74,067","920,986","138,668",8.04
2021,4,VA,Final,"292,745","4,441,889","441,133",6.59
2021,4,VT,Final,"23,285","141,134","60,135",16.5
2021,4,WA,Final,"203,876","2,278,812","392,998",8.95
2021,4,WI,Final,"187,420","1,735,775","361,889",10.8
2021,4,WV,Final,"52,080","536,424","147,876",9.71
2021,4,WY,Final,"26,596","268,367","57,791",9.91
2021,3,AK,Final,"44,092","229,200","55,825",19.24
2021,3,AL,Final,"197,027","1,638,280","374,810",12.03
2021,3,AR,Final,"75,907","834,978","203,803",9.09
2021,3,AZ,Final,"202,210","2,112,300","333,985",9.57
2021,3,CA,Final,"1,656,557","9,935,325","1,768,378",16.67
2021,3,CO,Final,"162,605","1,625,918","386,365",10
2021,3,CT,Final,"148,497","882,900","155,833",16.82
2021,3,DC,Final,"62,858","516,645","26,692",12.17
2021,3,DE,Final,"30,201","317,518","57,564",9.51
2021,3,FL,Final,"673,836","7,241,285","1,280,335",9.31
2021,3,GA,Final,"349,030","3,478,337","598,517",10.03
2021,3,HI,Final,"67,360","220,863","59,749",30.5
2021,3,IA,Final,"88,622","985,297","245,936",8.99
2021,3,ID,Final,"41,047","529,357","116,433",7.75
2021,3,IL,Final,"365,642","3,743,892","631,422",9.77
2021,3,IN,Final,"204,270","1,762,030","363,325",11.59
2021,3,KS,Final,"118,916","1,133,207","244,716",10.49
2021,3,KY,Final,"150,703","1,413,549","315,727",10.66
2021,3,LA,Final,"165,788","1,668,923","302,611",9.93
2021,3,MA,Final,"312,610","1,875,811","433,294",16.67
2021,3,MD,Final,"211,916","2,109,126","257,620",10.05
2021,3,ME,Final,"41,081","328,066","100,138",12.52
2021,3,MI,Final,"356,256","2,908,665","549,766",12.25
2021,3,MN,Final,"180,315","1,774,316","306,297",10.16
2021,3,MO,Final,"181,527","2,188,375","393,705",8.3
2021,3,MS,Final,"109,859","1,004,421","242,629",10.94
2021,3,MT,Final,"42,407","406,773","112,378",10.43
2021,3,NC,Final,"295,227","3,277,623","721,468",9.01
2021,3,ND,Final,"51,778","587,285","77,032",8.82
2021,3,NE,Final,"62,775","727,792","156,377",8.63
2021,3,NH,Final,"53,147","332,651","109,588",15.98
2021,3,NJ,Final,"359,951","2,942,368","529,440",12.23
2021,3,NM,Final,"64,909","642,345","145,700",10.11
2021,3,NV,Final,"64,827","905,170","170,896",7.16
2021,3,NY,Final,"823,690","5,509,935","1,166,656",14.95
2021,3,OH,Final,"338,754","3,481,276","642,819",9.73
2021,3,OK,Final,"91,749","1,425,805","295,604",6.43
2021,3,OR,Final,"124,093","1,369,326","241,436",9.06
2021,3,PA,Final,"254,878","2,940,984","727,388",8.67
2021,3,RI,Final,"48,002","297,538","60,121",16.13
2021,3,SC,Final,"168,697","1,589,179","398,441",10.62
2021,3,SD,Final,"36,927","386,368","74,675",9.56
2021,3,TN,Final,"281,099","2,652,734","517,313",10.6
2021,3,TX,Final,"1,087,161","10,272,997","1,519,788",10.58
2021,3,UT,Final,"74,531","931,823","138,103",8
2021,3,VA,Final,"337,177","4,352,649","441,022",7.75
2021,3,VT,Final,"25,159","154,424","60,109",16.29
2021,3,WA,Final,"227,535","2,491,649","395,272",9.13
2021,3,WI,Final,"201,754","1,877,314","360,349",10.75
2021,3,WV,Final,"54,688","570,285","148,923",9.59
2021,3,WY,Final,"27,686","292,359","57,809",9.47
2021,2,AK,Final,"42,009","218,099","55,657",19.26
2021,2,AL,Final,"201,089","1,620,249","367,485",12.41
2021,2,AR,Final,"114,816","878,561","193,666",13.07
2021,2,AZ,Final,"184,510","1,931,321","333,803",9.55
2021,2,CA,Final,"1,170,919","6,616,061","1,646,625",17.7
2021,2,CO,Final,"158,422","1,509,487","385,046",10.5
2021,2,CT,Final,"155,484","911,036","155,544",17.07
2021,2,DC,Final,"65,645","518,883","26,734",12.65
2021,2,DE,Final,"30,081","316,870","57,391",9.49
2021,2,FL,Final,"637,126","6,559,986","1,250,586",9.71
2021,2,GA,Final,"358,071","3,333,083","588,927",10.74
2021,2,HI,Final,"59,155","194,474","59,721",30.42
2021,2,IA,Final,"96,970","999,911","244,959",9.7
2021,2,ID,Final,"38,569","515,565","116,174",7.48
2021,2,IL,Final,"355,330","3,797,958","631,786",9.36
2021,2,IN,Final,"206,632","1,811,774","362,508",11.41
2021,2,KS,Final,"128,947","1,260,191","241,375",10.23
2021,2,KY,Final,"153,064","1,497,692","314,418",10.22
2021,2,LA,Final,"166,586","1,693,871","286,283",9.83
2021,2,MA,Final,"322,171","1,927,376","428,843",16.72
2021,2,MD,Final,"217,231","2,134,044","257,195",10.18
2021,2,ME,Final,"38,742","301,392","97,489",12.85
2021,2,MI,Final,"340,137","2,777,751","548,280",12.25
2021,2,MN,Final,"174,732","1,724,482","304,722",10.13
2021,2,MO,Final,"193,734","2,449,166","392,509",7.91
2021,2,MS,Final,"112,665","1,009,107","232,116",11.16
2021,2,MT,Final,"43,001","421,412","112,110",10.2
2021,2,NC,Final,"305,129","3,446,149","711,475",8.85
2021,2,ND,Final,"52,591","596,864","76,787",8.81
2021,2,NE,Final,"64,218","774,244","155,375",8.29
2021,2,NH,Final,"53,518","323,539","109,376",16.54
2021,2,NJ,Final,"378,039","3,143,505","524,874",12.03
2021,2,NM,Final,"61,313","595,879","145,487",10.29
2021,2,NV,Final,"60,165","785,984","170,773",7.65
2021,2,NY,Final,"868,861","5,734,754","1,159,880",15.15
2021,2,OH,Final,"330,985","3,535,418","632,734",9.36
2021,2,OK,Final,"125,010","1,473,339","290,864",8.48
2021,2,OR,Final,"113,260","1,279,450","240,700",8.85
2021,2,PA,Final,"255,457","2,995,677","720,507",8.53
2021,2,RI,Final,"46,012","273,699","61,031",16.81
2021,2,SC,Final,"160,826","1,483,470","392,372",10.84
2021,2,SD,Final,"45,683","395,138","74,039",11.56
2021,2,TN,Final,"283,408","2,704,884","513,823",10.48
2021,2,TX,Final,"1,276,140","9,330,112","1,463,021",13.68
2021,2,UT,Final,"69,697","888,977","137,803",7.84
2021,2,VA,Final,"330,766","4,422,924","438,033",7.48
2021,2,VT,Final,"23,597","146,712","59,821",16.08
2021,2,WA,Final,"217,271","2,393,812","389,371",9.08
2021,2,WI,Final,"204,892","1,846,084","358,364",11.1
2021,2,WV,Final,"53,882","574,117","146,205",9.39
2021,2,WY,Final,"28,651","281,146","57,513",10.19
2021,1,AK,Final,"42,138","225,712","55,660",18.67
2021,1,AL,Final,"202,683","1,746,672","373,401",11.6
2021,1,AR,Final,"75,355","893,973","198,702",8.43
2021,1,AZ,Final,"199,781","2,122,618","334,028",9.41
2021,1,CA,Final,"1,284,750","7,717,121","1,693,032",16.65
2021,1,CO,Final,"161,175","1,664,346","386,627",9.68
2021,1,CT,Final,"157,174","967,456","155,340",16.25
2021,1,DC,Final,"67,752","581,677","26,724",11.65
2021,1,DE,Final,"29,746","330,449","57,364",9
2021,1,FL,Final,"625,745","6,725,991","1,257,538",9.3
2021,1,GA,Final,"356,312","3,637,808","595,260",9.79
2021,1,HI,Final,"63,031","216,987","59,674",29.05
2021,1,IA,Final,"90,357","1,006,628","245,007",8.98
2021,1,ID,Final,"42,354","558,083","116,102",7.59
2021,1,IL,Final,"347,073","3,885,443","631,115",8.93
2021,1,IN,Final,"204,724","1,845,158","362,498",11.1
2021,1,KS,Final,"115,184","1,171,571","243,482",9.83
2021,1,KY,Final,"153,438","1,522,582","314,866",10.08
2021,1,LA,Final,"167,103","1,769,578","295,724",9.44
2021,1,MA,Final,"323,846","2,004,703","432,214",16.15
2021,1,MD,Final,"227,340","2,298,561","257,241",9.89
2021,1,ME,Final,"41,050","321,729","99,732",12.76
2021,1,MI,Final,"359,766","2,999,268","544,604",12
2021,1,MN,Final,"175,401","1,802,026","305,032",9.73
2021,1,MO,Final,"183,060","2,388,680","392,781",7.66
2021,1,MS,Final,"109,352","1,042,027","238,912",10.49
2021,1,MT,Final,"42,732","418,440","112,030",10.21
2021,1,NC,Final,"316,922","4,078,665","717,132",7.77
2021,1,ND,Final,"52,462","608,005","76,899",8.63
2021,1,NE,Final,"60,254","718,206","155,498",8.39
2021,1,NH,Final,"53,152","346,513","109,214",15.34
2021,1,NJ,Final,"319,702","2,614,008","525,393",12.23
2021,1,NM,Final,"63,741","653,045","146,119",9.76
2021,1,NV,Final,"64,330","883,917","170,981",7.28
2021,1,NY,Final,"824,272","5,853,017","1,161,387",14.08
2021,1,OH,Final,"319,721","3,553,028","636,725",9
2021,1,OK,Final,"117,150","1,515,457","293,164",7.73
2021,1,OR,Final,"123,371","1,373,865","240,769",8.98
2021,1,PA,Final,"262,633","3,182,002","723,313",8.25
2021,1,RI,Final,"48,212","290,465","60,024",16.6
2021,1,SC,Final,"165,736","1,667,737","395,523",9.94
2021,1,SD,Final,"36,801","400,445","74,229",9.19
2021,1,TN,Final,"290,401","2,813,138","514,685",10.32
2021,1,TX,Final,"828,349","11,082,041","1,533,628",7.47
2021,1,UT,Final,"73,613","973,178","137,998",7.56
2021,1,VA,Final,"338,564","4,617,452","439,540",7.33
2021,1,VT,Final,"24,919","156,825","59,860",15.89
2021,1,WA,Final,"214,755","2,409,362","391,329",8.91
2021,1,WI,Final,"198,224","1,911,750","362,685",10.37
2021,1,WV,Final,"56,745","629,645","147,132",9.01
2021,1,WY,Final,"28,292","300,595","57,709",9.41
2020,12,AK,Final,"43,406","228,386","63,906",19.01
2020,12,AL,Final,"185,314","1,703,802","373,646",10.88
2020,12,AR,Final,"72,398","848,983","198,579",8.53
2020,12,AZ,Final,"204,148","2,134,342","333,107",9.56
2020,12,CA,Final,"1,532,801","9,540,120","1,778,372",16.07
2020,12,CO,Final,"164,275","1,648,665","383,665",9.96
2020,12,CT,Final,"148,670","929,725","155,085",15.99
2020,12,DC,Final,"66,272","554,999","26,719",11.94
2020,12,DE,Final,"31,229","333,250","57,167",9.37
2020,12,FL,Final,"642,757","6,949,180","1,263,679",9.25
2020,12,GA,Final,"365,715","3,563,507","595,406",10.26
2020,12,HI,Final,"61,860","225,518","59,698",27.43
2020,12,IA,Final,"86,966","998,909","244,576",8.71
2020,12,ID,Final,"43,581","570,082","115,916",7.64
2020,12,IL,Final,"343,686","3,856,997","632,412",8.91
2020,12,IN,Final,"201,245","1,764,033","365,072",11.41
2020,12,KS,Final,"116,980","1,184,537","237,738",9.88
2020,12,KY,Final,"150,500","1,485,248","314,252",10.13
2020,12,LA,Final,"164,523","1,724,746","296,043",9.54
2020,12,MA,Final,"307,821","1,935,490","416,874",15.9
2020,12,MD,Final,"222,687","2,253,146","257,038",9.88
2020,12,ME,Final,"40,599","327,327","97,066",12.4
2020,12,MI,Final,"355,305","2,931,156","548,034",12.12
2020,12,MN,Final,"179,288","1,819,575","305,532",9.85
2020,12,MO,Final,"182,530","2,344,916","391,077",7.78
2020,12,MS,Final,"108,680","995,326","238,111",10.92
2020,12,MT,Final,"41,768","406,853","111,947",10.27
2020,12,NC,Final,"305,997","3,353,848","713,774",9.12
2020,12,ND,Final,"50,752","603,326","76,942",8.41
2020,12,NE,Final,"64,263","758,577","155,967",8.47
2020,12,NH,Final,"52,970","345,700","109,350",15.32
2020,12,NJ,Final,"369,441","3,109,132","528,085",11.88
2020,12,NM,Final,"62,598","639,328","145,388",9.79
2020,12,NV,Final,"63,390","912,580","170,472",6.95
2020,12,NY,Final,"789,974","5,632,893","1,164,023",14.02
2020,12,OH,Final,"336,554","3,645,499","637,850",9.23
2020,12,OK,Final,"109,118","1,492,857","291,937",7.31
2020,12,OR,Final,"125,639","1,398,796","241,056",8.98
2020,12,PA,Final,"256,768","3,072,424","723,853",8.36
2020,12,RI,Final,"48,207","298,696","58,656",16.14
2020,12,SC,Final,"164,518","1,569,170","397,895",10.48
2020,12,SD,Final,"37,584","395,438","74,653",9.5
2020,12,TN,Final,"279,852","2,695,960","509,233",10.38
2020,12,TX,Final,"866,836","11,510,072","1,539,659",7.53
2020,12,UT,Final,"71,444","967,863","136,279",7.38
2020,12,VA,Final,"328,723","4,443,762","439,487",7.4
2020,12,VT,Final,"25,076","152,610","59,795",16.43
2020,12,WA,Final,"218,997","2,408,963","392,134",9.09
2020,12,WI,Final,"197,939","1,878,490","363,108",10.54
2020,12,WV,Final,"56,982","610,557","147,230",9.33
2020,12,WY,Final,"27,602","300,846","57,857",9.17
2020,11,AK,Final,"41,203","218,813","63,878",18.83
2020,11,AL,Final,"186,746","1,582,751","372,224",11.8
2020,11,AR,Final,"72,708","839,500","198,617",8.66
2020,11,AZ,Final,"198,377","2,147,347","332,815",9.24
2020,11,CA,Final,"1,297,305","7,434,806","1,664,014",17.45
2020,11,CO,Final,"165,810","1,587,897","385,159",10.44
2020,11,CT,Final,"135,092","842,001","155,344",16.04
2020,11,DC,Final,"61,828","541,905","26,724",11.41
2020,11,DE,Final,"28,594","303,525","57,111",9.42
2020,11,FL,Final,"678,611","7,400,439","1,268,835",9.17
2020,11,GA,Final,"339,315","3,319,825","594,525",10.22
2020,11,HI,Final,"62,487","228,722","59,581",27.32
2020,11,IA,Final,"81,378","896,140","244,071",9.08
2020,11,ID,Final,"40,405","524,548","115,612",7.7
2020,11,IL,Final,"323,132","3,462,998","630,356",9.33
2020,11,IN,Final,"195,245","1,696,689","364,613",11.51
2020,11,KS,Final,"115,064","1,109,688","237,065",10.37
2020,11,KY,Final,"143,839","1,344,924","314,081",10.69
2020,11,LA,Final,"162,937","1,700,211","294,229",9.58
2020,11,MA,Final,"278,202","1,793,957","410,229",15.51
2020,11,MD,Final,"191,977","1,998,294","256,892",9.61
2020,11,ME,Final,"33,235","265,183","91,975",12.53
2020,11,MI,Final,"318,729","2,686,046","547,889",11.87
2020,11,MN,Final,"169,045","1,706,199","304,755",9.91
2020,11,MO,Final,"169,858","2,112,390","389,851",8.04
2020,11,MS,Final,"106,750","985,305","238,619",10.83
2020,11,MT,Final,"39,219","373,120","111,472",10.51
2020,11,NC,Final,"300,219","3,713,704","713,067",8.08
2020,11,ND,Final,"50,150","565,722","76,957",8.86
2020,11,NE,Final,"61,110","713,503","155,549",8.56
2020,11,NH,Final,"47,962","306,625","109,203",15.64
2020,11,NJ,Final,"316,958","2,708,898","527,656",11.7
2020,11,NM,Final,"63,389","612,839","145,855",10.34
2020,11,NV,Final,"64,130","893,468","170,419",7.18
2020,11,NY,Final,"772,773","5,232,567","1,157,661",14.77
2020,11,OH,Final,"326,510","3,325,004","637,275",9.82
2020,11,OK,Final,"109,533","1,402,554","291,353",7.81
2020,11,OR,Final,"118,418","1,309,290","240,438",9.04
2020,11,PA,Final,"231,472","2,672,108","722,781",8.66
2020,11,RI,Final,"40,706","254,183","59,299",16.01
2020,11,SC,Final,"159,694","1,587,822","397,016",10.06
2020,11,SD,Final,"36,336","365,044","74,413",9.95
2020,11,TN,Final,"270,816","2,574,575","509,067",10.52
2020,11,TX,Final,"827,043","10,608,963","1,529,338",7.8
2020,11,UT,Final,"74,071","916,722","135,895",8.08
2020,11,VA,Final,"307,257","4,121,497","438,950",7.46
2020,11,VT,Final,"23,246","141,398","59,415",16.44
2020,11,WA,Final,"203,668","2,231,603","389,049",9.13
2020,11,WI,Final,"186,696","1,728,690","360,422",10.8
2020,11,WV,Final,"54,092","537,359","147,114",10.07
2020,11,WY,Final,"26,461","269,262","57,937",9.83
2020,10,AK,Final,"41,150","202,573","62,026",20.31
2020,10,AL,Final,"205,279","1,762,931","373,330",11.64
2020,10,AR,Final,"83,724","963,141","200,107",8.69
2020,10,AZ,Final,"245,625","2,494,906","332,670",9.85
2020,10,CA,Final,"1,856,382","10,075,936","1,723,272",18.42
2020,10,CO,Final,"172,719","1,658,434","386,339",10.41
2020,10,CT,Final,"147,355","899,676","155,193",16.38
2020,10,DC,Final,"63,931","532,046","26,700",12.02
2020,10,DE,Final,"31,092","334,093","57,138",9.31
2020,10,FL,Final,"735,707","8,188,619","1,260,581",8.98
2020,10,GA,Final,"374,579","3,678,842","594,090",10.18
2020,10,HI,Final,"66,243","243,259","59,571",27.23
2020,10,IA,Final,"87,119","982,313","244,046",8.87
2020,10,ID,Final,"40,670","518,140","115,494",7.85
2020,10,IL,Final,"338,360","3,611,050","629,113",9.37
2020,10,IN,Final,"209,631","1,845,552","364,428",11.36
2020,10,KS,Final,"128,294","1,222,634","236,916",10.49
2020,10,KY,Final,"150,065","1,457,109","313,782",10.3
2020,10,LA,Final,"178,034","1,903,364","301,221",9.35
2020,10,MA,Final,"292,574","1,845,646","418,955",15.85
2020,10,MD,Final,"200,245","2,067,576","256,777",9.69
2020,10,ME,Final,"38,471","313,199","97,237",12.28
2020,10,MI,Final,"334,122","2,829,114","547,206",11.81
2020,10,MN,Final,"183,532","1,762,573","304,702",10.41
2020,10,MO,Final,"180,099","2,217,239","389,383",8.12
2020,10,MS,Final,"118,001","1,120,759","239,015",10.53
2020,10,MT,Final,"42,991","402,108","111,438",10.69
2020,10,NC,Final,"338,769","3,918,386","713,112",8.65
2020,10,ND,Final,"49,259","557,902","76,948",8.83
2020,10,NE,Final,"64,667","747,494","155,852",8.65
2020,10,NH,Final,"49,968","322,122","109,240",15.51
2020,10,NJ,Final,"341,558","2,796,348","529,588",12.21
2020,10,NM,Final,"71,802","685,566","145,353",10.47
2020,10,NV,Final,"71,739","1,010,666","170,099",7.1
2020,10,NY,Final,"820,989","5,358,006","1,155,439",15.32
2020,10,OH,Final,"354,037","3,604,430","637,786",9.82
2020,10,OK,Final,"119,953","1,538,988","291,132",7.79
2020,10,OR,Final,"118,351","1,301,254","240,316",9.1
2020,10,PA,Final,"236,206","2,783,061","722,649",8.49
2020,10,RI,Final,"43,661","278,908","60,079",15.65
2020,10,SC,Final,"180,623","1,716,513","397,071",10.52
2020,10,SD,Final,"37,111","377,271","74,206",9.84
2020,10,TN,Final,"284,971","2,767,013","508,812",10.3
2020,10,TX,Final,"971,985","13,009,364","1,539,395",7.47
2020,10,UT,Final,"79,630","971,390","135,577",8.2
2020,10,VA,Final,"335,363","4,513,426","438,683",7.43
2020,10,VT,Final,"24,038","145,276","59,957",16.55
2020,10,WA,Final,"205,663","2,260,711","391,482",9.1
2020,10,WI,Final,"196,720","1,835,690","360,523",10.72
2020,10,WV,Final,"55,914","562,724","147,286",9.94
2020,10,WY,Final,"27,240","272,848","57,732",9.98
2020,9,AK,Final,"38,643","196,774","61,861",19.64
2020,9,AL,Final,"229,801","1,964,019","372,579",11.7
2020,9,AR,Final,"91,510","1,058,396","197,848",8.65
2020,9,AZ,Final,"294,275","2,811,929","332,168",10.47
2020,9,CA,Final,"1,904,303","9,507,680","1,721,157",20.03
2020,9,CO,Final,"188,336","1,721,689","386,576",10.94
2020,9,CT,Final,"155,829","997,615","155,190",15.62
2020,9,DC,Final,"67,688","574,344","26,704",11.79
2020,9,DE,Final,"29,037","342,828","57,067",8.47
2020,9,FL,Final,"763,550","8,459,458","1,258,733",9.03
2020,9,GA,Final,"398,997","3,958,091","592,702",10.08
2020,9,HI,Final,"63,210","224,763","59,538",28.12
2020,9,IA,Final,"99,731","946,215","244,065",10.54
2020,9,ID,Final,"40,942","530,481","115,328",7.72
2020,9,IL,Final,"358,840","3,812,096","630,100",9.41
2020,9,IN,Final,"221,579","1,916,083","364,332",11.56
2020,9,KS,Final,"134,993","1,341,352","236,406",10.06
2020,9,KY,Final,"167,319","1,574,023","313,052",10.63
2020,9,LA,Final,"184,519","2,097,959","294,050",8.8
2020,9,MA,Final,"326,547","2,005,387","408,377",16.28
2020,9,MD,Final,"213,378","2,226,411","256,732",9.58
2020,9,ME,Final,"41,471","332,371","96,724",12.48
2020,9,MI,Final,"357,259","2,932,455","547,102",12.18
2020,9,MN,Final,"191,745","1,688,430","304,502",11.36
2020,9,MO,Final,"216,446","2,385,477","388,939",9.07
2020,9,MS,Final,"128,233","1,292,311","237,457",9.92
2020,9,MT,Final,"42,112","393,690","111,308",10.7
2020,9,NC,Final,"371,443","4,104,703","712,182",9.05
2020,9,ND,Final,"48,745","497,734","76,858",9.79
2020,9,NE,Final,"69,956","748,154","156,284",9.35
2020,9,NH,Final,"53,565","347,644","109,374",15.41
2020,9,NJ,Final,"387,344","3,044,183","523,500",12.72
2020,9,NM,Final,"84,138","762,278","145,372",11.04
2020,9,NV,Final,"90,564","1,119,155","169,877",8.09
2020,9,NY,Final,"964,984","6,031,898","1,151,067",16
2020,9,OH,Final,"354,654","3,578,442","637,915",9.91
2020,9,OK,Final,"139,003","1,632,969","290,752",8.51
2020,9,OR,Final,"114,809","1,293,336","239,974",8.88
2020,9,PA,Final,"253,598","3,028,501","722,050",8.37
2020,9,RI,Final,"46,946","297,260","58,251",15.79
2020,9,SC,Final,"195,401","1,866,550","396,298",10.47
2020,9,SD,Final,"38,151","389,519","74,765",9.79
2020,9,TN,Final,"334,005","3,172,935","507,359",10.53
2020,9,TX,Final,"1,037,069","13,291,360","1,533,687",7.8
2020,9,UT,Final,"85,989","1,000,559","135,298",8.59
2020,9,VA,Final,"348,753","4,695,172","438,111",7.43
2020,9,VT,Final,"24,710","149,480","59,806",16.53
2020,9,WA,Final,"196,348","2,207,023","391,955",8.9
2020,9,WI,Final,"201,973","1,831,939","361,002",11.03
2020,9,WV,Final,"54,000","571,517","147,136",9.45
2020,9,WY,Final,"26,707","265,106","58,075",10.07
2020,8,AK,Final,"39,085","197,408","61,632",19.8
2020,8,AL,Final,"250,571","2,161,893","372,411",11.59
2020,8,AR,Final,"96,258","1,144,717","197,940",8.41
2020,8,AZ,Final,"335,585","3,160,662","332,110",10.62
2020,8,CA,Final,"1,894,663","9,019,860","1,696,379",21.01
2020,8,CO,Final,"207,839","1,920,373","386,049",10.82
2020,8,CT,Final,"178,591","1,017,715","155,030",17.55
2020,8,DC,Final,"69,975","614,183","26,711",11.39
2020,8,DE,Final,"35,061","402,224","57,045",8.72
2020,8,FL,Final,"775,452","8,921,138","1,257,548",8.69
2020,8,GA,Final,"451,793","4,367,198","592,500",10.35
2020,8,HI,Final,"64,086","238,133","59,653",26.91
2020,8,IA,Final,"117,017","1,051,120","243,824",11.13
2020,8,ID,Final,"47,041","583,754","115,035",8.06
2020,8,IL,Final,"388,256","4,313,386","627,404",9
2020,8,IN,Final,"231,882","2,129,370","364,412",10.89
2020,8,KS,Final,"159,740","1,498,216","236,613",10.66
2020,8,KY,Final,"177,695","1,755,735","312,903",10.12
2020,8,LA,Final,"186,160","2,208,777","297,709",8.43
2020,8,MA,Final,"368,752","2,256,061","409,855",16.34
2020,8,MD,Final,"237,030","2,546,198","257,460",9.31
2020,8,ME,Final,"45,899","373,569","95,192",12.29
2020,8,MI,Final,"401,041","3,520,889","546,058",11.39
2020,8,MN,Final,"219,412","1,995,896","303,845",10.99
2020,8,MO,Final,"279,021","2,702,457","388,618",10.32
2020,8,MS,Final,"132,877","1,351,161","233,453",9.83
2020,8,MT,Final,"44,292","421,078","111,069",10.52
2020,8,NC,Final,"391,693","4,439,716","711,424",8.82
2020,8,ND,Final,"51,638","544,149","76,827",9.49
2020,8,NE,Final,"83,172","888,607","155,994",9.36
2020,8,NH,Final,"54,833","355,982","109,280",15.4
2020,8,NJ,Final,"437,980","3,372,713","524,520",12.99
2020,8,NM,Final,"92,688","823,228","145,213",11.26
2020,8,NV,Final,"99,139","1,277,986","170,033",7.76
2020,8,NY,Final,"1,037,871","6,559,116","1,145,157",15.82
2020,8,OH,Final,"381,302","4,023,044","637,634",9.48
2020,8,OK,Final,"158,326","1,921,758","290,671",8.24
2020,8,OR,Final,"125,543","1,408,469","239,780",8.91
2020,8,PA,Final,"278,008","3,365,009","721,507",8.26
2020,8,RI,Final,"53,134","323,792","61,044",16.41
2020,8,SC,Final,"219,284","2,095,879","396,073",10.46
2020,8,SD,Final,"45,027","440,252","74,513",10.23
2020,8,TN,Final,"355,134","3,408,648","507,262",10.42
2020,8,TX,Final,"1,075,608","14,074,054","1,533,735",7.64
2020,8,UT,Final,"100,225","1,147,267","135,191",8.74
2020,8,VA,Final,"391,007","5,177,340","437,874",7.55
2020,8,VT,Final,"26,432","166,019","59,726",15.92
2020,8,WA,Final,"203,466","2,319,080","388,923",8.77
2020,8,WI,Final,"230,862","2,130,407","360,808",10.84
2020,8,WV,Final,"56,959","634,734","147,595",8.97
2020,8,WY,Final,"27,468","286,471","58,160",9.59
2020,7,AK,Final,"39,007","194,709","61,682",20.03
2020,7,AL,Final,"249,088","2,143,508","372,378",11.62
2020,7,AR,Final,"98,321","1,122,184","197,746",8.76
2020,7,AZ,Final,"339,099","3,068,271","331,133",11.05
2020,7,CA,Final,"2,110,973","10,803,135","1,775,431",19.54
2020,7,CO,Final,"204,561","1,899,832","385,466",10.77
2020,7,CT,Final,"189,259","1,147,736","155,424",16.49
2020,7,DC,Final,"76,294","672,746","26,713",11.34
2020,7,DE,Final,"35,305","415,273","56,970",8.5
2020,7,FL,Final,"768,216","8,740,423","1,256,924",8.79
2020,7,GA,Final,"456,871","4,655,268","592,208",9.81
2020,7,HI,Final,"63,262","236,560","59,807",26.74
2020,7,IA,Final,"127,239","1,094,010","244,295",11.63
2020,7,ID,Final,"45,969","567,087","114,909",8.11
2020,7,IL,Final,"395,918","4,419,626","629,131",8.96
2020,7,IN,Final,"242,545","2,204,173","364,287",11
2020,7,KS,Final,"159,412","1,519,284","236,529",10.49
2020,7,KY,Final,"181,489","1,832,194","312,753",9.91
2020,7,LA,Final,"184,632","2,183,034","298,367",8.46
2020,7,MA,Final,"352,954","2,165,192","410,363",16.3
2020,7,MD,Final,"253,642","2,731,441","256,904",9.29
2020,7,ME,Final,"43,820","354,519","98,349",12.36
2020,7,MI,Final,"418,393","3,594,244","546,315",11.64
2020,7,MN,Final,"221,727","2,047,878","304,059",10.83
2020,7,MO,Final,"289,407","2,813,283","388,839",10.29
2020,7,MS,Final,"131,630","1,328,443","238,170",9.91
2020,7,MT,Final,"41,889","389,797","111,005",10.75
2020,7,NC,Final,"411,748","4,697,369","710,303",8.77
2020,7,ND,Final,"50,566","522,349","76,834",9.68
2020,7,NE,Final,"80,405","858,954","155,984",9.36
2020,7,NH,Final,"57,380","397,041","109,330",14.45
2020,7,NJ,Final,"460,079","3,546,732","522,130",12.97
2020,7,NM,Final,"92,556","812,909","145,274",11.39
2020,7,NV,Final,"93,176","1,250,643","169,444",7.45
2020,7,NY,Final,"1,056,874","6,672,402","1,141,962",15.84
2020,7,OH,Final,"400,066","4,360,723","638,372",9.17
2020,7,OK,Final,"158,862","1,962,133","290,745",8.1
2020,7,OR,Final,"126,580","1,402,682","239,947",9.02
2020,7,PA,Final,"285,369","3,468,985","720,424",8.23
2020,7,RI,Final,"54,159","350,417","58,511",15.46
2020,7,SC,Final,"223,204","2,190,350","395,764",10.19
2020,7,SD,Final,"42,763","432,517","74,320",9.89
2020,7,TN,Final,"357,733","3,382,263","507,401",10.58
2020,7,TX,Final,"1,064,026","14,474,282","1,542,110",7.35
2020,7,UT,Final,"94,256","1,078,665","135,064",8.74
2020,7,VA,Final,"397,739","5,267,658","437,903",7.55
2020,7,VT,Final,"28,126","174,487","59,775",16.12
2020,7,WA,Final,"198,760","2,275,393","392,796",8.74
2020,7,WI,Final,"240,475","2,196,348","361,340",10.95
2020,7,WV,Final,"61,586","706,339","146,818",8.72
2020,7,WY,Final,"27,299","281,993","58,284",9.68
2020,6,AK,Final,"37,351","185,196","61,589",20.17
2020,6,AL,Final,"222,205","1,884,089","372,032",11.79
2020,6,AR,Final,"85,610","950,781","198,046",9
2020,6,AZ,Final,"288,790","2,660,374","330,811",10.86
2020,6,CA,Final,"1,721,482","9,063,850","1,753,579",18.99
2020,6,CO,Final,"181,902","1,603,454","384,855",11.34
2020,6,CT,Final,"160,387","994,378","155,311",16.13
2020,6,DC,Final,"61,278","506,937","26,710",12.09
2020,6,DE,Final,"33,826","360,618","56,804",9.38
2020,6,FL,Final,"713,346","8,167,366","1,256,589",8.73
2020,6,GA,Final,"391,518","3,830,442","591,511",10.22
2020,6,HI,Final,"58,614","219,622","59,808",26.69
2020,6,IA,Final,"98,950","976,490","243,538",10.13
2020,6,ID,Final,"42,073","497,093","114,627",8.46
2020,6,IL,Final,"348,198","3,745,178","627,942",9.3
2020,6,IN,Final,"217,747","1,927,233","362,917",11.3
2020,6,KS,Final,"144,348","1,343,729","236,233",10.74
2020,6,KY,Final,"161,433","1,569,139","311,180",10.29
2020,6,LA,Final,"170,358","2,002,069","298,046",8.51
2020,6,MA,Final,"268,486","1,765,025","410,077",15.21
2020,6,MD,Final,"214,178","2,242,770","256,419",9.55
2020,6,ME,Final,"37,908","291,397","99,741",13.01
2020,6,MI,Final,"372,032","3,034,018","545,718",12.26
2020,6,MN,Final,"211,531","1,807,044","302,930",11.71
2020,6,MO,Final,"257,325","2,442,501","387,059",10.54
2020,6,MS,Final,"118,237","1,162,540","238,181",10.17
2020,6,MT,Final,"40,179","371,569","110,708",10.81
2020,6,NC,Final,"337,928","3,914,305","709,134",8.63
2020,6,ND,Final,"46,893","479,838","76,715",9.77
2020,6,NE,Final,"74,886","783,907","155,133",9.55
2020,6,NH,Final,"51,105","334,725","109,184",15.27
2020,6,NJ,Final,"416,513","3,106,546","526,611",13.41
2020,6,NM,Final,"79,574","740,320","145,246",10.75
2020,6,NV,Final,"77,891","1,071,997","169,612",7.27
2020,6,NY,Final,"873,138","5,561,213","1,139,243",15.7
2020,6,OH,Final,"354,249","3,697,311","635,675",9.58
2020,6,OK,Final,"145,460","1,773,102","290,041",8.2
2020,6,OR,Final,"107,818","1,201,805","239,132",8.97
2020,6,PA,Final,"238,833","2,832,417","720,154",8.43
2020,6,RI,Final,"47,531","317,311","60,593",14.98
2020,6,SC,Final,"190,148","1,834,610","395,213",10.36
2020,6,SD,Final,"37,387","384,119","74,339",9.73
2020,6,TN,Final,"303,248","2,812,949","496,091",10.78
2020,6,TX,Final,"965,462","12,768,273","1,543,120",7.56
2020,6,UT,Final,"83,277","923,102","135,045",9.02
2020,6,VA,Final,"342,232","4,540,179","437,308",7.54
2020,6,VT,Final,"25,157","148,590","59,519",16.93
2020,6,WA,Final,"186,977","2,062,112","387,411",9.07
2020,6,WI,Final,"214,696","1,884,950","359,599",11.39
2020,6,WV,Final,"52,631","562,796","146,634",9.35
2020,6,WY,Final,"25,725","251,345","58,141",10.24
2020,5,AK,Final,"36,903","183,495","61,543",20.11
2020,5,AL,Final,"184,139","1,601,393","369,191",11.5
2020,5,AR,Final,"68,187","778,938","197,404",8.75
2020,5,AZ,Final,"261,628","2,424,693","330,190",10.79
2020,5,CA,Final,"1,267,676","7,652,001","1,691,672",16.57
2020,5,CO,Final,"161,140","1,600,593","384,207",10.07
2020,5,CT,Final,"134,524","813,980","153,715",16.53
2020,5,DC,Final,"67,758","548,179","26,693",12.36
2020,5,DE,Final,"29,809","299,571","56,635",9.95
2020,5,FL,Final,"517,374","7,108,866","1,252,041",7.28
2020,5,GA,Final,"341,507","3,356,316","589,996",10.18
2020,5,HI,Final,"58,662","201,169","59,785",29.16
2020,5,IA,Final,"86,898","798,094","243,627",10.89
2020,5,ID,Final,"35,414","460,670","114,284",7.69
2020,5,IL,Final,"311,952","3,315,636","628,557",9.41
2020,5,IN,Final,"175,542","1,604,620","362,795",10.94
2020,5,KS,Final,"114,576","1,034,010","235,776",11.08
2020,5,KY,Final,"144,123","1,338,345","310,846",10.77
2020,5,LA,Final,"143,689","1,641,668","295,164",8.75
2020,5,MA,Final,"252,418","1,658,147","410,489",15.22
2020,5,MD,Final,"193,171","1,930,032","256,409",10.01
2020,5,ME,Final,"31,836","251,311","99,133",12.67
2020,5,MI,Final,"306,425","2,625,825","545,689",11.67
2020,5,MN,Final,"163,152","1,549,875","303,223",10.53
2020,5,MO,Final,"191,126","1,978,883","386,388",9.66
2020,5,MS,Final,"99,754","932,031","236,386",10.7
2020,5,MT,Final,"35,573","329,538","110,565",10.79
2020,5,NC,Final,"294,658","3,481,992","707,091",8.46
2020,5,ND,Final,"41,867","441,670","76,668",9.48
2020,5,NE,Final,"57,655","630,263","155,468",9.15
2020,5,NH,Final,"43,549","285,190","109,137",15.27
2020,5,NJ,Final,"304,118","2,416,274","526,427",12.59
2020,5,NM,Final,"65,354","669,908","144,925",9.76
2020,5,NV,Final,"69,032","967,538","170,299",7.13
2020,5,NY,Final,"666,924","4,804,563","1,134,636",13.88
2020,5,OH,Final,"307,607","3,161,756","636,360",9.73
2020,5,OK,Final,"106,030","1,419,516","289,132",7.47
2020,5,OR,Final,"109,620","1,166,914","239,239",9.39
2020,5,PA,Final,"217,301","2,456,924","719,659",8.84
2020,5,RI,Final,"43,543","281,632","61,415",15.46
2020,5,SC,Final,"169,084","1,617,285","393,871",10.45
2020,5,SD,Final,"30,972","332,310","74,107",9.32
2020,5,TN,Final,"243,343","2,300,195","495,105",10.58
2020,5,TX,Final,"807,055","10,664,766","1,532,218",7.57
2020,5,UT,Final,"74,716","846,199","134,799",8.83
2020,5,VA,Final,"297,547","3,881,263","436,547",7.67
2020,5,VT,Final,"22,119","131,747","59,577",16.79
2020,5,WA,Final,"176,606","1,958,485","389,519",9.02
2020,5,WI,Final,"176,087","1,630,335","359,257",10.8
2020,5,WV,Final,"48,310","502,601","147,530",9.61
2020,5,WY,Final,"23,470","231,961","57,944",10.12
2020,4,AK,Final,"38,725","202,722","61,514",19.1
2020,4,AL,Final,"167,685","1,447,842","371,268",11.58
2020,4,AR,Final,"68,758","775,615","197,794",8.86
2020,4,AZ,Final,"196,362","1,974,077","330,193",9.95
2020,4,CA,Final,"1,183,667","7,947,627","1,724,810",14.89
2020,4,CO,Final,"139,510","1,388,126","384,472",10.05
2020,4,CT,Final,"125,242","677,170","154,658",18.49
2020,4,DC,Final,"62,673","515,316","26,678",12.16
2020,4,DE,Final,"27,944","297,131","56,418",9.4
2020,4,FL,Final,"636,472","7,069,333","1,262,148",9
2020,4,GA,Final,"306,381","3,006,881","591,044",10.19
2020,4,HI,Final,"57,277","179,673","59,881",31.88
2020,4,IA,Final,"84,143","810,564","243,591",10.38
2020,4,ID,Final,"34,422","449,554","114,173",7.66
2020,4,IL,Final,"296,028","3,132,294","627,160",9.45
2020,4,IN,Final,"162,116","1,425,353","362,451",11.37
2020,4,KS,Final,"107,613","1,013,928","236,012",10.61
2020,4,KY,Final,"130,374","1,226,496","310,392",10.63
2020,4,LA,Final,"141,262","1,634,040","296,703",8.65
2020,4,MA,Final,"260,093","1,647,575","410,278",15.79
2020,4,MD,Final,"186,790","1,870,670","256,127",9.99
2020,4,ME,Final,"36,256","287,277","102,182",12.62
2020,4,MI,Final,"271,905","2,335,886","545,492",11.64
2020,4,MN,Final,"153,313","1,496,330","303,210",10.25
2020,4,MO,Final,"159,146","1,908,559","385,944",8.34
2020,4,MS,Final,"99,392","943,818","238,118",10.53
2020,4,MT,Final,"37,348","358,072","110,777",10.43
2020,4,NC,Final,"274,935","3,108,076","707,195",8.85
2020,4,ND,Final,"46,180","519,356","76,584",8.89
2020,4,NE,Final,"54,455","620,277","154,686",8.78
2020,4,NH,Final,"44,052","287,221","108,729",15.34
2020,4,NJ,Final,"273,065","2,273,699","530,855",12.01
2020,4,NM,Final,"57,241","598,806","145,387",9.56
2020,4,NV,Final,"59,462","802,294","169,073",7.41
2020,4,NY,Final,"695,537","5,248,536","1,133,854",13.25
2020,4,OH,Final,"294,817","2,979,361","634,505",9.9
2020,4,OK,Final,"97,753","1,254,101","289,282",7.79
2020,4,OR,Final,"103,948","1,136,428","239,457",9.15
2020,4,PA,Final,"219,108","2,495,825","719,523",8.78
2020,4,RI,Final,"44,721","274,325","60,789",16.3
2020,4,SC,Final,"142,506","1,347,431","393,974",10.58
2020,4,SD,Final,"32,792","343,224","74,070",9.55
2020,4,TN,Final,"243,893","2,309,285","494,615",10.56
2020,4,TX,Final,"812,457","10,597,329","1,543,716",7.67
2020,4,UT,Final,"64,802","801,794","134,727",8.08
2020,4,VA,Final,"302,405","3,836,788","436,392",7.88
2020,4,VT,Final,"21,045","126,344","59,510",16.66
2020,4,WA,Final,"182,358","2,087,289","392,136",8.74
2020,4,WI,Final,"167,967","1,584,317","360,515",10.6
2020,4,WV,Final,"48,329","500,252","146,115",9.66
2020,4,WY,Final,"24,777","251,487","57,931",9.85
2020,3,AK,Final,"44,229","229,078","61,394",19.31
2020,3,AL,Final,"188,560","1,655,734","372,888",11.39
2020,3,AR,Final,"72,805","856,228","197,448",8.5
2020,3,AZ,Final,"193,642","2,055,432","329,891",9.42
2020,3,CA,Final,"1,382,913","9,168,762","1,755,927",15.08
2020,3,CO,Final,"160,877","1,663,481","383,977",9.67
2020,3,CT,Final,"152,961","910,593","154,626",16.8
2020,3,DC,Final,"64,380","530,478","26,573",12.14
2020,3,DE,Final,"31,000","323,502","56,475",9.58
2020,3,FL,Final,"677,068","7,487,931","1,256,672",9.04
2020,3,GA,Final,"340,377","3,431,681","593,595",9.92
2020,3,HI,Final,"69,311","230,582","59,826",30.06
2020,3,IA,Final,"91,206","953,260","243,163",9.57
2020,3,ID,Final,"38,024","508,984","114,010",7.47
2020,3,IL,Final,"348,294","3,797,294","627,979",9.17
2020,3,IN,Final,"198,218","1,784,421","362,314",11.11
2020,3,KS,Final,"120,745","1,165,009","236,995",10.36
2020,3,KY,Final,"147,277","1,407,459","310,351",10.46
2020,3,LA,Final,"155,660","1,793,072","299,320",8.68
2020,3,MA,Final,"310,101","1,904,262","409,985",16.28
2020,3,MD,Final,"205,114","2,073,949","257,218",9.89
2020,3,ME,Final,"42,811","335,715","102,230",12.75
2020,3,MI,Final,"321,255","2,809,015","544,966",11.44
2020,3,MN,Final,"181,569","1,840,015","302,352",9.87
2020,3,MO,Final,"180,373","2,200,231","386,102",8.2
2020,3,MS,Final,"107,986","1,033,943","239,295",10.44
2020,3,MT,Final,"41,908","406,938","110,563",10.3
2020,3,NC,Final,"321,178","3,621,045","711,141",8.87
2020,3,ND,Final,"54,704","619,382","76,926",8.83
2020,3,NE,Final,"64,592","751,368","154,145",8.6
2020,3,NH,Final,"51,576","333,540","108,694",15.46
2020,3,NJ,Final,"350,189","2,919,425","529,142",12
2020,3,NM,Final,"65,508","705,288","145,803",9.29
2020,3,NV,Final,"68,905","913,241","169,253",7.55
2020,3,NY,Final,"766,929","5,751,020","1,133,351",13.34
2020,3,OH,Final,"323,516","3,390,497","634,849",9.54
2020,3,OK,Final,"103,609","1,408,972","290,391",7.35
2020,3,OR,Final,"120,379","1,337,666","238,901",9
2020,3,PA,Final,"243,792","2,801,761","719,542",8.7
2020,3,RI,Final,"48,179","309,410","59,720",15.57
2020,3,SC,Final,"169,198","1,638,536","395,162",10.33
2020,3,SD,Final,"36,929","396,072","73,922",9.32
2020,3,TN,Final,"276,925","2,571,565","494,826",10.77
2020,3,TX,Final,"895,279","11,613,820","1,558,696",7.71
2020,3,UT,Final,"71,985","902,554","134,634",7.98
2020,3,VA,Final,"346,008","4,306,397","437,076",8.03
2020,3,VT,Final,"24,613","150,057","59,544",16.4
2020,3,WA,Final,"215,284","2,411,650","387,779",8.93
2020,3,WI,Final,"195,608","1,866,903","358,214",10.48
2020,3,WV,Final,"51,864","536,467","146,134",9.67
2020,3,WY,Final,"27,572","296,162","57,211",9.31
2020,2,AK,Final,"45,854","238,505","61,343",19.23
2020,2,AL,Final,"189,352","1,652,779","370,356",11.46
2020,2,AR,Final,"74,330","868,934","195,792",8.55
2020,2,AZ,Final,"187,961","2,023,668","329,648",9.29
2020,2,CA,Final,"1,214,367","7,694,221","1,667,930",15.78
2020,2,CO,Final,"155,605","1,631,245","381,703",9.54
2020,2,CT,Final,"158,060","938,682","154,645",16.84
2020,2,DC,Final,"71,145","592,967","26,566",12
2020,2,DE,Final,"30,778","326,871","56,172",9.42
2020,2,FL,Final,"630,391","6,832,227","1,242,753",9.23
2020,2,GA,Final,"342,974","3,449,507","589,808",9.94
2020,2,HI,Final,"67,078","219,430","59,801",30.57
2020,2,IA,Final,"94,253","1,003,023","242,958",9.4
2020,2,ID,Final,"39,312","533,537","113,296",7.37
2020,2,IL,Final,"343,870","3,908,557","628,371",8.8
2020,2,IN,Final,"203,275","1,830,401","362,000",11.11
2020,2,KS,Final,"122,033","1,196,154","235,432",10.2
2020,2,KY,Final,"155,037","1,503,987","310,368",10.31
2020,2,LA,Final,"150,236","1,711,239","290,733",8.78
2020,2,MA,Final,"341,060","2,036,876","411,667",16.74
2020,2,MD,Final,"219,509","2,165,080","256,448",10.14
2020,2,ME,Final,"39,613","310,761","90,310",12.75
2020,2,MI,Final,"338,820","2,971,527","544,273",11.4
2020,2,MN,Final,"181,451","1,830,869","301,996",9.91
2020,2,MO,Final,"191,912","2,375,920","386,257",8.08
2020,2,MS,Final,"105,410","1,001,209","234,958",10.53
2020,2,MT,Final,"43,152","414,535","110,427",10.41
2020,2,NC,Final,"311,654","3,645,588","707,297",8.55
2020,2,ND,Final,"52,304","616,412","76,831",8.49
2020,2,NE,Final,"65,766","782,977","153,870",8.4
2020,2,NH,Final,"54,490","342,571","108,639",15.91
2020,2,NJ,Final,"343,399","2,911,670","527,009",11.79
2020,2,NM,Final,"65,077","671,493","145,964",9.69
2020,2,NV,Final,"64,277","850,430","169,172",7.56
2020,2,NY,Final,"780,588","5,905,283","1,131,637",13.22
2020,2,OH,Final,"336,669","3,700,506","634,237",9.1
2020,2,OK,Final,"106,017","1,404,968","288,498",7.55
2020,2,OR,Final,"123,299","1,384,884","238,585",8.9
2020,2,PA,Final,"268,679","3,173,857","719,237",8.47
2020,2,RI,Final,"44,826","269,846","60,558",16.61
2020,2,SC,Final,"167,119","1,625,046","392,714",10.28
2020,2,SD,Final,"38,231","401,878","73,514",9.51
2020,2,TN,Final,"289,498","2,737,368","494,805",10.58
2020,2,TX,Final,"832,888","10,779,724","1,535,826",7.73
2020,2,UT,Final,"70,171","896,205","134,247",7.83
2020,2,VA,Final,"339,049","4,281,883","435,799",7.92
2020,2,VT,Final,"24,916","155,151","59,267",16.06
2020,2,WA,Final,"216,750","2,450,936","384,848",8.84
2020,2,WI,Final,"199,352","1,890,698","358,605",10.54
2020,2,WV,Final,"54,941","571,504","145,841",9.61
2020,2,WY,Final,"27,868","301,179","58,064",9.25
2020,1,AK,Final,"48,548","246,456","61,492",19.7
2020,1,AL,Final,"201,655","1,747,035","370,367",11.54
2020,1,AR,Final,"72,111","903,001","197,096",7.99
2020,1,AZ,Final,"198,857","2,172,480","329,974",9.15
2020,1,CA,Final,"1,390,870","9,098,350","1,753,839",15.29
2020,1,CO,Final,"159,933","1,718,432","381,700",9.31
2020,1,CT,Final,"162,365","976,625","154,475",16.63
2020,1,DC,Final,"74,537","630,460","26,574",11.82
2020,1,DE,Final,"31,201","343,610","56,155",9.08
2020,1,FL,Final,"642,370","7,168,756","1,242,311",8.96
2020,1,GA,Final,"356,230","3,683,973","589,236",9.67
2020,1,HI,Final,"70,437","236,869","59,861",29.74
2020,1,IA,Final,"100,787","1,095,600","243,364",9.2
2020,1,ID,Final,"41,102","565,997","113,780",7.26
2020,1,IL,Final,"364,035","4,111,466","627,786",8.85
2020,1,IN,Final,"206,042","1,868,550","361,788",11.03
2020,1,KS,Final,"120,502","1,214,778","235,382",9.92
2020,1,KY,Final,"158,257","1,566,700","310,189",10.1
2020,1,LA,Final,"160,589","1,798,529","293,075",8.93
2020,1,MA,Final,"347,923","2,106,883","410,197",16.51
2020,1,MD,Final,"234,429","2,346,297","256,428",9.99
2020,1,ME,Final,"47,495","373,025","100,751",12.73
2020,1,MI,Final,"361,191","3,220,622","544,615",11.22
2020,1,MN,Final,"188,895","1,981,994","303,256",9.53
2020,1,MO,Final,"197,898","2,449,194","385,958",8.08
2020,1,MS,Final,"111,999","1,038,298","236,650",10.79
2020,1,MT,Final,"43,991","435,056","110,474",10.11
2020,1,NC,Final,"328,928","3,906,318","706,839",8.42
2020,1,ND,Final,"55,907","673,859","76,897",8.3
2020,1,NE,Final,"67,059","806,158","154,387",8.32
2020,1,NH,Final,"59,592","371,348","108,654",16.05
2020,1,NJ,Final,"360,073","3,109,999","525,144",11.58
2020,1,NM,Final,"63,899","684,921","145,694",9.33
2020,1,NV,Final,"70,797","913,741","169,157",7.75
2020,1,NY,Final,"818,293","6,231,322","1,132,016",13.13
2020,1,OH,Final,"346,160","3,737,593","635,616",9.26
2020,1,OK,Final,"109,388","1,487,072","288,352",7.36
2020,1,OR,Final,"123,528","1,407,392","238,947",8.78
2020,1,PA,Final,"277,264","3,230,135","719,527",8.58
2020,1,RI,Final,"50,555","295,483","61,766",17.11
2020,1,SC,Final,"175,787","1,745,180","392,361",10.07
2020,1,SD,Final,"39,993","438,833","73,985",9.11
2020,1,TN,Final,"296,025","2,747,433","494,467",10.77
2020,1,TX,Final,"875,220","11,775,570","1,543,129",7.43
2020,1,UT,Final,"71,951","942,712","134,570",7.63
2020,1,VA,Final,"349,602","4,461,479","435,585",7.84
2020,1,VT,Final,"26,437","164,578","58,740",16.06
2020,1,WA,Final,"231,575","2,634,167","389,577",8.79
2020,1,WI,Final,"204,559","1,977,509","360,384",10.34
2020,1,WV,Final,"58,429","658,994","145,791",8.87
2020,1,WY,Final,"28,313","311,364","58,148",9.09
2019,12,AK,Final,"45,993","230,931","55,406",19.92
2019,12,AL,Final,"180,200","1,707,567","371,680",10.55
2019,12,AR,Final,"74,267","870,071","199,836",8.54
2019,12,AZ,Final,"203,442","2,127,062","327,064",9.56
2019,12,CA,Final,"1,489,730","9,871,271","1,752,256",15.09
2019,12,CO,Final,"163,593","1,757,774","381,722",9.31
2019,12,CT,Final,"160,453","978,202","152,036",16.4
2019,12,DC,Final,"75,592","622,266","26,532",12.15
2019,12,DE,Final,"33,782","372,358","55,846",9.07
2019,12,FL,Final,"674,920","7,251,690","1,255,099",9.31
2019,12,GA,Final,"300,674","3,558,008","589,341",8.45
2019,12,HI,Final,"72,224","252,535","59,930",28.6
2019,12,IA,Final,"96,310","1,083,713","242,700",8.89
2019,12,ID,Final,"40,919","560,970","112,693",7.29
2019,12,IL,Final,"361,489","4,100,592","627,852",8.82
2019,12,IN,Final,"194,798","1,805,750","361,235",10.79
2019,12,KS,Final,"120,069","1,223,117","236,627",9.82
2019,12,KY,Final,"154,781","1,497,562","311,737",10.34
2019,12,LA,Final,"155,485","1,775,860","296,299",8.76
2019,12,MA,Final,"354,551","2,134,078","413,912",16.61
2019,12,MD,Final,"232,206","2,347,664","257,028",9.89
2019,12,ME,Final,"43,673","335,220","102,221",13.03
2019,12,MI,Final,"346,985","3,039,324","566,847",11.42
2019,12,MN,Final,"184,801","1,924,245","300,993",9.6
2019,12,MO,Final,"194,675","2,399,728","386,684",8.11
2019,12,MS,Final,"109,382","1,014,153","237,896",10.79
2019,12,MT,Final,"45,768","435,604","110,266",10.51
2019,12,NC,Final,"325,910","3,777,543","711,874",8.63
2019,12,ND,Final,"55,670","669,136","76,896",8.32
2019,12,NE,Final,"66,124","779,206","153,699",8.49
2019,12,NH,Final,"56,890","365,725","108,331",15.56
2019,12,NJ,Final,"357,692","3,128,984","525,068",11.43
2019,12,NM,Final,"66,005","692,166","145,388",9.54
2019,12,NV,Final,"69,968","900,792","168,516",7.77
2019,12,NY,Final,"828,156","6,194,656","1,130,535",13.37
2019,12,OH,Final,"329,331","3,615,487","632,642",9.11
2019,12,OK,Final,"107,834","1,459,043","288,506",7.39
2019,12,OR,Final,"120,175","1,380,301","241,296",8.71
2019,12,PA,Final,"268,507","3,089,598","718,236",8.69
2019,12,RI,Final,"47,067","300,778","58,497",15.65
2019,12,SC,Final,"189,722","1,612,840","388,533",11.76
2019,12,SD,Final,"38,406","407,362","73,777",9.43
2019,12,TN,Final,"292,590","2,748,642","500,372",10.64
2019,12,TX,Final,"846,211","10,605,614","1,543,264",7.98
2019,12,UT,Final,"71,830","967,079","132,402",7.43
2019,12,VA,Final,"354,107","4,367,928","435,784",8.11
2019,12,VT,Final,"25,936","160,635","59,058",16.15
2019,12,WA,Final,"232,383","2,629,337","389,912",8.84
2019,12,WI,Final,"203,286","1,958,922","358,576",10.38
2019,12,WV,Final,"53,270","596,891","145,561",8.92
2019,12,WY,Final,"28,655","315,499","58,421",9.08
2019,11,AK,Final,"43,645","218,416","55,339",19.98
2019,11,AL,Final,"200,137","1,683,062","371,211",11.89
2019,11,AR,Final,"77,133","885,444","199,439",8.71
2019,11,AZ,Final,"198,914","2,147,308","329,709",9.26
2019,11,CA,Final,"1,303,900","7,757,370","1,665,529",16.81
2019,11,CO,Final,"166,106","1,665,987","381,694",9.97
2019,11,CT,Final,"157,605","1,019,352","152,013",15.46
2019,11,DC,Final,"75,722","592,459","26,489",12.78
2019,11,DE,Final,"32,538","332,659","55,876",9.78
2019,11,FL,Final,"707,382","7,347,823","1,256,503",9.63
2019,11,GA,Final,"356,340","3,506,373","588,876",10.16
2019,11,HI,Final,"73,357","257,263","59,934",28.51
2019,11,IA,Final,"94,939","1,016,976","242,738",9.34
2019,11,ID,Final,"39,050","527,128","112,814",7.41
2019,11,IL,Final,"353,067","3,851,078","625,532",9.17
2019,11,IN,Final,"201,952","1,808,111","361,104",11.17
2019,11,KS,Final,"120,983","1,176,424","236,352",10.28
2019,11,KY,Final,"158,999","1,512,646","311,802",10.51
2019,11,LA,Final,"171,925","1,896,020","295,995",9.07
2019,11,MA,Final,"331,885","2,023,538","413,740",16.4
2019,11,MD,Final,"217,452","2,225,867","256,824",9.77
2019,11,ME,Final,"39,489","311,261","99,755",12.69
2019,11,MI,Final,"333,730","2,925,562","543,594",11.41
2019,11,MN,Final,"177,127","1,837,740","301,128",9.64
2019,11,MO,Final,"184,873","2,239,304","386,562",8.26
2019,11,MS,Final,"114,658","1,051,477","238,347",10.9
2019,11,MT,Final,"42,853","400,276","109,998",10.71
2019,11,NC,Final,"315,273","3,597,294","711,478",8.76
2019,11,ND,Final,"53,581","617,222","76,894",8.68
2019,11,NE,Final,"65,013","753,674","153,641",8.63
2019,11,NH,Final,"52,402","331,495","108,312",15.81
2019,11,NJ,Final,"338,997","2,885,888","525,528",11.75
2019,11,NM,Final,"67,404","692,475","145,317",9.73
2019,11,NV,Final,"65,712","828,087","168,377",7.94
2019,11,NY,Final,"771,894","5,744,016","1,127,408",13.44
2019,11,OH,Final,"349,212","3,625,510","633,609",9.63
2019,11,OK,Final,"115,554","1,502,245","287,955",7.69
2019,11,OR,Final,"119,516","1,346,284","241,260",8.88
2019,11,PA,Final,"255,454","2,878,398","717,702",8.87
2019,11,RI,Final,"45,832","289,071","61,170",15.86
2019,11,SC,Final,"171,899","1,571,291","388,215",10.94
2019,11,SD,Final,"36,367","388,212","73,818",9.37
2019,11,TN,Final,"289,969","2,712,621","500,727",10.69
2019,11,TX,Final,"838,523","10,296,984","1,525,710",8.14
2019,11,UT,Final,"71,137","917,885","132,369",7.75
2019,11,VA,Final,"364,791","4,466,798","435,627",8.17
2019,11,VT,Final,"24,755","150,619","58,955",16.44
2019,11,WA,Final,"201,081","2,292,963","391,070",8.77
2019,11,WI,Final,"195,659","1,823,589","356,972",10.73
2019,11,WV,Final,"60,233","617,930","145,438",9.75
2019,11,WY,Final,"28,339","292,541","58,554",9.69
2019,10,AK,Final,"43,167","215,628","55,504",20.02
2019,10,AL,Final,"224,527","1,953,671","370,747",11.49
2019,10,AR,Final,"90,708","1,042,124","200,058",8.7
2019,10,AZ,Final,"246,179","2,416,824","329,181",10.19
2019,10,CA,Final,"1,860,535","10,482,740","1,776,717",17.75
2019,10,CO,Final,"184,296","1,811,605","382,186",10.17
2019,10,CT,Final,"160,250","984,500","152,135",16.28
2019,10,DC,Final,"81,336","659,181","26,490",12.34
2019,10,DE,Final,"35,017","346,259","56,144",10.11
2019,10,FL,Final,"795,928","8,682,355","1,243,313",9.17
2019,10,GA,Final,"390,219","4,004,142","587,568",9.75
2019,10,HI,Final,"78,718","277,603","60,015",28.36
2019,10,IA,Final,"93,523","1,010,013","243,283",9.26
2019,10,ID,Final,"41,269","534,297","112,952",7.72
2019,10,IL,Final,"370,736","3,948,404","624,137",9.39
2019,10,IN,Final,"216,234","1,951,670","361,147",11.08
2019,10,KS,Final,"142,300","1,336,831","235,823",10.64
2019,10,KY,Final,"164,776","1,622,008","311,525",10.16
2019,10,LA,Final,"195,728","2,209,998","297,680",8.86
2019,10,MA,Final,"336,445","2,042,027","410,716",16.48
2019,10,MD,Final,"221,198","2,246,722","256,314",9.85
2019,10,ME,Final,"43,267","339,361","102,168",12.75
2019,10,MI,Final,"354,543","3,061,035","544,115",11.58
2019,10,MN,Final,"185,619","1,843,641","301,714",10.07
2019,10,MO,Final,"197,200","2,385,075","386,766",8.27
2019,10,MS,Final,"135,212","1,301,318","238,427",10.39
2019,10,MT,Final,"43,749","408,982","110,085",10.7
2019,10,NC,Final,"380,708","4,165,376","707,725",9.14
2019,10,ND,Final,"51,950","586,262","76,960",8.86
2019,10,NE,Final,"66,571","769,727","154,521",8.65
2019,10,NH,Final,"54,487","341,322","108,559",15.96
2019,10,NJ,Final,"350,884","3,016,988","524,138",11.63
2019,10,NM,Final,"74,663","761,231","145,400",9.81
2019,10,NV,Final,"70,607","885,114","167,746",7.98
2019,10,NY,Final,"876,127","6,002,574","1,125,877",14.6
2019,10,OH,Final,"352,440","3,738,316","633,865",9.43
2019,10,OK,Final,"126,776","1,596,803","287,124",7.94
2019,10,OR,Final,"121,774","1,359,260","241,611",8.96
2019,10,PA,Final,"267,313","3,099,527","717,386",8.62
2019,10,RI,Final,"45,130","292,351","61,455",15.44
2019,10,SC,Final,"203,991","1,925,034","387,823",10.6
2019,10,SD,Final,"38,616","393,581","74,091",9.81
2019,10,TN,Final,"322,569","3,139,481","501,081",10.27
2019,10,TX,Final,"1,082,593","13,424,501","1,544,429",8.06
2019,10,UT,Final,"83,822","969,832","132,272",8.64
2019,10,VA,Final,"351,720","4,357,901","435,166",8.07
2019,10,VT,Final,"25,435","155,803","58,988",16.33
2019,10,WA,Final,"211,370","2,395,821","396,221",8.82
2019,10,WI,Final,"201,844","1,924,236","357,603",10.49
2019,10,WV,Final,"57,711","601,288","145,492",9.6
2019,10,WY,Final,"28,661","284,560","58,694",10.07
2019,9,AK,Final,"41,944","207,934","55,326",20.17
2019,9,AL,Final,"258,340","2,254,834","369,773",11.46
2019,9,AR,Final,"105,480","1,213,502","198,856",8.69
2019,9,AZ,Final,"286,864","2,771,517","329,155",10.35
2019,9,CA,Final,"1,888,352","9,900,282","1,690,345",19.07
2019,9,CO,Final,"196,664","1,759,769","381,862",11.18
2019,9,CT,Final,"161,081","1,007,679","152,070",15.99
2019,9,DC,Final,"79,522","649,683","26,454",12.24
2019,9,DE,Final,"35,873","393,781","56,023",9.11
2019,9,FL,Final,"824,119","8,971,525","1,244,147",9.19
2019,9,GA,Final,"466,235","4,498,541","586,283",10.36
2019,9,HI,Final,"79,274","277,652","59,933",28.55
2019,9,IA,Final,"108,848","1,024,541","242,250",10.62
2019,9,ID,Final,"39,208","518,616","112,514",7.56
2019,9,IL,Final,"376,306","4,193,390","624,098",8.97
2019,9,IN,Final,"229,697","2,103,348","360,737",10.92
2019,9,KS,Final,"157,887","1,514,842","235,280",10.42
2019,9,KY,Final,"182,900","1,799,857","311,118",10.16
2019,9,LA,Final,"208,074","2,381,433","293,452",8.74
2019,9,MA,Final,"345,379","2,046,542","410,769",16.88
2019,9,MD,Final,"234,957","2,487,995","256,554",9.44
2019,9,ME,Final,"41,801","336,477","98,379",12.42
2019,9,MI,Final,"374,891","3,253,468","542,595",11.52
2019,9,MN,Final,"206,020","1,900,629","300,353",10.84
2019,9,MO,Final,"254,777","2,716,002","385,705",9.38
2019,9,MS,Final,"147,164","1,446,984","237,417",10.17
2019,9,MT,Final,"42,164","400,232","109,914",10.53
2019,9,NC,Final,"417,871","4,655,187","706,858",8.98
2019,9,ND,Final,"50,873","519,163","76,818",9.8
2019,9,NE,Final,"77,203","821,645","154,102",9.4
2019,9,NH,Final,"56,536","353,565","108,568",15.99
2019,9,NJ,Final,"397,072","3,195,422","525,033",12.43
2019,9,NM,Final,"81,373","843,901","145,163",9.64
2019,9,NV,Final,"96,395","1,115,207","168,284",8.64
2019,9,NY,Final,"1,045,148","6,651,889","1,125,210",15.71
2019,9,OH,Final,"381,475","4,045,187","633,536",9.43
2019,9,OK,Final,"165,006","1,948,550","286,478",8.47
2019,9,OR,Final,"117,177","1,339,005","240,727",8.75
2019,9,PA,Final,"286,467","3,372,264","716,300",8.49
2019,9,RI,Final,"45,428","292,952","61,011",15.51
2019,9,SC,Final,"216,915","2,012,735","386,642",10.78
2019,9,SD,Final,"40,096","403,193","74,047",9.94
2019,9,TN,Final,"366,634","3,496,809","499,641",10.48
2019,9,TX,Final,"1,164,982","13,842,172","1,535,519",8.42
2019,9,UT,Final,"90,166","1,029,958","131,961",8.75
2019,9,VA,Final,"376,481","4,703,329","434,691",8
2019,9,VT,Final,"25,493","157,329","58,821",16.2
2019,9,WA,Final,"203,649","2,349,775","388,677",8.67
2019,9,WI,Final,"216,626","1,955,935","357,922",11.08
2019,9,WV,Final,"58,007","637,329","145,362",9.1
2019,9,WY,Final,"28,349","285,595","58,586",9.93
2019,8,AK,Final,"43,250","220,350","55,222",19.63
2019,8,AL,Final,"271,686","2,326,868","370,037",11.68
2019,8,AR,Final,"108,109","1,225,823","198,500",8.82
2019,8,AZ,Final,"346,993","3,226,336","328,509",10.76
2019,8,CA,Final,"2,079,549","11,070,518","1,723,282",18.78
2019,8,CO,Final,"223,489","2,026,670","381,444",11.03
2019,8,CT,Final,"183,007","1,099,263","151,943",16.65
2019,8,DC,Final,"87,730","776,589","26,458",11.3
2019,8,DE,Final,"37,955","428,728","56,054",8.85
2019,8,FL,Final,"842,985","9,206,488","1,251,011",9.16
2019,8,GA,Final,"490,132","4,710,468","586,253",10.41
2019,8,HI,Final,"81,104","283,904","59,965",28.57
2019,8,IA,Final,"128,351","1,073,020","241,805",11.96
2019,8,ID,Final,"46,752","599,428","112,400",7.8
2019,8,IL,Final,"413,175","4,586,380","622,489",9.01
2019,8,IN,Final,"250,113","2,277,149","360,336",10.98
2019,8,KS,Final,"171,151","1,618,333","235,443",10.58
2019,8,KY,Final,"190,191","1,923,753","310,774",9.89
2019,8,LA,Final,"206,599","2,376,038","296,159",8.7
2019,8,MA,Final,"401,928","2,389,675","412,932",16.82
2019,8,MD,Final,"262,701","2,739,990","255,995",9.59
2019,8,ME,Final,"47,874","383,732","101,739",12.48
2019,8,MI,Final,"414,946","3,627,530","542,229",11.44
2019,8,MN,Final,"219,783","2,020,998","300,984",10.88
2019,8,MO,Final,"303,389","2,891,827","385,686",10.49
2019,8,MS,Final,"146,570","1,419,031","238,065",10.33
2019,8,MT,Final,"44,202","422,292","109,648",10.47
2019,8,NC,Final,"422,421","4,741,303","706,350",8.91
2019,8,ND,Final,"52,052","548,953","75,533",9.48
2019,8,NE,Final,"80,149","859,990","153,808",9.32
2019,8,NH,Final,"61,117","390,444","108,508",15.65
2019,8,NJ,Final,"456,427","3,589,724","523,808",12.71
2019,8,NM,Final,"92,475","892,940","144,648",10.36
2019,8,NV,Final,"110,836","1,284,719","168,564",8.63
2019,8,NY,Final,"1,108,552","7,273,392","1,125,230",15.24
2019,8,OH,Final,"397,425","4,202,443","633,343",9.46
2019,8,OK,Final,"176,415","2,060,268","286,384",8.56
2019,8,OR,Final,"127,816","1,471,156","240,470",8.69
2019,8,PA,Final,"302,612","3,565,775","716,314",8.49
2019,8,RI,Final,"53,756","347,244","61,383",15.48
2019,8,SC,Final,"230,813","2,241,242","386,623",10.3
2019,8,SD,Final,"43,578","428,409","73,483",10.17
2019,8,TN,Final,"367,324","3,414,631","500,050",10.76
2019,8,TX,Final,"1,199,805","14,404,224","1,536,841",8.33
2019,8,UT,Final,"99,165","1,147,197","131,726",8.64
2019,8,VA,Final,"411,315","5,088,578","434,503",8.08
2019,8,VT,Final,"27,461","174,733","58,483",15.72
2019,8,WA,Final,"218,178","2,560,232","386,946",8.52
2019,8,WI,Final,"233,343","2,146,630","356,447",10.87
2019,8,WV,Final,"61,088","688,876","145,095",8.87
2019,8,WY,Final,"28,753","301,893","58,496",9.52
2019,7,AK,Final,"43,105","218,849","55,266",19.7
2019,7,AL,Final,"265,937","2,262,214","370,079",11.76
2019,7,AR,Final,"103,595","1,161,700","198,935",8.92
2019,7,AZ,Final,"344,721","3,102,607","326,609",11.11
2019,7,CA,Final,"2,073,936","11,051,299","1,749,143",18.77
2019,7,CO,Final,"219,340","1,967,806","381,511",11.15
2019,7,CT,Final,"196,455","1,232,454","152,136",15.94
2019,7,DC,Final,"94,452","782,336","26,481",12.07
2019,7,DE,Final,"41,508","453,183","56,045",9.16
2019,7,FL,Final,"831,446","9,081,696","1,234,072",9.16
2019,7,GA,Final,"483,177","4,615,795","585,725",10.47
2019,7,HI,Final,"78,384","271,912","59,965",28.83
2019,7,IA,Final,"132,212","1,131,731","242,517",11.68
2019,7,ID,Final,"45,806","583,767","112,341",7.85
2019,7,IL,Final,"430,678","4,757,173","622,847",9.05
2019,7,IN,Final,"250,436","2,274,005","360,204",11.01
2019,7,KS,Final,"159,660","1,506,317","235,271",10.6
2019,7,KY,Final,"192,255","1,924,591","310,537",9.99
2019,7,LA,Final,"209,382","2,364,936","297,329",8.85
2019,7,MA,Final,"409,683","2,437,645","413,195",16.81
2019,7,MD,Final,"273,109","2,883,721","256,395",9.47
2019,7,ME,Final,"45,813","362,534","101,684",12.64
2019,7,MI,Final,"425,192","3,721,653","542,360",11.42
2019,7,MN,Final,"238,401","2,136,129","300,733",11.16
2019,7,MO,Final,"310,300","2,952,124","385,239",10.51
2019,7,MS,Final,"145,189","1,405,659","237,958",10.33
2019,7,MT,Final,"44,084","413,909","109,724",10.65
2019,7,NC,Final,"440,413","4,857,351","706,104",9.07
2019,7,ND,Final,"55,238","568,122","76,824",9.72
2019,7,NE,Final,"78,969","863,788","154,566",9.14
2019,7,NH,Final,"64,264","420,306","109,019",15.29
2019,7,NJ,Final,"485,176","3,837,134","520,636",12.64
2019,7,NM,Final,"90,290","868,089","144,692",10.4
2019,7,NV,Final,"98,248","1,215,336","167,021",8.08
2019,7,NY,Final,"1,092,803","7,155,930","1,122,888",15.27
2019,7,OH,Final,"440,756","4,630,298","633,586",9.52
2019,7,OK,Final,"171,058","1,994,868","286,128",8.57
2019,7,OR,Final,"126,459","1,428,497","240,872",8.85
2019,7,PA,Final,"301,624","3,405,455","715,897",8.86
2019,7,RI,Final,"56,409","375,389","60,528",15.03
2019,7,SC,Final,"242,046","2,273,269","386,544",10.65
2019,7,SD,Final,"42,640","437,323","73,602",9.75
2019,7,TN,Final,"380,540","3,510,981","499,149",10.84
2019,7,TX,Final,"1,087,735","13,917,909","1,535,730",7.82
2019,7,UT,Final,"97,865","1,126,532","131,533",8.69
2019,7,VA,Final,"407,576","5,074,169","434,371",8.03
2019,7,VT,Final,"29,350","186,328","58,370",15.75
2019,7,WA,Final,"209,827","2,433,553","392,775",8.62
2019,7,WI,Final,"250,997","2,268,284","356,885",11.07
2019,7,WV,Final,"64,192","732,518","145,136",8.76
2019,7,WY,Final,"30,267","312,283","58,530",9.69
2019,6,AK,Final,"41,447","206,322","55,105",20.09
2019,6,AL,Final,"238,992","2,082,284","368,822",11.48
2019,6,AR,Final,"95,041","1,044,592","198,546",9.1
2019,6,AZ,Final,"293,177","2,715,312","326,471",10.8
2019,6,CA,Final,"1,642,361","9,051,594","1,690,196",18.14
2019,6,CO,Final,"195,820","1,735,800","381,073",11.28
2019,6,CT,Final,"182,148","1,040,892","151,914",17.5
2019,6,DC,Final,"81,160","686,190","26,465",11.83
2019,6,DE,Final,"34,617","386,528","55,966",8.96
2019,6,FL,Final,"809,498","8,792,324","1,238,613",9.21
2019,6,GA,Final,"419,754","4,196,798","584,638",10
2019,6,HI,Final,"76,714","261,154","59,898",29.37
2019,6,IA,Final,"109,094","969,080","240,895",11.26
2019,6,ID,Final,"41,909","516,986","111,961",8.11
2019,6,IL,Final,"364,283","4,016,980","622,495",9.07
2019,6,IN,Final,"220,658","1,994,574","359,716",11.06
2019,6,KS,Final,"149,453","1,382,850","234,956",10.81
2019,6,KY,Final,"175,693","1,673,037","309,970",10.5
2019,6,LA,Final,"193,926","2,198,088","293,959",8.82
2019,6,MA,Final,"340,735","2,058,672","410,747",16.55
2019,6,MD,Final,"240,948","2,455,623","256,036",9.81
2019,6,ME,Final,"38,227","306,188","97,808",12.48
2019,6,MI,Final,"362,276","3,123,590","542,436",11.6
2019,6,MN,Final,"209,959","1,912,982","299,494",10.98
2019,6,MO,Final,"276,005","2,555,407","384,990",10.8
2019,6,MS,Final,"134,746","1,303,057","237,247",10.34
2019,6,MT,Final,"40,682","384,450","109,385",10.58
2019,6,NC,Final,"378,290","4,354,786","704,918",8.69
2019,6,ND,Final,"50,544","521,218","76,562",9.7
2019,6,NE,Final,"76,514","793,119","153,699",9.65
2019,6,NH,Final,"55,016","351,719","108,432",15.64
2019,6,NJ,Final,"416,878","3,228,960","519,876",12.91
2019,6,NM,Final,"82,787","795,328","145,105",10.41
2019,6,NV,Final,"84,729","1,004,717","167,023",8.43
2019,6,NY,Final,"910,515","6,142,619","1,122,927",14.82
2019,6,OH,Final,"379,699","3,855,424","631,263",9.85
2019,6,OK,Final,"149,461","1,751,203","285,410",8.53
2019,6,OR,Final,"115,462","1,326,331","239,778",8.71
2019,6,PA,Final,"282,049","3,291,507","715,308",8.57
2019,6,RI,Final,"48,277","305,734","61,202",15.79
2019,6,SC,Final,"214,170","2,022,361","384,077",10.59
2019,6,SD,Final,"40,095","394,747","73,818",10.16
2019,6,TN,Final,"345,631","3,215,401","498,666",10.75
2019,6,TX,Final,"980,688","12,449,886","1,527,893",7.88
2019,6,UT,Final,"89,506","988,596","132,439",9.05
2019,6,VA,Final,"381,730","4,589,980","433,918",8.32
2019,6,VT,Final,"25,293","157,043","58,184",16.11
2019,6,WA,Final,"200,032","2,281,300","387,060",8.77
2019,6,WI,Final,"215,178","1,961,468","356,673",10.97
2019,6,WV,Final,"56,000","618,611","145,122",9.05
2019,6,WY,Final,"29,807","291,617","58,462",10.22
2019,5,AK,Final,"41,264","208,405","55,099",19.8
2019,5,AL,Final,"230,619","1,979,564","369,568",11.65
2019,5,AR,Final,"81,312","923,151","198,820",8.81
2019,5,AZ,Final,"248,224","2,313,742","325,788",10.73
2019,5,CA,Final,"1,462,859","9,437,235","1,749,629",15.5
2019,5,CO,Final,"176,095","1,699,961","380,116",10.36
2019,5,CT,Final,"159,484","931,194","151,966",17.13
2019,5,DC,Final,"87,589","691,831","26,440",12.66
2019,5,DE,Final,"34,760","359,113","55,942",9.68
2019,5,FL,Final,"772,244","8,453,738","1,238,172",9.13
2019,5,GA,Final,"419,172","4,137,704","584,887",10.13
2019,5,HI,Final,"76,850","256,317","59,879",29.98
2019,5,IA,Final,"94,745","928,391","242,268",10.21
2019,5,ID,Final,"39,063","501,037","112,055",7.8
2019,5,IL,Final,"356,714","3,845,317","620,868",9.28
2019,5,IN,Final,"208,185","1,876,612","359,004",11.09
2019,5,KS,Final,"133,560","1,247,734","234,926",10.7
2019,5,KY,Final,"166,419","1,615,049","308,630",10.3
2019,5,LA,Final,"177,125","1,917,829","294,302",9.24
2019,5,MA,Final,"321,470","1,944,406","409,199",16.53
2019,5,MD,Final,"248,603","2,416,539","256,201",10.29
2019,5,ME,Final,"41,574","319,010","100,604",13.03
2019,5,MI,Final,"341,288","2,998,976","542,693",11.38
2019,5,MN,Final,"195,286","1,820,727","300,352",10.73
2019,5,MO,Final,"234,869","2,426,476","383,203",9.68
2019,5,MS,Final,"121,296","1,149,496","237,604",10.55
2019,5,MT,Final,"39,697","376,776","109,436",10.54
2019,5,NC,Final,"355,499","4,226,625","704,840",8.41
2019,5,ND,Final,"49,703","546,832","76,652",9.09
2019,5,NE,Final,"64,819","734,435","154,643",8.83
2019,5,NH,Final,"53,084","337,049","108,142",15.75
2019,5,NJ,Final,"393,237","3,063,952","522,315",12.83
2019,5,NM,Final,"69,323","739,196","145,007",9.38
2019,5,NV,Final,"73,309","960,464","167,268",7.63
2019,5,NY,Final,"767,432","5,741,736","1,117,894",13.37
2019,5,OH,Final,"374,414","3,759,979","632,257",9.96
2019,5,OK,Final,"126,342","1,633,009","285,263",7.74
2019,5,OR,Final,"119,516","1,337,578","240,444",8.94
2019,5,PA,Final,"295,982","3,375,455","717,768",8.77
2019,5,RI,Final,"47,149","283,109","60,393",16.65
2019,5,SC,Final,"197,104","1,966,682","384,078",10.02
2019,5,SD,Final,"36,169","376,714","73,673",9.6
2019,5,TN,Final,"299,919","2,905,482","495,401",10.32
2019,5,TX,Final,"909,418","11,582,914","1,538,270",7.85
2019,5,UT,Final,"83,245","952,052","132,291",8.74
2019,5,VA,Final,"386,014","4,671,853","433,747",8.26
2019,5,VT,Final,"24,063","149,580","58,029",16.09
2019,5,WA,Final,"202,136","2,307,988","392,121",8.76
2019,5,WI,Final,"201,489","1,868,240","356,726",10.79
2019,5,WV,Final,"57,467","622,413","145,267",9.23
2019,5,WY,Final,"27,742","281,289","58,220",9.86
2019,4,AK,Final,"42,288","210,750","54,701",20.07
2019,4,AL,Final,"200,040","1,694,574","369,226",11.8
2019,4,AR,Final,"75,678","862,154","198,437",8.78
2019,4,AZ,Final,"227,589","2,272,611","323,329",10.01
2019,4,CA,Final,"1,334,629","9,046,089","1,714,499",14.75
2019,4,CO,Final,"165,410","1,615,430","380,083",10.24
2019,4,CT,Final,"159,218","902,360","152,022",17.64
2019,4,DC,Final,"74,500","590,127","26,440",12.62
2019,4,DE,Final,"34,089","328,639","55,792",10.37
2019,4,FL,Final,"708,528","7,669,493","1,244,319",9.24
2019,4,GA,Final,"361,565","3,526,246","584,166",10.25
2019,4,HI,Final,"72,822","243,440","59,774",29.91
2019,4,IA,Final,"82,472","889,704","241,094",9.27
2019,4,ID,Final,"37,751","486,108","111,619",7.77
2019,4,IL,Final,"346,942","3,723,193","621,255",9.32
2019,4,IN,Final,"195,024","1,719,820","358,749",11.34
2019,4,KS,Final,"120,866","1,161,360","234,490",10.41
2019,4,KY,Final,"143,252","1,413,198","308,407",10.14
2019,4,LA,Final,"160,412","1,773,129","294,495",9.05
2019,4,MA,Final,"322,960","1,949,190","409,297",16.57
2019,4,MD,Final,"217,249","2,121,636","255,643",10.24
2019,4,ME,Final,"43,458","335,798","97,999",12.94
2019,4,MI,Final,"321,895","2,881,630","539,541",11.17
2019,4,MN,Final,"179,700","1,731,513","298,555",10.38
2019,4,MO,Final,"182,745","2,202,112","382,900",8.3
2019,4,MS,Final,"109,886","1,025,317","237,272",10.72
2019,4,MT,Final,"42,301","406,062","108,929",10.42
2019,4,NC,Final,"320,508","3,626,075","703,132",8.84
2019,4,ND,Final,"48,686","541,663","75,915",8.99
2019,4,NE,Final,"61,311","701,366","153,221",8.74
2019,4,NH,Final,"52,452","323,639","107,912",16.21
2019,4,NJ,Final,"340,207","2,757,666","522,895",12.34
2019,4,NM,Final,"63,675","694,460","144,950",9.17
2019,4,NV,Final,"67,843","888,717","166,911",7.63
2019,4,NY,Final,"743,327","5,660,760","1,115,860",13.13
2019,4,OH,Final,"340,636","3,360,421","631,735",10.14
2019,4,OK,Final,"115,727","1,554,269","285,863",7.45
2019,4,OR,Final,"117,033","1,296,790","239,483",9.02
2019,4,PA,Final,"281,892","3,152,602","717,547",8.94
2019,4,RI,Final,"46,709","281,743","59,757",16.58
2019,4,SC,Final,"170,479","1,647,147","383,675",10.35
2019,4,SD,Final,"36,237","382,128","73,184",9.48
2019,4,TN,Final,"282,259","2,686,682","494,773",10.51
2019,4,TX,Final,"820,871","10,144,255","1,534,066",8.09
2019,4,UT,Final,"73,110","922,411","132,162",7.93
2019,4,VA,Final,"332,207","3,964,226","433,532",8.38
2019,4,VT,Final,"24,429","154,193","57,960",15.84
2019,4,WA,Final,"204,312","2,334,169","384,455",8.75
2019,4,WI,Final,"190,540","1,777,746","355,199",10.72
2019,4,WV,Final,"51,632","532,518","145,190",9.7
2019,4,WY,Final,"27,282","278,611","57,997",9.79
2019,3,AK,Final,"44,856","225,130","54,744",19.92
2019,3,AL,Final,"195,656","1,683,125","368,808",11.62
2019,3,AR,Final,"79,518","894,822","198,594",8.89
2019,3,AZ,Final,"206,590","2,122,162","323,362",9.73
2019,3,CA,Final,"1,339,012","9,273,914","1,711,734",14.44
2019,3,CO,Final,"177,082","1,736,759","378,862",10.2
2019,3,CT,Final,"169,434","977,852","151,883",17.33
2019,3,DC,Final,"77,194","645,477","26,451",11.96
2019,3,DE,Final,"34,392","339,239","55,656",10.14
2019,3,FL,Final,"683,023","7,314,505","1,235,747",9.34
2019,3,GA,Final,"362,101","3,547,068","583,683",10.21
2019,3,HI,Final,"69,827","229,513","59,798",30.42
2019,3,IA,Final,"96,241","1,076,071","240,676",8.94
2019,3,ID,Final,"39,505","512,800","111,559",7.7
2019,3,IL,Final,"366,233","4,064,192","620,764",9.01
2019,3,IN,Final,"210,769","1,897,159","354,194",11.11
2019,3,KS,Final,"127,352","1,231,425","234,500",10.34
2019,3,KY,Final,"154,151","1,568,704","308,206",9.83
2019,3,LA,Final,"162,913","1,777,130","293,708",9.17
2019,3,MA,Final,"354,805","2,029,555","415,049",17.48
2019,3,MD,Final,"239,251","2,307,883","255,701",10.37
2019,3,ME,Final,"48,452","368,114","99,634",13.16
2019,3,MI,Final,"356,642","3,150,307","543,000",11.32
2019,3,MN,Final,"201,806","1,988,382","298,964",10.15
2019,3,MO,Final,"195,508","2,396,659","383,318",8.16
2019,3,MS,Final,"110,688","1,029,504","237,159",10.75
2019,3,MT,Final,"42,835","427,304","108,813",10.02
2019,3,NC,Final,"322,683","3,724,704","702,206",8.66
2019,3,ND,Final,"54,527","620,643","75,895",8.79
2019,3,NE,Final,"66,490","775,092","153,293",8.58
2019,3,NH,Final,"57,158","352,493","107,805",16.22
2019,3,NJ,Final,"374,574","3,123,772","522,881",11.99
2019,3,NM,Final,"66,845","696,175","144,727",9.6
2019,3,NV,Final,"69,295","903,546","167,636",7.67
2019,3,NY,Final,"773,926","5,984,974","1,115,057",12.93
2019,3,OH,Final,"385,482","3,800,470","630,782",10.14
2019,3,OK,Final,"113,283","1,432,452","277,202",7.91
2019,3,OR,Final,"121,434","1,352,067","240,184",8.98
2019,3,PA,Final,"316,296","3,575,647","717,447",8.85
2019,3,RI,Final,"51,793","287,773","61,266",18
2019,3,SC,Final,"174,051","1,661,008","382,991",10.48
2019,3,SD,Final,"39,391","427,641","72,764",9.21
2019,3,TN,Final,"293,139","2,713,914","493,844",10.8
2019,3,TX,Final,"837,006","10,368,028","1,545,625",8.07
2019,3,UT,Final,"72,733","928,641","132,004",7.83
2019,3,VA,Final,"350,348","4,261,513","433,178",8.22
2019,3,VT,Final,"25,111","159,415","57,759",15.75
2019,3,WA,Final,"229,502","2,570,380","389,234",8.93
2019,3,WI,Final,"208,915","1,988,430","354,220",10.51
2019,3,WV,Final,"59,302","638,945","145,183",9.28
2019,3,WY,Final,"28,966","305,720","58,022",9.47
2019,2,AK,Final,"44,349","228,772","54,640",19.39
2019,2,AL,Final,"185,958","1,619,515","368,765",11.48
2019,2,AR,Final,"77,855","886,576","197,956",8.78
2019,2,AZ,Final,"200,201","2,035,371","322,498",9.84
2019,2,CA,Final,"1,210,136","8,059,814","1,657,088",15.01
2019,2,CO,Final,"163,610","1,582,840","378,269",10.34
2019,2,CT,Final,"164,201","927,062","151,940",17.71
2019,2,DC,Final,"74,949","570,046","26,477",13.15
2019,2,DE,Final,"31,390","317,437","55,293",9.89
2019,2,FL,Final,"636,534","6,701,169","1,225,491",9.5
2019,2,GA,Final,"327,051","3,324,474","582,943",9.84
2019,2,HI,Final,"62,224","207,578","59,747",29.98
2019,2,IA,Final,"95,168","1,013,627","239,936",9.39
2019,2,ID,Final,"40,013","530,347","111,289",7.54
2019,2,IL,Final,"362,191","3,939,431","620,946",9.19
2019,2,IN,Final,"201,680","1,806,910","354,551",11.16
2019,2,KS,Final,"128,523","1,247,636","234,570",10.3
2019,2,KY,Final,"149,284","1,451,459","307,681",10.29
2019,2,LA,Final,"158,145","1,738,481","293,814",9.1
2019,2,MA,Final,"342,555","2,018,332","403,453",16.97
2019,2,MD,Final,"231,652","2,186,845","255,622",10.59
2019,2,ME,Final,"45,637","348,801","95,523",13.08
2019,2,MI,Final,"323,228","2,844,957","542,749",11.36
2019,2,MN,Final,"173,789","1,789,879","298,119",9.71
2019,2,MO,Final,"191,303","2,400,179","383,309",7.97
2019,2,MS,Final,"108,145","1,016,190","236,883",10.64
2019,2,MT,Final,"43,956","441,152","108,731",9.96
2019,2,NC,Final,"314,959","3,463,996","701,014",9.09
2019,2,ND,Final,"53,920","621,011","75,838",8.68
2019,2,NE,Final,"66,162","795,807","152,985",8.31
2019,2,NH,Final,"56,329","336,782","107,682",16.73
2019,2,NJ,Final,"356,467","2,933,442","529,341",12.15
2019,2,NM,Final,"64,409","661,775","144,648",9.73
2019,2,NV,Final,"67,712","811,732","167,300",8.34
2019,2,NY,Final,"821,149","6,250,578","1,112,916",13.14
2019,2,OH,Final,"353,282","3,467,810","636,160",10.19
2019,2,OK,Final,"114,007","1,482,123","285,758",7.69
2019,2,OR,Final,"126,166","1,398,392","239,556",9.02
2019,2,PA,Final,"313,114","3,481,311","716,902",8.99
2019,2,RI,Final,"52,383","276,340","60,663",18.96
2019,2,SC,Final,"161,034","1,477,335","382,237",10.9
2019,2,SD,Final,"38,809","418,909","73,108",9.26
2019,2,TN,Final,"301,551","2,745,813","493,065",10.98
2019,2,TX,Final,"807,228","10,057,661","1,528,933",8.03
2019,2,UT,Final,"71,997","929,270","131,915",7.75
2019,2,VA,Final,"322,305","3,864,354","432,844",8.34
2019,2,VT,Final,"25,053","156,168","57,649",16.04
2019,2,WA,Final,"219,680","2,485,755","383,266",8.84
2019,2,WI,Final,"197,407","1,852,959","354,732",10.65
2019,2,WV,Final,"54,339","572,780","144,884",9.49
2019,2,WY,Final,"27,860","293,898","57,840",9.48
2019,1,AK,Final,"47,079","247,360","54,591",19.03
2019,1,AL,Final,"205,534","1,829,193","368,854",11.24
2019,1,AR,Final,"80,953","938,730","198,327",8.62
2019,1,AZ,Final,"210,847","2,164,421","322,612",9.74
2019,1,CA,Final,"1,367,166","9,277,246","1,742,764",14.74
2019,1,CO,Final,"171,157","1,750,857","378,460",9.78
2019,1,CT,Final,"182,562","1,056,979","151,697",17.27
2019,1,DC,Final,"85,250","686,122","26,474",12.42
2019,1,DE,Final,"35,576","363,541","54,988",9.79
2019,1,FL,Final,"663,645","7,093,727","1,224,317",9.36
2019,1,GA,Final,"375,511","3,786,206","582,519",9.92
2019,1,HI,Final,"72,325","238,996","59,703",30.26
2019,1,IA,Final,"98,391","1,092,743","240,638",9
2019,1,ID,Final,"42,647","569,458","111,438",7.49
2019,1,IL,Final,"374,116","4,252,616","620,341",8.8
2019,1,IN,Final,"214,356","2,002,573","354,512",10.7
2019,1,KS,Final,"106,044","1,269,455","234,583",8.35
2019,1,KY,Final,"158,121","1,609,647","307,548",9.82
2019,1,LA,Final,"163,851","1,875,357","294,639",8.74
2019,1,MA,Final,"393,047","2,263,175","408,938",17.37
2019,1,MD,Final,"260,240","2,472,852","255,664",10.52
2019,1,ME,Final,"52,852","401,808","99,325",13.15
2019,1,MI,Final,"357,423","3,232,751","544,075",11.06
2019,1,MN,Final,"196,813","1,997,434","298,521",9.85
2019,1,MO,Final,"208,221","2,568,222","383,064",8.11
2019,1,MS,Final,"114,828","1,076,796","237,227",10.66
2019,1,MT,Final,"43,584","439,040","108,587",9.93
2019,1,NC,Final,"336,290","3,982,798","700,555",8.44
2019,1,ND,Final,"57,100","674,807","75,463",8.46
2019,1,NE,Final,"67,546","808,877","153,570",8.35
2019,1,NH,Final,"62,384","376,317","107,685",16.58
2019,1,NJ,Final,"382,974","3,250,753","524,016",11.78
2019,1,NM,Final,"64,962","691,125","144,475",9.4
2019,1,NV,Final,"64,213","882,756","166,874",7.27
2019,1,NY,Final,"817,629","6,287,697","1,111,423",13
2019,1,OH,Final,"385,741","3,907,593","630,741",9.87
2019,1,OK,Final,"121,979","1,671,159","285,617",7.3
2019,1,OR,Final,"120,499","1,387,315","240,150",8.69
2019,1,PA,Final,"326,714","3,855,171","717,086",8.47
2019,1,RI,Final,"57,179","311,998","60,731",18.33
2019,1,SC,Final,"172,340","1,757,386","381,984",9.81
2019,1,SD,Final,"38,442","429,816","73,182",8.94
2019,1,TN,Final,"308,598","2,860,937","493,184",10.79
2019,1,TX,Final,"864,989","10,907,376","1,549,007",7.93
2019,1,UT,Final,"74,916","980,996","131,914",7.64
2019,1,VA,Final,"378,586","4,570,548","432,729",8.28
2019,1,VT,Final,"26,792","172,619","57,587",15.52
2019,1,WA,Final,"229,220","2,628,365","387,994",8.72
2019,1,WI,Final,"209,786","2,019,676","356,745",10.39
2019,1,WV,Final,"60,206","707,034","144,952",8.52
2019,1,WY,Final,"30,031","331,970","58,068",9.05
2018,12,AK,Final,"44,252","226,779","54,155",19.51
2018,12,AL,Final,"194,859","1,747,967","371,807",11.15
2018,12,AR,Final,"64,801","878,888","197,325",7.37
2018,12,AZ,Final,"203,735","2,129,540","324,854",9.57
2018,12,CA,Final,"1,370,932","9,003,596","1,720,988",15.23
2018,12,CO,Final,"165,354","1,731,897","376,132",9.55
2018,12,CT,Final,"171,918","974,804","152,980",17.64
2018,12,DC,Final,"80,647","636,346","26,473",12.67
2018,12,DE,Final,"33,285","333,799","54,976",9.97
2018,12,FL,Final,"674,171","7,214,027","1,239,450",9.35
2018,12,GA,Final,"313,868","3,557,943","581,730",8.82
2018,12,HI,Final,"78,244","242,202","59,548",32.31
2018,12,IA,Final,"88,364","1,039,292","240,129",8.5
2018,12,ID,Final,"42,353","568,889","111,463",7.44
2018,12,IL,Final,"373,816","4,260,751","619,290",8.77
2018,12,IN,Final,"196,727","1,894,168","355,593",10.39
2018,12,KS,Final,"121,900","1,216,466","234,890",10.02
2018,12,KY,Final,"154,237","1,562,688","307,334",9.87
2018,12,LA,Final,"160,107","1,790,645","292,445",8.94
2018,12,MA,Final,"353,574","2,075,032","419,750",17.04
2018,12,MD,Final,"255,740","2,366,255","255,238",10.81
2018,12,ME,Final,"46,127","367,314","97,337",12.56
2018,12,MI,Final,"338,750","3,081,944","543,983",10.99
2018,12,MN,Final,"192,234","1,957,760","296,429",9.82
2018,12,MO,Final,"204,258","2,445,465","385,907",8.35
2018,12,MS,Final,"110,966","1,036,641","237,192",10.7
2018,12,MT,Final,"42,999","426,622","109,241",10.08
2018,12,NC,Final,"321,341","3,787,725","697,303",8.48
2018,12,ND,Final,"55,135","633,844","75,337",8.7
2018,12,NE,Final,"66,251","786,749","153,815",8.42
2018,12,NH,Final,"58,975","369,180","108,017",15.97
2018,12,NJ,Final,"375,961","3,132,708","522,955",12
2018,12,NM,Final,"66,031","686,280","144,175",9.62
2018,12,NV,Final,"68,431","916,750","165,874",7.46
2018,12,NY,Final,"813,620","6,203,160","1,109,472",13.12
2018,12,OH,Final,"361,768","3,670,627","630,293",9.86
2018,12,OK,Final,"117,346","1,525,594","284,315",7.69
2018,12,OR,Final,"124,565","1,400,299","239,002",8.9
2018,12,PA,Final,"313,498","3,495,657","718,968",8.97
2018,12,RI,Final,"52,094","297,952","59,283",17.48
2018,12,SC,Final,"167,339","1,668,993","378,612",10.03
2018,12,SD,Final,"39,843","417,785","72,303",9.54
2018,12,TN,Final,"303,152","2,822,396","493,407",10.74
2018,12,TX,Final,"828,952","10,706,301","1,602,660",7.74
2018,12,UT,Final,"72,147","995,296","130,751",7.25
2018,12,VA,Final,"338,277","4,092,437","432,255",8.27
2018,12,VT,Final,"25,304","163,340","57,090",15.49
2018,12,WA,Final,"218,561","2,522,629","382,446",8.66
2018,12,WI,Final,"202,711","1,975,357","354,817",10.26
2018,12,WV,Final,"54,890","627,280","144,910",8.75
2018,12,WY,Final,"30,471","332,519","58,272",9.16
2018,11,AK,Final,"41,998","221,153","54,135",18.99
2018,11,AL,Final,"198,943","1,739,714","371,580",11.44
2018,11,AR,Final,"67,340","906,972","197,438",7.42
2018,11,AZ,Final,"205,578","2,094,275","323,038",9.82
2018,11,CA,Final,"1,318,652","8,327,582","1,690,494",15.83
2018,11,CO,Final,"166,222","1,646,414","376,484",10.1
2018,11,CT,Final,"161,362","944,702","153,974",17.08
2018,11,DC,Final,"83,919","670,870","26,445",12.51
2018,11,DE,Final,"34,593","338,530","55,078",10.22
2018,11,FL,Final,"712,569","7,621,333","1,237,034",9.35
2018,11,GA,Final,"362,267","3,580,338","581,440",10.12
2018,11,HI,Final,"78,595","248,923","59,586",31.57
2018,11,IA,Final,"90,653","1,011,578","239,459",8.96
2018,11,ID,Final,"40,468","530,291","111,447",7.63
2018,11,IL,Final,"358,518","3,881,488","616,694",9.24
2018,11,IN,Final,"199,449","1,833,075","355,567",10.88
2018,11,KS,Final,"124,765","1,218,182","234,864",10.24
2018,11,KY,Final,"152,535","1,518,501","306,948",10.05
2018,11,LA,Final,"167,404","1,909,154","293,009",8.77
2018,11,MA,Final,"337,249","2,018,242","419,187",16.71
2018,11,MD,Final,"235,386","2,280,801","254,750",10.32
2018,11,ME,Final,"42,051","339,643","94,191",12.38
2018,11,MI,Final,"327,693","2,944,072","544,330",11.13
2018,11,MN,Final,"183,256","1,808,463","296,671",10.13
2018,11,MO,Final,"200,951","2,388,377","385,701",8.41
2018,11,MS,Final,"114,184","1,058,754","237,249",10.78
2018,11,MT,Final,"39,572","393,732","109,116",10.05
2018,11,NC,Final,"313,922","3,775,681","697,126",8.31
2018,11,ND,Final,"53,805","599,748","75,386",8.97
2018,11,NE,Final,"66,624","769,987","153,988",8.65
2018,11,NH,Final,"55,370","348,499","107,923",15.89
2018,11,NJ,Final,"340,948","2,880,424","523,072",11.84
2018,11,NM,Final,"67,854","692,906","144,372",9.79
2018,11,NV,Final,"62,899","844,177","165,412",7.45
2018,11,NY,Final,"806,689","5,859,523","1,106,240",13.77
2018,11,OH,Final,"368,737","3,609,953","624,048",10.21
2018,11,OK,Final,"122,754","1,660,359","283,969",7.39
2018,11,OR,Final,"119,953","1,311,518","236,127",9.15
2018,11,PA,Final,"297,181","3,301,699","718,566",9
2018,11,RI,Final,"51,052","293,755","60,863",17.38
2018,11,SC,Final,"168,085","1,639,188","379,312",10.25
2018,11,SD,Final,"36,184","392,145","72,441",9.23
2018,11,TN,Final,"293,778","2,732,447","492,372",10.75
2018,11,TX,Final,"857,391","10,361,734","1,604,354",8.27
2018,11,UT,Final,"74,653","954,964","130,691",7.82
2018,11,VA,Final,"352,125","4,230,471","432,022",8.32
2018,11,VT,Final,"23,648","154,399","56,971",15.32
2018,11,WA,Final,"205,092","2,351,441","385,604",8.72
2018,11,WI,Final,"198,380","1,847,999","356,337",10.73
2018,11,WV,Final,"56,149","587,259","144,742",9.56
2018,11,WY,Final,"29,508","308,147","58,465",9.58
2018,10,AK,Final,"40,854","211,318","54,207",19.33
2018,10,AL,Final,"218,858","1,956,072","371,885",11.19
2018,10,AR,Final,"76,519","1,072,814","197,466",7.13
2018,10,AZ,Final,"256,454","2,379,609","322,809",10.78
2018,10,CA,Final,"1,814,706","10,532,628","1,748,033",17.23
2018,10,CO,Final,"179,087","1,700,791","377,345",10.53
2018,10,CT,Final,"175,044","1,043,170","153,970",16.78
2018,10,DC,Final,"83,126","681,829","26,413",12.19
2018,10,DE,Final,"37,335","366,783","55,273",10.18
2018,10,FL,Final,"775,330","8,474,656","1,229,228",9.15
2018,10,GA,Final,"376,700","3,905,940","581,689",9.64
2018,10,HI,Final,"81,695","274,566","59,628",29.75
2018,10,IA,Final,"91,229","999,348","240,127",9.13
2018,10,ID,Final,"40,373","515,926","111,443",7.83
2018,10,IL,Final,"388,690","4,112,021","617,950",9.45
2018,10,IN,Final,"216,786","2,036,067","355,758",10.65
2018,10,KS,Final,"143,188","1,321,305","234,862",10.84
2018,10,KY,Final,"162,668","1,674,999","307,083",9.71
2018,10,LA,Final,"183,049","2,206,072","293,687",8.3
2018,10,MA,Final,"360,084","2,077,679","416,928",17.33
2018,10,MD,Final,"255,012","2,408,268","254,616",10.59
2018,10,ME,Final,"49,178","394,661","98,340",12.46
2018,10,MI,Final,"358,248","3,203,196","543,491",11.18
2018,10,MN,Final,"188,780","1,818,807","296,408",10.38
2018,10,MO,Final,"216,138","2,478,619","386,317",8.72
2018,10,MS,Final,"133,257","1,290,473","237,697",10.33
2018,10,MT,Final,"39,880","389,683","109,039",10.23
2018,10,NC,Final,"347,846","3,886,975","697,152",8.95
2018,10,ND,Final,"50,671","551,769","75,284",9.18
2018,10,NE,Final,"64,200","743,698","154,098",8.63
2018,10,NH,Final,"57,906","359,861","107,518",16.09
2018,10,NJ,Final,"377,883","3,207,967","526,857",11.78
2018,10,NM,Final,"75,001","747,750","144,133",10.03
2018,10,NV,Final,"78,402","1,007,505","165,283",7.78
2018,10,NY,Final,"942,982","6,303,482","1,110,514",14.96
2018,10,OH,Final,"410,674","3,991,186","632,455",10.29
2018,10,OK,Final,"145,565","1,775,929","283,991",8.2
2018,10,OR,Final,"126,445","1,402,229","235,915",9.02
2018,10,PA,Final,"308,113","3,492,048","718,101",8.82
2018,10,RI,Final,"50,206","292,445","59,964",17.17
2018,10,SC,Final,"179,281","1,834,878","378,346",9.77
2018,10,SD,Final,"39,309","391,578","71,873",10.04
2018,10,TN,Final,"324,578","3,156,916","493,847",10.28
2018,10,TX,Final,"1,018,005","12,727,788","1,617,357",8
2018,10,UT,Final,"83,625","1,008,990","130,649",8.29
2018,10,VA,Final,"355,526","4,311,386","431,942",8.25
2018,10,VT,Final,"24,882","161,952","57,269",15.36
2018,10,WA,Final,"208,447","2,352,522","385,986",8.86
2018,10,WI,Final,"207,232","1,946,622","354,506",10.65
2018,10,WV,Final,"60,129","662,568","144,739",9.08
2018,10,WY,Final,"26,421","288,457","58,111",9.16
2018,9,AK,Final,"39,125","209,121","54,235",18.71
2018,9,AL,Final,"247,569","2,213,778","371,374",11.18
2018,9,AR,Final,"88,346","1,177,548","196,951",7.5
2018,9,AZ,Final,"310,024","2,829,710","322,647",10.96
2018,9,CA,Final,"1,553,933","8,903,753","1,667,525",17.45
2018,9,CO,Final,"189,037","1,830,933","376,668",10.32
2018,9,CT,Final,"179,241","1,017,491","153,973",17.62
2018,9,DC,Final,"83,438","708,537","26,426",11.78
2018,9,DE,Final,"34,761","370,922","55,222",9.37
2018,9,FL,Final,"819,294","9,136,723","1,233,802",8.97
2018,9,GA,Final,"442,370","4,484,872","580,923",9.86
2018,9,HI,Final,"77,704","258,915","59,613",30.01
2018,9,IA,Final,"100,237","988,075","240,260",10.14
2018,9,ID,Final,"39,920","514,806","111,179",7.75
2018,9,IL,Final,"393,216","4,310,551","616,171",9.12
2018,9,IN,Final,"229,710","2,118,020","355,740",10.85
2018,9,KS,Final,"149,188","1,420,934","234,846",10.5
2018,9,KY,Final,"174,810","1,770,786","305,813",9.87
2018,9,LA,Final,"199,396","2,370,989","293,187",8.41
2018,9,MA,Final,"403,793","2,294,485","418,706",17.6
2018,9,MD,Final,"257,648","2,519,810","254,566",10.22
2018,9,ME,Final,"45,186","365,829","94,262",12.35
2018,9,MI,Final,"361,407","3,327,786","542,641",10.86
2018,9,MN,Final,"216,316","1,918,144","296,334",11.28
2018,9,MO,Final,"243,080","2,666,273","385,337",9.12
2018,9,MS,Final,"141,929","1,428,583","236,946",9.94
2018,9,MT,Final,"40,427","397,426","108,904",10.17
2018,9,NC,Final,"402,957","4,757,391","696,696",8.47
2018,9,ND,Final,"50,104","515,797","75,281",9.71
2018,9,NE,Final,"74,454","796,789","154,669",9.34
2018,9,NH,Final,"60,950","382,590","107,896",15.93
2018,9,NJ,Final,"407,202","3,280,138","524,795",12.41
2018,9,NM,Final,"83,263","817,292","143,792",10.19
2018,9,NV,Final,"81,442","1,080,138","165,407",7.54
2018,9,NY,Final,"1,134,670","7,071,506","1,110,189",16.05
2018,9,OH,Final,"404,741","4,018,398","631,564",10.07
2018,9,OK,Final,"154,023","1,820,548","283,388",8.46
2018,9,OR,Final,"92,039","1,335,136","236,043",6.89
2018,9,PA,Final,"334,349","3,831,677","716,626",8.73
2018,9,RI,Final,"51,063","303,461","60,815",16.83
2018,9,SC,Final,"201,641","2,059,406","377,624",9.79
2018,9,SD,Final,"40,416","404,664","72,044",9.99
2018,9,TN,Final,"362,601","3,481,555","492,551",10.41
2018,9,TX,Final,"1,057,879","13,169,674","1,588,739",8.03
2018,9,UT,Final,"94,620","1,092,102","130,374",8.66
2018,9,VA,Final,"398,030","4,781,365","431,728",8.32
2018,9,VT,Final,"26,090","172,061","57,170",15.16
2018,9,WA,Final,"206,529","2,351,988","384,226",8.78
2018,9,WI,Final,"217,453","2,009,863","355,365",10.82
2018,9,WV,Final,"57,675","638,475","144,558",9.03
2018,9,WY,Final,"29,826","307,143","58,333",9.71
2018,8,AK,Final,"40,004","216,236","54,183",18.5
2018,8,AL,Final,"259,279","2,317,671","371,718",11.19
2018,8,AR,Final,"93,062","1,226,153","196,909",7.59
2018,8,AZ,Final,"357,443","3,197,720","322,497",11.18
2018,8,CA,Final,"2,322,544","12,393,410","1,745,783",18.74
2018,8,CO,Final,"207,311","1,986,023","377,146",10.44
2018,8,CT,Final,"204,162","1,245,542","153,882",16.39
2018,8,DC,Final,"96,555","782,777","26,409",12.34
2018,8,DE,Final,"39,509","422,537","55,169",9.35
2018,8,FL,Final,"810,130","9,139,311","1,230,266",8.86
2018,8,GA,Final,"453,756","4,586,890","580,980",9.89
2018,8,HI,Final,"82,702","275,706","59,641",30
2018,8,IA,Final,"132,609","1,166,027","239,683",11.37
2018,8,ID,Final,"47,852","587,854","111,070",8.14
2018,8,IL,Final,"439,342","4,804,216","617,658",9.14
2018,8,IN,Final,"250,712","2,362,305","355,263",10.61
2018,8,KS,Final,"182,134","1,640,402","234,786",11.1
2018,8,KY,Final,"183,880","1,935,489","305,728",9.5
2018,8,LA,Final,"210,912","2,389,683","294,359",8.83
2018,8,MA,Final,"440,781","2,598,529","415,823",16.96
2018,8,MD,Final,"292,331","2,891,001","254,247",10.11
2018,8,ME,Final,"53,142","436,826","99,134",12.17
2018,8,MI,Final,"413,544","3,786,206","543,503",10.92
2018,8,MN,Final,"233,127","2,167,977","296,640",10.75
2018,8,MO,Final,"313,425","3,003,330","386,169",10.44
2018,8,MS,Final,"144,768","1,449,563","237,593",9.99
2018,8,MT,Final,"42,238","427,742","108,845",9.87
2018,8,NC,Final,"418,869","4,810,169","692,640",8.71
2018,8,ND,Final,"53,330","554,459","75,301",9.62
2018,8,NE,Final,"82,158","877,482","155,011",9.36
2018,8,NH,Final,"66,113","433,514","108,438",15.25
2018,8,NJ,Final,"491,000","3,908,977","515,853",12.56
2018,8,NM,Final,"93,160","871,226","144,089",10.69
2018,8,NV,Final,"107,923","1,322,225","164,733",8.16
2018,8,NY,Final,"1,150,384","7,423,019","1,109,183",15.5
2018,8,OH,Final,"447,392","4,517,595","632,727",9.9
2018,8,OK,Final,"178,333","2,073,222","283,437",8.6
2018,8,OR,Final,"141,175","1,497,679","237,373",9.43
2018,8,PA,Final,"345,211","3,919,715","717,644",8.81
2018,8,RI,Final,"58,796","372,361","60,520",15.79
2018,8,SC,Final,"180,226","2,231,893","378,033",8.08
2018,8,SD,Final,"45,133","447,172","72,716",10.09
2018,8,TN,Final,"376,780","3,549,905","494,049",10.61
2018,8,TX,Final,"1,194,419","14,497,015","1,604,306",8.24
2018,8,UT,Final,"98,636","1,170,371","130,293",8.43
2018,8,VA,Final,"408,766","4,878,734","431,820",8.38
2018,8,VT,Final,"28,764","190,947","57,361",15.06
2018,8,WA,Final,"217,065","2,518,726","387,108",8.62
2018,8,WI,Final,"245,959","2,287,967","355,013",10.75
2018,8,WV,Final,"65,353","726,884","144,811",8.99
2018,8,WY,Final,"31,547","330,197","58,657",9.55
2018,7,AK,Final,"40,172","215,101","54,065",18.68
2018,7,AL,Final,"254,583","2,294,786","371,321",11.09
2018,7,AR,Final,"93,562","1,243,808","196,717",7.52
2018,7,AZ,Final,"354,322","3,108,159","322,116",11.4
2018,7,CA,Final,"2,024,027","10,885,742","1,717,027",18.59
2018,7,CO,Final,"207,506","2,038,531","377,110",10.18
2018,7,CT,Final,"192,958","1,221,742","153,852",15.79
2018,7,DC,Final,"90,601","794,490","26,380",11.4
2018,7,DE,Final,"39,062","424,316","55,077",9.21
2018,7,FL,Final,"812,173","9,098,992","1,230,356",8.93
2018,7,GA,Final,"443,553","4,534,482","580,437",9.78
2018,7,HI,Final,"82,465","271,102","59,660",30.42
2018,7,IA,Final,"125,633","1,094,276","240,319",11.48
2018,7,ID,Final,"48,632","603,476","110,894",8.06
2018,7,IL,Final,"428,175","4,688,413","616,221",9.13
2018,7,IN,Final,"245,906","2,325,645","355,236",10.57
2018,7,KS,Final,"176,834","1,609,496","234,670",10.99
2018,7,KY,Final,"180,990","1,886,261","305,594",9.6
2018,7,LA,Final,"212,676","2,390,265","293,946",8.9
2018,7,MA,Final,"417,625","2,454,340","409,568",17.02
2018,7,MD,Final,"281,391","2,777,473","254,060",10.13
2018,7,ME,Final,"45,606","371,294","90,670",12.28
2018,7,MI,Final,"424,319","3,708,190","543,003",11.44
2018,7,MN,Final,"237,819","2,167,188","296,183",10.97
2018,7,MO,Final,"335,104","3,021,033","385,574",11.09
2018,7,MS,Final,"143,312","1,453,043","237,086",9.86
2018,7,MT,Final,"43,645","421,646","108,787",10.35
2018,7,NC,Final,"421,940","4,767,921","691,391",8.85
2018,7,ND,Final,"52,154","550,303","75,162",9.48
2018,7,NE,Final,"83,615","888,340","154,391",9.41
2018,7,NH,Final,"65,807","422,089","108,091",15.59
2018,7,NJ,Final,"465,018","3,673,045","522,014",12.66
2018,7,NM,Final,"93,151","864,083","143,841",10.78
2018,7,NV,Final,"102,548","1,303,398","164,973",7.87
2018,7,NY,Final,"1,156,796","7,219,570","1,108,245",16.02
2018,7,OH,Final,"440,056","4,393,568","631,585",10.02
2018,7,OK,Final,"175,726","2,124,336","283,239",8.27
2018,7,OR,Final,"143,744","1,530,499","237,160",9.39
2018,7,PA,Final,"347,548","3,963,814","717,289",8.77
2018,7,RI,Final,"57,243","364,418","60,672",15.71
2018,7,SC,Final,"231,645","2,187,949","377,470",10.59
2018,7,SD,Final,"41,849","433,239","72,560",9.66
2018,7,TN,Final,"378,883","3,605,861","492,830",10.51
2018,7,TX,Final,"1,142,453","14,138,079","1,594,327",8.08
2018,7,UT,Final,"100,285","1,180,026","130,242",8.5
2018,7,VA,Final,"395,407","4,747,742","431,432",8.33
2018,7,VT,Final,"28,481","188,471","56,955",15.11
2018,7,WA,Final,"222,818","2,598,157","385,650",8.58
2018,7,WI,Final,"241,153","2,258,192","355,422",10.68
2018,7,WV,Final,"63,262","692,346","144,511",9.14
2018,7,WY,Final,"31,373","323,349","58,675",9.7
2018,6,AK,Final,"36,872","205,307","54,048",17.96
2018,6,AL,Final,"243,667","2,167,147","371,144",11.24
2018,6,AR,Final,"86,982","1,147,444","196,197",7.58
2018,6,AZ,Final,"313,876","2,805,460","322,184",11.19
2018,6,CA,Final,"1,719,566","9,702,496","1,717,002",17.72
2018,6,CO,Final,"195,274","1,828,719","377,205",10.68
2018,6,CT,Final,"174,325","1,050,662","153,831",16.59
2018,6,DC,Final,"83,299","693,790","26,294",12.01
2018,6,DE,Final,"35,432","368,829","55,002",9.61
2018,6,FL,Final,"788,819","8,762,353","1,229,930",9
2018,6,GA,Final,"428,207","4,344,736","579,479",9.86
2018,6,HI,Final,"75,182","255,315","59,654",29.45
2018,6,IA,Final,"115,066","1,069,076","239,994",10.76
2018,6,ID,Final,"44,075","525,943","110,780",8.38
2018,6,IL,Final,"404,285","4,420,800","614,968",9.15
2018,6,IN,Final,"225,690","2,139,116","354,492",10.55
2018,6,KS,Final,"161,303","1,473,748","234,263",10.95
2018,6,KY,Final,"174,720","1,799,062","305,077",9.71
2018,6,LA,Final,"195,274","2,270,290","293,609",8.6
2018,6,MA,Final,"357,080","2,188,754","403,852",16.31
2018,6,MD,Final,"263,071","2,529,017","253,916",10.4
2018,6,ME,Final,"43,011","352,398","97,036",12.21
2018,6,MI,Final,"374,536","3,403,710","542,918",11
2018,6,MN,Final,"231,826","2,069,439","295,606",11.2
2018,6,MO,Final,"311,505","2,814,440","384,826",11.07
2018,6,MS,Final,"143,303","1,369,700","236,869",10.46
2018,6,MT,Final,"40,242","385,219","108,629",10.45
2018,6,NC,Final,"382,709","4,522,024","690,401",8.46
2018,6,ND,Final,"50,013","517,012","75,113",9.67
2018,6,NE,Final,"77,502","845,890","153,964",9.16
2018,6,NH,Final,"57,642","369,159","107,943",15.61
2018,6,NJ,Final,"424,954","3,319,930","523,134",12.8
2018,6,NM,Final,"90,415","852,534","144,015",10.61
2018,6,NV,Final,"83,832","1,117,830","165,783",7.5
2018,6,NY,Final,"968,039","6,413,282","1,106,578",15.09
2018,6,OH,Final,"418,907","4,130,905","631,394",10.14
2018,6,OK,Final,"169,943","1,953,694","282,831",8.7
2018,6,OR,Final,"128,854","1,400,932","250,125",9.2
2018,6,PA,Final,"316,648","3,572,538","717,375",8.86
2018,6,RI,Final,"47,090","309,009","58,435",15.24
2018,6,SC,Final,"222,011","2,085,611","376,646",10.64
2018,6,SD,Final,"39,893","405,677","72,338",9.83
2018,6,TN,Final,"352,492","3,351,857","492,343",10.52
2018,6,TX,Final,"1,106,953","13,489,632","1,588,333",8.21
2018,6,UT,Final,"91,503","1,058,150","130,084",8.65
2018,6,VA,Final,"388,616","4,612,707","430,944",8.42
2018,6,VT,Final,"25,303","163,320","57,246",15.49
2018,6,WA,Final,"203,718","2,363,186","383,762",8.62
2018,6,WI,Final,"217,671","2,048,535","355,094",10.63
2018,6,WV,Final,"60,118","658,100","144,255",9.14
2018,6,WY,Final,"31,289","307,175","58,514",10.19
2018,5,AK,Final,"38,716","211,070","54,000",18.34
2018,5,AL,Final,"223,288","1,997,243","370,966",11.18
2018,5,AR,Final,"75,291","988,938","196,147",7.61
2018,5,AZ,Final,"285,803","2,537,028","321,573",11.27
2018,5,CA,Final,"1,407,212","9,065,059","1,742,735",15.52
2018,5,CO,Final,"170,869","1,707,190","377,065",10.01
2018,5,CT,Final,"166,665","1,009,721","153,861",16.51
2018,5,DC,Final,"78,060","672,945","26,275",11.6
2018,5,DE,Final,"33,357","346,793","54,924",9.62
2018,5,FL,Final,"727,579","7,969,421","1,228,229",9.13
2018,5,GA,Final,"390,643","4,005,910","579,110",9.75
2018,5,HI,Final,"73,800","252,257","59,673",29.26
2018,5,IA,Final,"92,663","977,280","240,112",9.48
2018,5,ID,Final,"42,000","514,306","110,615",8.17
2018,5,IL,Final,"378,965","4,198,324","615,646",9.03
2018,5,IN,Final,"212,019","2,033,572","354,196",10.43
2018,5,KS,Final,"142,648","1,337,524","234,068",10.67
2018,5,KY,Final,"163,050","1,689,837","304,739",9.65
2018,5,LA,Final,"173,482","1,977,423","292,750",8.77
2018,5,MA,Final,"329,463","1,997,605","406,757",16.49
2018,5,MD,Final,"249,897","2,430,666","254,270",10.28
2018,5,ME,Final,"41,569","324,638","97,320",12.8
2018,5,MI,Final,"370,156","3,241,446","545,108",11.42
2018,5,MN,Final,"205,398","1,949,014","295,976",10.54
2018,5,MO,Final,"272,550","2,666,024","384,792",10.22
2018,5,MS,Final,"123,342","1,148,081","236,917",10.74
2018,5,MT,Final,"40,675","395,410","108,486",10.29
2018,5,NC,Final,"341,480","4,156,153","689,921",8.22
2018,5,ND,Final,"49,046","532,526","75,272",9.21
2018,5,NE,Final,"71,024","799,422","154,446",8.88
2018,5,NH,Final,"57,621","351,428","107,879",16.4
2018,5,NJ,Final,"384,428","3,139,963","521,500",12.24
2018,5,NM,Final,"75,414","785,629","143,863",9.6
2018,5,NV,Final,"79,253","1,037,457","165,062",7.64
2018,5,NY,Final,"794,073","5,799,648","1,106,289",13.69
2018,5,OH,Final,"413,272","4,052,530","630,285",10.2
2018,5,OK,Final,"154,485","2,012,537","282,358",7.68
2018,5,OR,Final,"113,739","1,259,204","241,386",9.03
2018,5,PA,Final,"306,627","3,375,372","717,205",9.08
2018,5,RI,Final,"44,387","282,736","60,671",15.7
2018,5,SC,Final,"191,246","1,914,704","376,319",9.99
2018,5,SD,Final,"36,976","386,960","72,361",9.56
2018,5,TN,Final,"302,499","2,935,327","490,875",10.31
2018,5,TX,Final,"955,979","11,662,681","1,572,421",8.2
2018,5,UT,Final,"85,579","953,522","129,860",8.98
2018,5,VA,Final,"379,302","4,578,781","430,434",8.28
2018,5,VT,Final,"24,233","157,968","57,146",15.34
2018,5,WA,Final,"209,582","2,419,979","385,514",8.66
2018,5,WI,Final,"218,101","1,978,445","354,171",11.02
2018,5,WV,Final,"62,688","661,904","143,672",9.47
2018,5,WY,Final,"29,374","296,359","58,319",9.91
2018,4,AK,Final,"39,352","218,838","53,696",17.98
2018,4,AL,Final,"189,370","1,666,117","370,759",11.37
2018,4,AR,Final,"66,418","873,798","195,815",7.6
2018,4,AZ,Final,"242,536","2,335,252","321,261",10.39
2018,4,CA,Final,"1,352,809","9,200,489","1,687,743",14.7
2018,4,CO,Final,"157,479","1,585,258","375,931",9.93
2018,4,CT,Final,"151,232","911,200","153,858",16.6
2018,4,DC,Final,"77,215","607,287","26,251",12.71
2018,4,DE,Final,"32,258","335,529","54,837",9.61
2018,4,FL,Final,"689,463","7,488,739","1,227,428",9.21
2018,4,GA,Final,"332,549","3,433,408","578,207",9.69
2018,4,HI,Final,"71,285","248,057","59,686",28.74
2018,4,IA,Final,"85,950","953,871","239,314",9.01
2018,4,ID,Final,"38,887","483,743","110,385",8.04
2018,4,IL,Final,"340,788","3,734,835","615,453",9.12
2018,4,IN,Final,"187,959","1,765,469","354,048",10.65
2018,4,KS,Final,"132,426","1,225,869","233,205",10.8
2018,4,KY,Final,"140,870","1,411,784","304,417",9.98
2018,4,LA,Final,"165,526","1,767,511","292,135",9.36
2018,4,MA,Final,"329,801","1,968,736","402,640",16.75
2018,4,MD,Final,"221,694","2,118,695","253,609",10.46
2018,4,ME,Final,"43,229","343,375","95,453",12.59
2018,4,MI,Final,"336,865","3,011,389","541,375",11.19
2018,4,MN,Final,"174,159","1,777,545","294,829",9.8
2018,4,MO,Final,"199,405","2,297,726","383,253",8.68
2018,4,MS,Final,"111,309","1,029,814","236,601",10.81
2018,4,MT,Final,"40,118","397,908","108,430",10.08
2018,4,NC,Final,"301,932","3,533,927","688,806",8.54
2018,4,ND,Final,"48,328","543,277","74,928",8.9
2018,4,NE,Final,"61,048","710,650","153,212",8.59
2018,4,NH,Final,"51,652","326,478","107,617",15.82
2018,4,NJ,Final,"336,230","2,867,993","522,974",11.72
2018,4,NM,Final,"66,608","687,221","143,841",9.69
2018,4,NV,Final,"67,280","886,754","164,422",7.59
2018,4,NY,Final,"774,908","5,808,986","1,105,148",13.34
2018,4,OH,Final,"353,648","3,441,733","630,177",10.28
2018,4,OK,Final,"123,174","1,584,558","282,033",7.77
2018,4,OR,Final,"119,934","1,318,866","235,823",9.09
2018,4,PA,Final,"292,112","3,328,454","716,923",8.78
2018,4,RI,Final,"45,241","279,507","60,586",16.19
2018,4,SC,Final,"162,108","1,559,833","375,711",10.39
2018,4,SD,Final,"35,165","378,910","71,669",9.28
2018,4,TN,Final,"283,546","2,715,173","491,546",10.44
2018,4,TX,Final,"850,361","10,373,914","1,575,619",8.2
2018,4,UT,Final,"73,523","905,829","129,688",8.12
2018,4,VA,Final,"305,625","3,696,288","430,436",8.27
2018,4,VT,Final,"23,553","155,845","56,928",15.11
2018,4,WA,Final,"201,581","2,339,784","381,452",8.62
2018,4,WI,Final,"196,144","1,847,407","354,159",10.62
2018,4,WV,Final,"52,694","553,147","144,262",9.53
2018,4,WY,Final,"28,689","295,168","58,064",9.72
2018,3,AK,Final,"42,496","231,845","53,661",18.33
2018,3,AL,Final,"196,114","1,712,590","370,560",11.45
2018,3,AR,Final,"77,241","885,620","195,658",8.72
2018,3,AZ,Final,"216,749","2,160,936","320,870",10.03
2018,3,CA,Final,"1,471,427","10,104,207","1,739,914",14.56
2018,3,CO,Final,"162,033","1,696,075","374,903",9.55
2018,3,CT,Final,"159,767","969,624","153,855",16.48
2018,3,DC,Final,"73,722","702,649","26,236",10.49
2018,3,DE,Final,"32,387","349,906","54,662",9.26
2018,3,FL,Final,"683,728","7,336,692","1,234,700",9.32
2018,3,GA,Final,"347,258","3,500,055","577,489",9.92
2018,3,HI,Final,"70,715","237,020","59,685",29.83
2018,3,IA,Final,"91,835","1,015,868","239,484",9.04
2018,3,ID,Final,"41,646","521,038","110,300",7.99
2018,3,IL,Final,"358,010","4,045,971","615,312",8.85
2018,3,IN,Final,"202,725","1,885,696","353,610",10.75
2018,3,KS,Final,"129,178","1,216,825","232,925",10.62
2018,3,KY,Final,"151,973","1,555,464","303,907",9.77
2018,3,LA,Final,"170,562","1,797,487","291,712",9.49
2018,3,MA,Final,"354,647","1,994,927","402,862",17.78
2018,3,MD,Final,"246,382","2,434,276","253,610",10.12
2018,3,ME,Final,"46,943","263,071","97,392",17.84
2018,3,MI,Final,"350,728","3,060,511","542,894",11.46
2018,3,MN,Final,"190,635","1,938,229","295,558",9.84
2018,3,MO,Final,"210,607","2,381,750","381,388",8.84
2018,3,MS,Final,"115,096","1,049,827","236,405",10.96
2018,3,MT,Final,"41,460","415,407","108,416",9.98
2018,3,NC,Final,"315,492","3,701,264","687,377",8.52
2018,3,ND,Final,"52,885","600,832","74,957",8.8
2018,3,NE,Final,"65,195","761,728","153,289",8.56
2018,3,NH,Final,"55,124","357,278","107,525",15.43
2018,3,NJ,Final,"358,802","3,106,033","513,660",11.55
2018,3,NM,Final,"67,798","693,718","143,577",9.77
2018,3,NV,Final,"75,751","955,408","164,142",7.93
2018,3,NY,Final,"801,755","6,001,528","1,104,291",13.36
2018,3,OH,Final,"386,086","3,803,695","629,143",10.15
2018,3,OK,Final,"120,862","1,549,491","281,970",7.8
2018,3,OR,Final,"117,698","1,306,223","235,793",9.01
2018,3,PA,Final,"313,600","3,531,674","714,807",8.88
2018,3,RI,Final,"48,013","292,503","58,730",16.41
2018,3,SC,Final,"175,461","1,680,529","375,110",10.44
2018,3,SD,Final,"38,001","410,276","71,741",9.26
2018,3,TN,Final,"287,679","2,645,099","488,667",10.88
2018,3,TX,Final,"871,059","10,421,212","1,584,756",8.36
2018,3,UT,Final,"73,331","906,110","129,358",8.09
2018,3,VA,Final,"360,444","4,351,088","430,171",8.28
2018,3,VT,Final,"25,586","168,509","56,998",15.18
2018,3,WA,Final,"219,399","2,467,631","385,993",8.89
2018,3,WI,Final,"203,353","1,934,569","352,894",10.51
2018,3,WV,Final,"64,978","679,929","143,901",9.56
2018,3,WY,Final,"30,434","318,941","58,230",9.54
2018,2,AK,Final,"42,781","234,883","53,520",18.21
2018,2,AL,Final,"185,400","1,651,169","369,543",11.23
2018,2,AR,Final,"78,679","903,152","195,307",8.71
2018,2,AZ,Final,"200,934","1,972,381","321,104",10.19
2018,2,CA,Final,"1,231,106","8,409,897","1,661,426",14.64
2018,2,CO,Final,"149,861","1,567,252","373,751",9.56
2018,2,CT,Final,"161,631","946,431","153,947",17.08
2018,2,DC,Final,"72,088","586,756","26,208",12.29
2018,2,DE,Final,"32,008","319,324","54,427",10.02
2018,2,FL,Final,"663,345","6,795,647","1,224,218",9.76
2018,2,GA,Final,"322,589","3,388,741","575,669",9.52
2018,2,HI,Final,"64,898","226,953","59,729",28.6
2018,2,IA,Final,"91,882","1,005,704","238,701",9.14
2018,2,ID,Final,"40,931","516,167","110,089",7.93
2018,2,IL,Final,"333,297","3,841,802","614,647",8.68
2018,2,IN,Final,"194,507","1,839,145","353,487",10.58
2018,2,KS,Final,"127,059","1,198,593","232,450",10.6
2018,2,KY,Final,"147,778","1,471,682","303,858",10.04
2018,2,LA,Final,"165,819","1,827,520","290,247",9.07
2018,2,MA,Final,"368,574","2,044,992","393,908",18.02
2018,2,MD,Final,"237,804","2,149,545","253,538",11.06
2018,2,ME,Final,"49,517","376,214","94,166",13.16
2018,2,MI,Final,"332,831","2,899,049","542,541",11.48
2018,2,MN,Final,"179,766","1,807,809","294,492",9.94
2018,2,MO,Final,"205,546","2,376,850","381,778",8.65
2018,2,MS,Final,"115,400","1,065,474","235,554",10.83
2018,2,MT,Final,"43,427","437,488","108,263",9.93
2018,2,NC,Final,"321,618","3,563,253","685,419",9.03
2018,2,ND,Final,"51,667","600,207","74,847",8.61
2018,2,NE,Final,"63,911","771,485","152,215",8.28
2018,2,NH,Final,"56,318","343,129","107,450",16.41
2018,2,NJ,Final,"375,462","3,003,193","520,355",12.5
2018,2,NM,Final,"61,540","644,214","143,470",9.55
2018,2,NV,Final,"64,525","808,965","164,323",7.98
2018,2,NY,Final,"840,356","6,137,072","1,102,317",13.69
2018,2,OH,Final,"368,773","3,507,852","628,643",10.51
2018,2,OK,Final,"120,419","1,527,324","281,232",7.88
2018,2,OR,Final,"121,345","1,381,497","235,317",8.78
2018,2,PA,Final,"328,710","3,474,088","715,244",9.46
2018,2,RI,Final,"48,632","274,274","60,443",17.73
2018,2,SC,Final,"161,194","1,492,388","374,268",10.8
2018,2,SD,Final,"37,907","400,297","71,500",9.47
2018,2,TN,Final,"299,713","2,856,890","487,559",10.49
2018,2,TX,Final,"849,397","9,931,431","1,567,782",8.55
2018,2,UT,Final,"72,444","906,951","129,358",7.99
2018,2,VA,Final,"312,611","3,712,768","429,517",8.42
2018,2,VT,Final,"23,630","156,515","56,628",15.1
2018,2,WA,Final,"225,934","2,546,482","380,601",8.87
2018,2,WI,Final,"204,372","1,897,051","353,086",10.77
2018,2,WV,Final,"56,785","577,178","144,612",9.84
2018,2,WY,Final,"29,396","310,817","58,019",9.46
2018,1,AK,Final,"44,987","244,406","53,548",18.41
2018,1,AL,Final,"227,314","2,018,821","370,494",11.26
2018,1,AR,Final,"83,231","973,144","195,858",8.55
2018,1,AZ,Final,"210,837","2,133,481","320,637",9.88
2018,1,CA,Final,"1,337,397","9,257,636","1,739,799",14.45
2018,1,CO,Final,"155,676","1,704,219","373,472",9.13
2018,1,CT,Final,"176,680","1,045,974","153,913",16.89
2018,1,DC,Final,"83,082","697,950","26,220",11.9
2018,1,DE,Final,"35,191","365,072","54,214",9.64
2018,1,FL,Final,"688,508","7,227,385","1,210,033",9.53
2018,1,GA,Final,"419,310","3,988,359","576,450",10.51
2018,1,HI,Final,"69,532","241,994","59,836",28.73
2018,1,IA,Final,"96,838","1,100,582","239,011",8.8
2018,1,ID,Final,"43,399","554,453","109,859",7.83
2018,1,IL,Final,"434,332","4,463,656","614,328",9.73
2018,1,IN,Final,"213,774","2,072,921","353,671",10.31
2018,1,KS,Final,"132,515","1,289,406","233,299",10.28
2018,1,KY,Final,"158,403","1,703,932","304,424",9.3
2018,1,LA,Final,"180,728","1,993,864","291,916",9.06
2018,1,MA,Final,"403,924","2,239,161","397,665",18.04
2018,1,MD,Final,"286,166","2,641,712","253,530",10.83
2018,1,ME,Final,"50,853","511,982","97,481",9.93
2018,1,MI,Final,"350,214","3,257,771","543,305",10.75
2018,1,MN,Final,"195,901","2,018,183","295,058",9.71
2018,1,MO,Final,"218,718","2,639,397","382,838",8.29
2018,1,MS,Final,"118,856","1,150,274","236,331",10.33
2018,1,MT,Final,"42,706","432,949","108,177",9.86
2018,1,NC,Final,"338,646","4,035,919","685,778",8.39
2018,1,ND,Final,"54,615","636,139","74,898",8.59
2018,1,NE,Final,"67,327","801,177","151,836",8.4
2018,1,NH,Final,"59,063","379,355","107,355",15.57
2018,1,NJ,Final,"399,094","3,286,695","519,984",12.14
2018,1,NM,Final,"65,264","692,419","143,313",9.43
2018,1,NV,Final,"66,344","843,287","164,379",7.87
2018,1,NY,Final,"943,730","6,504,688","1,101,260",14.51
2018,1,OH,Final,"394,764","4,053,499","630,129",9.74
2018,1,OK,Final,"130,255","1,621,552","281,716",8.03
2018,1,OR,Final,"118,299","1,325,948","235,240",8.92
2018,1,PA,Final,"360,707","3,934,784","714,487",9.17
2018,1,RI,Final,"59,268","335,166","60,543",17.68
2018,1,SC,Final,"207,308","1,877,461","374,661",11.04
2018,1,SD,Final,"41,079","434,539","71,725",9.45
2018,1,TN,Final,"316,158","3,077,026","488,738",10.27
2018,1,TX,Final,"981,803","12,045,170","1,593,093",8.15
2018,1,UT,Final,"74,006","951,523","129,242",7.78
2018,1,VA,Final,"352,111","4,274,446","429,987",8.24
2018,1,VT,Final,"25,863","170,188","56,673",15.2
2018,1,WA,Final,"223,518","2,563,879","384,043",8.72
2018,1,WI,Final,"219,198","2,063,925","354,782",10.62
2018,1,WV,Final,"63,875","709,360","144,740",9
2018,1,WY,Final,"31,442","338,939","58,134",9.28
2017,12,AK,Final,"44,863","241,913","53,570",18.54
2017,12,AL,Final,"201,814","1,761,606","371,000",11.46
2017,12,AR,Final,"74,436","897,136","192,578",8.3
2017,12,AZ,Final,"212,215","2,161,818","321,777",9.82
2017,12,CA,Final,"1,326,003","9,280,859","1,704,764",14.29
2017,12,CO,Final,"161,846","1,711,204","371,168",9.46
2017,12,CT,Final,"164,287","1,022,708","153,563",16.06
2017,12,DC,Final,"79,030","674,241","26,199",11.72
2017,12,DE,Final,"33,630","352,741","54,248",9.53
2017,12,FL,Final,"683,740","7,275,819","1,227,100",9.4
2017,12,GA,Final,"362,379","3,629,132","575,490",9.99
2017,12,HI,Final,"68,581","237,729","60,134",28.85
2017,12,IA,Final,"91,068","1,075,788","238,723",8.47
2017,12,ID,Final,"44,496","569,362","109,753",7.82
2017,12,IL,Final,"375,060","4,265,409","614,624",8.79
2017,12,IN,Final,"193,411","1,858,658","353,262",10.41
2017,12,KS,Final,"127,136","1,256,110","232,775",10.12
2017,12,KY,Final,"151,551","1,560,764","305,995",9.71
2017,12,LA,Final,"167,121","1,894,015","291,153",8.82
2017,12,MA,Final,"350,720","2,208,866","408,413",15.88
2017,12,MD,Final,"265,124","2,444,099","254,079",10.85
2017,12,ME,Final,"37,105","293,514","100,282",12.64
2017,12,MI,Final,"340,332","3,116,027","541,879",10.92
2017,12,MN,Final,"185,726","1,988,509","293,782",9.34
2017,12,MO,Final,"211,002","2,498,555","383,092",8.45
2017,12,MS,Final,"109,016","1,063,450","236,230",10.25
2017,12,MT,Final,"44,090","441,053","107,976",10
2017,12,NC,Final,"310,496","3,793,732","684,295",8.18
2017,12,ND,Final,"54,669","627,966","74,684",8.71
2017,12,NE,Final,"67,861","791,335","152,107",8.58
2017,12,NH,Final,"57,280","377,543","107,380",15.17
2017,12,NJ,Final,"375,643","3,235,025","523,914",11.61
2017,12,NM,Final,"65,731","685,340","143,429",9.59
2017,12,NV,Final,"67,970","844,073","164,098",8.05
2017,12,NY,Final,"831,751","6,180,655","1,099,641",13.46
2017,12,OH,Final,"369,629","3,791,869","628,327",9.75
2017,12,OK,Final,"128,151","1,696,521","282,193",7.55
2017,12,OR,Final,"128,190","1,467,205","235,074",8.74
2017,12,PA,Final,"315,139","3,572,780","701,234",8.82
2017,12,RI,Final,"46,052","300,246","57,674",15.34
2017,12,SC,Final,"175,075","1,661,797","375,883",10.54
2017,12,SD,Final,"39,346","408,689","71,580",9.63
2017,12,TN,Final,"275,767","2,597,942","486,736",10.61
2017,12,TX,Final,"845,487","10,465,944","1,507,041",8.08
2017,12,UT,Final,"73,657","952,297","127,982",7.73
2017,12,VA,Final,"345,787","4,246,815","422,788",8.14
2017,12,VT,Final,"24,516","169,356","56,724",14.48
2017,12,WA,Final,"231,429","2,674,821","381,988",8.65
2017,12,WI,Final,"212,627","2,003,490","352,849",10.61
2017,12,WV,Final,"59,676","646,321","144,593",9.23
2017,12,WY,Final,"31,445","332,681","57,751",9.45
2017,11,AK,Final,"42,792","230,155","53,592",18.59
2017,11,AL,Final,"199,221","1,709,656","371,186",11.65
2017,11,AR,Final,"77,748","918,961","192,747",8.46
2017,11,AZ,Final,"213,459","2,170,244","321,356",9.84
2017,11,CA,Final,"1,375,084","9,084,628","1,698,332",15.14
2017,11,CO,Final,"154,649","1,591,885","370,709",9.71
2017,11,CT,Final,"157,081","979,016","153,526",16.04
2017,11,DC,Final,"73,700","605,043","26,164",12.18
2017,11,DE,Final,"31,969","321,551","54,249",9.94
2017,11,FL,Final,"709,333","7,464,912","1,230,836",9.5
2017,11,GA,Final,"349,272","3,495,701","575,389",9.99
2017,11,HI,Final,"70,144","248,134","60,627",28.27
2017,11,IA,Final,"87,755","995,170","238,613",8.82
2017,11,ID,Final,"40,291","512,425","109,572",7.86
2017,11,IL,Final,"348,002","3,901,540","613,406",8.92
2017,11,IN,Final,"198,893","1,852,897","352,995",10.73
2017,11,KS,Final,"123,716","1,210,291","233,138",10.22
2017,11,KY,Final,"150,455","1,493,553","305,738",10.07
2017,11,LA,Final,"175,599","1,963,869","292,554",8.94
2017,11,MA,Final,"331,404","2,082,789","415,749",15.91
2017,11,MD,Final,"234,739","2,205,538","253,153",10.64
2017,11,ME,Final,"35,793","280,621","100,360",12.75
2017,11,MI,Final,"325,027","2,933,112","541,660",11.08
2017,11,MN,Final,"181,805","1,838,665","293,983",9.89
2017,11,MO,Final,"195,337","2,234,118","383,078",8.74
2017,11,MS,Final,"113,641","1,096,199","236,365",10.37
2017,11,MT,Final,"39,987","393,677","107,758",10.16
2017,11,NC,Final,"302,768","3,713,545","684,384",8.15
2017,11,ND,Final,"49,690","572,338","74,708",8.68
2017,11,NE,Final,"62,878","753,449","152,098",8.35
2017,11,NH,Final,"51,205","346,091","107,228",14.8
2017,11,NJ,Final,"331,434","2,867,681","518,252",11.56
2017,11,NM,Final,"64,936","664,082","143,284",9.78
2017,11,NV,Final,"65,010","790,215","163,618",8.23
2017,11,NY,Final,"838,445","6,027,448","1,096,992",13.91
2017,11,OH,Final,"372,474","3,687,040","629,261",10.1
2017,11,OK,Final,"122,927","1,577,582","282,004",7.79
2017,11,OR,Final,"120,898","1,355,734","234,864",8.92
2017,11,PA,Final,"296,277","3,322,430","700,855",8.92
2017,11,RI,Final,"44,992","283,857","60,488",15.85
2017,11,SC,Final,"168,780","1,610,629","375,620",10.48
2017,11,SD,Final,"37,099","379,623","71,550",9.77
2017,11,TN,Final,"272,341","2,575,251","486,776",10.58
2017,11,TX,Final,"851,897","10,256,815","1,516,387",8.31
2017,11,UT,Final,"74,525","924,408","127,739",8.06
2017,11,VA,Final,"330,570","4,129,035","422,612",8.01
2017,11,VT,Final,"22,918","153,671","56,559",14.91
2017,11,WA,Final,"208,911","2,415,410","383,221",8.65
2017,11,WI,Final,"199,816","1,843,258","353,032",10.84
2017,11,WV,Final,"59,211","602,650","144,513",9.83
2017,11,WY,Final,"29,372","306,511","57,956",9.58
2017,10,AK,Final,"40,283","216,563","53,718",18.6
2017,10,AL,Final,"220,367","1,898,748","371,050",11.61
2017,10,AR,Final,"88,541","1,056,473","192,651",8.38
2017,10,AZ,Final,"270,551","2,484,318","323,851",10.89
2017,10,CA,Final,"1,738,243","10,285,475","1,727,415",16.9
2017,10,CO,Final,"167,617","1,649,340","371,605",10.16
2017,10,CT,Final,"168,019","1,004,369","153,338",16.73
2017,10,DC,Final,"79,781","665,785","26,120",11.98
2017,10,DE,Final,"34,388","347,878","54,461",9.89
2017,10,FL,Final,"783,156","8,172,744","1,216,683",9.58
2017,10,GA,Final,"389,129","3,887,550","575,179",10.01
2017,10,HI,Final,"73,344","275,012","61,153",26.67
2017,10,IA,Final,"87,208","1,018,697","238,550",8.56
2017,10,ID,Final,"41,799","514,790","109,501",8.12
2017,10,IL,Final,"382,727","4,177,791","612,635",9.16
2017,10,IN,Final,"207,434","1,964,472","352,866",10.56
2017,10,KS,Final,"141,650","1,325,925","232,785",10.68
2017,10,KY,Final,"157,162","1,603,473","305,541",9.8
2017,10,LA,Final,"194,893","2,180,844","291,784",8.94
2017,10,MA,Final,"330,272","2,055,348","405,089",16.07
2017,10,MD,Final,"248,153","2,334,702","253,202",10.63
2017,10,ME,Final,"38,535","320,573","100,494",12.02
2017,10,MI,Final,"342,165","3,171,052","543,628",10.79
2017,10,MN,Final,"193,324","1,817,709","293,888",10.64
2017,10,MO,Final,"218,112","2,444,275","383,378",8.92
2017,10,MS,Final,"128,271","1,265,611","236,319",10.14
2017,10,MT,Final,"40,220","393,739","107,651",10.22
2017,10,NC,Final,"343,737","3,972,062","683,864",8.65
2017,10,ND,Final,"48,019","522,521","74,730",9.19
2017,10,NE,Final,"61,965","733,045","152,335",8.45
2017,10,NH,Final,"53,747","353,711","107,517",15.2
2017,10,NJ,Final,"346,524","3,054,419","516,723",11.35
2017,10,NM,Final,"73,360","735,635","143,403",9.97
2017,10,NV,Final,"79,057","912,023","163,580",8.67
2017,10,NY,Final,"950,469","6,327,172","1,095,302",15.02
2017,10,OH,Final,"383,724","3,736,622","629,003",10.27
2017,10,OK,Final,"143,265","1,738,245","281,886",8.24
2017,10,OR,Final,"121,106","1,340,139","234,685",9.04
2017,10,PA,Final,"306,045","3,455,756","698,898",8.86
2017,10,RI,Final,"43,956","285,437","58,047",15.4
2017,10,SC,Final,"188,183","1,842,041","375,327",10.22
2017,10,SD,Final,"36,662","370,964","71,675",9.88
2017,10,TN,Final,"290,337","2,814,572","486,778",10.32
2017,10,TX,Final,"1,001,577","12,306,559","1,523,194",8.14
2017,10,UT,Final,"82,866","955,336","127,611",8.67
2017,10,VA,Final,"320,734","3,882,064","422,369",8.26
2017,10,VT,Final,"23,972","162,976","56,565",14.71
2017,10,WA,Final,"206,271","2,348,499","383,310",8.78
2017,10,WI,Final,"204,850","1,957,426","351,437",10.47
2017,10,WV,Final,"61,697","637,468","144,477",9.68
2017,10,WY,Final,"30,755","309,244","58,013",9.95
2017,9,AK,Final,"39,346","213,032","53,605",18.47
2017,9,AL,Final,"237,722","2,020,540","369,226",11.77
2017,9,AR,Final,"97,964","1,120,493","192,367",8.74
2017,9,AZ,Final,"289,729","2,741,330","316,441",10.57
2017,9,CA,Final,"1,910,919","10,570,653","1,677,412",18.08
2017,9,CO,Final,"188,399","1,815,145","371,229",10.38
2017,9,CT,Final,"173,226","1,061,355","153,300",16.32
2017,9,DC,Final,"79,032","671,684","26,165",11.77
2017,9,DE,Final,"36,010","379,309","54,452",9.49
2017,9,FL,Final,"794,468","8,364,083","1,218,059",9.5
2017,9,GA,Final,"418,367","4,075,545","574,192",10.27
2017,9,HI,Final,"71,277","271,063","61,367",26.3
2017,9,IA,Final,"100,983","980,658","238,331",10.3
2017,9,ID,Final,"40,559","511,072","109,296",7.94
2017,9,IL,Final,"389,765","4,329,078","611,826",9
2017,9,IN,Final,"218,688","2,057,347","353,087",10.63
2017,9,KS,Final,"152,414","1,406,137","232,405",10.84
2017,9,KY,Final,"167,972","1,651,267","305,302",10.17
2017,9,LA,Final,"205,601","2,282,974","291,979",9.01
2017,9,MA,Final,"370,384","2,190,014","407,679",16.91
2017,9,MD,Final,"249,737","2,437,530","253,181",10.25
2017,9,ME,Final,"42,583","358,993","100,515",11.86
2017,9,MI,Final,"359,401","3,312,651","542,156",10.85
2017,9,MN,Final,"223,683","2,033,194","293,312",11
2017,9,MO,Final,"247,002","2,653,249","382,997",9.31
2017,9,MS,Final,"136,000","1,335,381","235,668",10.18
2017,9,MT,Final,"42,478","415,071","107,470",10.23
2017,9,NC,Final,"370,670","4,232,116","682,879",8.76
2017,9,ND,Final,"48,738","502,679","74,674",9.7
2017,9,NE,Final,"75,265","804,772","152,564",9.35
2017,9,NH,Final,"55,934","373,508","107,588",14.98
2017,9,NJ,Final,"403,613","3,267,331","517,352",12.35
2017,9,NM,Final,"81,844","786,216","143,472",10.41
2017,9,NV,Final,"81,109","1,011,587","163,881",8.02
2017,9,NY,Final,"1,070,793","6,637,877","1,093,289",16.13
2017,9,OH,Final,"397,557","3,932,792","625,235",10.11
2017,9,OK,Final,"154,386","1,815,756","281,429",8.5
2017,9,OR,Final,"117,702","1,350,501","234,249",8.72
2017,9,PA,Final,"320,933","3,625,277","698,365",8.85
2017,9,RI,Final,"47,126","307,984","59,745",15.3
2017,9,SC,Final,"208,314","1,894,152","374,232",11
2017,9,SD,Final,"39,635","395,820","71,684",10.01
2017,9,TN,Final,"320,442","3,028,507","486,418",10.58
2017,9,TX,Final,"1,043,712","12,784,460","1,511,813",8.16
2017,9,UT,Final,"90,590","1,003,143","127,532",9.03
2017,9,VA,Final,"348,490","4,266,841","421,869",8.17
2017,9,VT,Final,"24,454","166,090","56,522",14.72
2017,9,WA,Final,"211,007","2,444,582","381,550",8.63
2017,9,WI,Final,"221,471","1,993,707","352,807",11.11
2017,9,WV,Final,"57,767","607,558","144,210",9.51
2017,9,WY,Final,"29,169","296,656","57,917",9.83
2017,8,AK,Final,"40,617","219,612","53,787",18.49
2017,8,AL,Final,"263,542","2,277,568","370,767",11.57
2017,8,AR,Final,"103,580","1,188,526","192,188",8.72
2017,8,AZ,Final,"336,411","3,105,893","321,942",10.83
2017,8,CA,Final,"2,008,255","11,387,644","1,733,550",17.64
2017,8,CO,Final,"199,937","1,932,267","371,630",10.35
2017,8,CT,Final,"186,428","1,164,049","153,109",16.02
2017,8,DC,Final,"83,554","750,832","26,155",11.13
2017,8,DE,Final,"37,276","382,972","54,427",9.73
2017,8,FL,Final,"843,871","9,184,743","1,218,560",9.19
2017,8,GA,Final,"461,111","4,533,796","574,159",10.17
2017,8,HI,Final,"74,766","285,639","61,559",26.18
2017,8,IA,Final,"121,962","1,066,048","238,676",11.44
2017,8,ID,Final,"48,217","587,713","109,231",8.2
2017,8,IL,Final,"417,097","4,574,017","611,757",9.12
2017,8,IN,Final,"233,494","2,211,819","352,795",10.56
2017,8,KS,Final,"168,877","1,516,768","232,212",11.13
2017,8,KY,Final,"182,204","1,849,176","305,337",9.85
2017,8,LA,Final,"209,563","2,343,457","292,060",8.94
2017,8,MA,Final,"393,560","2,422,707","409,028",16.24
2017,8,MD,Final,"283,932","2,681,696","253,253",10.59
2017,8,ME,Final,"42,550","352,133","100,474",12.08
2017,8,MI,Final,"376,784","3,413,947","543,406",11.04
2017,8,MN,Final,"223,508","2,048,524","293,732",10.91
2017,8,MO,Final,"318,164","2,844,168","383,243",11.19
2017,8,MS,Final,"142,091","1,429,540","234,837",9.94
2017,8,MT,Final,"42,726","426,546","107,350",10.02
2017,8,NC,Final,"408,280","4,735,068","682,754",8.62
2017,8,ND,Final,"50,777","515,722","74,742",9.85
2017,8,NE,Final,"79,389","853,195","152,818",9.3
2017,8,NH,Final,"58,775","400,761","107,527",14.67
2017,8,NJ,Final,"458,189","3,531,845","517,998",12.97
2017,8,NM,Final,"89,815","839,428","143,502",10.7
2017,8,NV,Final,"95,624","1,178,124","163,614",8.12
2017,8,NY,Final,"1,124,609","7,049,523","1,092,549",15.95
2017,8,OH,Final,"425,530","4,197,762","628,606",10.14
2017,8,OK,Final,"165,425","1,962,566","281,587",8.43
2017,8,OR,Final,"135,900","1,526,877","234,255",8.9
2017,8,PA,Final,"342,412","3,832,614","698,728",8.93
2017,8,RI,Final,"52,362","338,469","60,133",15.47
2017,8,SC,Final,"238,304","2,215,324","374,315",10.76
2017,8,SD,Final,"41,162","421,158","71,780",9.77
2017,8,TN,Final,"354,219","3,335,624","488,224",10.62
2017,8,TX,Final,"1,115,591","13,652,802","1,521,867",8.17
2017,8,UT,Final,"103,196","1,151,148","127,304",8.96
2017,8,VA,Final,"383,505","4,651,223","421,852",8.25
2017,8,VT,Final,"25,738","180,241","56,572",14.28
2017,8,WA,Final,"217,035","2,590,805","383,594",8.38
2017,8,WI,Final,"236,203","2,129,483","351,390",11.09
2017,8,WV,Final,"64,170","686,576","144,178",9.35
2017,8,WY,Final,"31,183","322,873","58,156",9.66
2017,7,AK,Final,"40,288","213,540","53,666",18.87
2017,7,AL,Final,"259,559","2,254,236","370,361",11.51
2017,7,AR,Final,"102,489","1,168,473","192,174",8.77
2017,7,AZ,Final,"349,837","3,051,404","321,661",11.46
2017,7,CA,Final,"1,878,823","10,823,797","1,666,164",17.36
2017,7,CO,Final,"203,015","1,971,882","371,381",10.3
2017,7,CT,Final,"186,854","1,150,151","153,029",16.25
2017,7,DC,Final,"85,917","769,517","26,143",11.17
2017,7,DE,Final,"38,240","408,501","54,314",9.36
2017,7,FL,Final,"828,713","9,045,828","1,216,762",9.16
2017,7,GA,Final,"463,797","4,547,554","573,570",10.2
2017,7,HI,Final,"72,412","273,762","61,518",26.45
2017,7,IA,Final,"127,054","1,112,711","238,146",11.42
2017,7,ID,Final,"49,994","612,060","109,035",8.17
2017,7,IL,Final,"427,994","4,719,825","611,688",9.07
2017,7,IN,Final,"238,094","2,282,935","352,670",10.43
2017,7,KS,Final,"173,984","1,606,811","232,473",10.83
2017,7,KY,Final,"184,127","1,873,822","305,165",9.83
2017,7,LA,Final,"215,474","2,344,489","292,681",9.19
2017,7,MA,Final,"403,331","2,455,267","409,639",16.43
2017,7,MD,Final,"294,171","2,849,659","253,247",10.32
2017,7,ME,Final,"41,802","349,109","100,328",11.97
2017,7,MI,Final,"397,148","3,647,550","544,937",10.89
2017,7,MN,Final,"248,932","2,193,171","292,832",11.35
2017,7,MO,Final,"334,600","3,061,999","383,025",10.93
2017,7,MS,Final,"139,787","1,400,251","234,846",9.98
2017,7,MT,Final,"45,576","447,382","107,128",10.19
2017,7,NC,Final,"406,095","4,672,155","682,133",8.69
2017,7,ND,Final,"51,927","543,069","74,630",9.56
2017,7,NE,Final,"84,670","895,259","152,402",9.46
2017,7,NH,Final,"58,361","397,819","107,424",14.67
2017,7,NJ,Final,"470,403","3,656,643","516,359",12.86
2017,7,NM,Final,"94,740","852,032","143,509",11.12
2017,7,NV,Final,"97,242","1,229,679","163,554",7.91
2017,7,NY,Final,"1,150,045","7,141,020","1,091,746",16.1
2017,7,OH,Final,"427,974","4,362,891","628,212",9.81
2017,7,OK,Final,"171,885","2,046,319","281,712",8.4
2017,7,OR,Final,"130,836","1,475,485","233,924",8.87
2017,7,PA,Final,"354,189","3,978,097","698,333",8.9
2017,7,RI,Final,"51,733","342,522","60,177",15.1
2017,7,SC,Final,"236,388","2,189,946","374,005",10.79
2017,7,SD,Final,"43,818","438,027","71,388",10
2017,7,TN,Final,"352,023","3,283,114","487,874",10.72
2017,7,TX,Final,"1,093,762","13,274,866","1,516,979",8.24
2017,7,UT,Final,"104,711","1,141,360","127,114",9.17
2017,7,VA,Final,"396,281","4,842,304","422,666",8.18
2017,7,VT,Final,"26,083","177,228","56,393",14.72
2017,7,WA,Final,"214,307","2,514,433","380,463",8.52
2017,7,WI,Final,"239,268","2,175,644","352,443",11
2017,7,WV,Final,"63,911","693,122","144,039",9.22
2017,7,WY,Final,"30,919","317,901","57,971",9.73
2017,6,AK,Final,"41,413","206,001","53,564",20.1
2017,6,AL,Final,"237,404","2,034,191","370,616",11.67
2017,6,AR,Final,"94,925","1,069,513","192,203",8.88
2017,6,AZ,Final,"320,689","2,872,298","321,794",11.16
2017,6,CA,Final,"1,828,460","10,767,441","1,717,810",16.98
2017,6,CO,Final,"191,304","1,796,949","371,247",10.65
2017,6,CT,Final,"171,567","1,064,597","153,021",16.12
2017,6,DC,Final,"84,869","726,469","26,123",11.68
2017,6,DE,Final,"34,900","359,237","54,278",9.72
2017,6,FL,Final,"791,219","8,489,147","1,216,355",9.32
2017,6,GA,Final,"417,061","4,140,961","573,185",10.07
2017,6,HI,Final,"69,665","258,978","61,496",26.9
2017,6,IA,Final,"114,082","1,068,215","238,010",10.68
2017,6,ID,Final,"48,560","522,166","108,964",9.3
2017,6,IL,Final,"398,734","4,298,579","610,978",9.28
2017,6,IN,Final,"220,990","2,078,855","352,227",10.63
2017,6,KS,Final,"154,931","1,392,990","232,567",11.12
2017,6,KY,Final,"166,211","1,687,808","304,655",9.85
2017,6,LA,Final,"203,319","2,150,978","292,814",9.45
2017,6,MA,Final,"363,420","2,230,690","412,921",16.29
2017,6,MD,Final,"277,602","2,616,439","253,031",10.61
2017,6,ME,Final,"40,076","340,827","100,151",11.76
2017,6,MI,Final,"384,881","3,477,628","543,964",11.07
2017,6,MN,Final,"224,533","2,018,845","292,706",11.12
2017,6,MO,Final,"295,463","2,692,081","382,116",10.98
2017,6,MS,Final,"129,199","1,267,491","235,802",10.19
2017,6,MT,Final,"41,572","399,373","106,980",10.41
2017,6,NC,Final,"364,896","4,432,958","681,308",8.23
2017,6,ND,Final,"48,581","496,667","74,594",9.78
2017,6,NE,Final,"77,788","815,124","151,890",9.54
2017,6,NH,Final,"54,634","367,582","107,619",14.86
2017,6,NJ,Final,"441,693","3,323,897","519,258",13.29
2017,6,NM,Final,"90,440","835,514","143,287",10.82
2017,6,NV,Final,"83,492","1,105,568","163,513",7.55
2017,6,NY,Final,"1,009,274","6,324,957","1,090,759",15.96
2017,6,OH,Final,"409,397","4,104,782","627,933",9.97
2017,6,OK,Final,"160,729","1,934,324","281,453",8.31
2017,6,OR,Final,"120,288","1,358,820","233,779",8.85
2017,6,PA,Final,"318,946","3,557,541","698,562",8.97
2017,6,RI,Final,"47,207","325,844","60,330",14.49
2017,6,SC,Final,"214,840","1,993,183","374,036",10.78
2017,6,SD,Final,"40,002","394,772","71,356",10.13
2017,6,TN,Final,"322,201","2,978,183","485,156",10.82
2017,6,TX,Final,"1,056,190","12,616,140","1,518,149",8.37
2017,6,UT,Final,"100,757","1,072,912","126,875",9.39
2017,6,VA,Final,"349,048","4,390,036","422,540",7.95
2017,6,VT,Final,"24,638","166,476","56,583",14.8
2017,6,WA,Final,"201,841","2,372,252","380,176",8.51
2017,6,WI,Final,"234,947","2,076,426","352,197",11.32
2017,6,WV,Final,"59,344","633,101","143,881",9.37
2017,6,WY,Final,"31,228","307,352","58,151",10.16
2017,5,AK,Final,"42,293","210,423","53,435",20.1
2017,5,AL,Final,"219,395","1,906,705","370,086",11.51
2017,5,AR,Final,"81,245","938,905","191,913",8.65
2017,5,AZ,Final,"282,285","2,511,634","320,030",11.24
2017,5,CA,Final,"1,409,199","9,445,291","1,715,856",14.92
2017,5,CO,Final,"163,281","1,669,000","370,728",9.78
2017,5,CT,Final,"150,635","938,675","153,071",16.05
2017,5,DC,Final,"75,934","655,075","26,076",11.59
2017,5,DE,Final,"34,336","330,202","54,091",10.4
2017,5,FL,Final,"770,157","8,410,292","1,215,196",9.16
2017,5,GA,Final,"386,304","3,895,113","572,614",9.92
2017,5,HI,Final,"69,049","262,399","61,398",26.31
2017,5,IA,Final,"85,491","923,154","238,201",9.26
2017,5,ID,Final,"39,233","505,683","108,831",7.76
2017,5,IL,Final,"375,908","3,991,584","612,025",9.42
2017,5,IN,Final,"205,303","1,949,304","351,442",10.53
2017,5,KS,Final,"135,814","1,269,753","231,755",10.7
2017,5,KY,Final,"154,921","1,591,927","303,501",9.73
2017,5,LA,Final,"178,507","1,975,984","291,600",9.03
2017,5,MA,Final,"304,126","2,012,356","409,419",15.11
2017,5,MD,Final,"253,356","2,309,096","253,325",10.97
2017,5,ME,Final,"36,406","309,972","99,927",11.74
2017,5,MI,Final,"353,816","3,067,844","544,644",11.53
2017,5,MN,Final,"198,710","1,863,722","293,123",10.66
2017,5,MO,Final,"243,676","2,398,088","380,706",10.16
2017,5,MS,Final,"117,923","1,156,504","235,458",10.2
2017,5,MT,Final,"39,312","377,632","106,880",10.41
2017,5,NC,Final,"324,102","3,793,290","680,472",8.54
2017,5,ND,Final,"46,886","499,309","74,543",9.39
2017,5,NE,Final,"65,531","739,495","152,698",8.86
2017,5,NH,Final,"48,806","329,192","107,573",14.83
2017,5,NJ,Final,"389,414","3,013,848","516,303",12.92
2017,5,NM,Final,"73,850","727,726","142,785",10.15
2017,5,NV,Final,"71,156","905,066","163,481",7.86
2017,5,NY,Final,"815,295","5,606,700","1,085,086",14.54
2017,5,OH,Final,"388,799","3,817,961","628,386",10.18
2017,5,OK,Final,"136,505","1,699,933","281,120",8.03
2017,5,OR,Final,"116,840","1,306,237","233,833",8.94
2017,5,PA,Final,"304,344","3,328,711","697,144",9.14
2017,5,RI,Final,"38,933","283,088","59,411",13.75
2017,5,SC,Final,"192,656","1,867,679","373,359",10.32
2017,5,SD,Final,"35,890","364,041","71,270",9.86
2017,5,TN,Final,"283,928","2,738,445","482,152",10.37
2017,5,TX,Final,"963,215","11,650,847","1,519,922",8.27
2017,5,UT,Final,"87,060","940,028","126,740",9.26
2017,5,VA,Final,"322,241","4,071,106","422,304",7.92
2017,5,VT,Final,"23,456","158,127","56,376",14.83
2017,5,WA,Final,"204,310","2,386,042","382,944",8.56
2017,5,WI,Final,"207,842","1,846,657","350,917",11.26
2017,5,WV,Final,"60,366","623,505","143,831",9.68
2017,5,WY,Final,"29,794","298,750","57,765",9.97
2017,4,AK,Final,"44,435","224,044","53,170",19.83
2017,4,AL,Final,"201,904","1,770,475","367,891",11.4
2017,4,AR,Final,"75,340","879,390","191,119",8.57
2017,4,AZ,Final,"227,697","2,238,147","319,479",10.17
2017,4,CA,Final,"1,253,138","9,134,009","1,634,568",13.72
2017,4,CO,Final,"151,056","1,576,360","370,490",9.58
2017,4,CT,Final,"153,188","974,154","153,043",15.73
2017,4,DC,Final,"71,032","595,663","26,061",11.92
2017,4,DE,Final,"31,592","319,895","53,934",9.88
2017,4,FL,Final,"713,072","7,638,847","1,210,754",9.33
2017,4,GA,Final,"366,961","3,621,542","569,752",10.13
2017,4,HI,Final,"66,965","253,553","61,409",26.41
2017,4,IA,Final,"78,087","888,075","237,087",8.79
2017,4,ID,Final,"37,539","471,962","108,484",7.95
2017,4,IL,Final,"333,587","3,587,346","612,971",9.3
2017,4,IN,Final,"186,590","1,751,923","350,927",10.65
2017,4,KS,Final,"127,888","1,204,553","231,186",10.62
2017,4,KY,Final,"143,141","1,447,452","303,288",9.89
2017,4,LA,Final,"165,809","1,862,910","289,945",8.9
2017,4,MA,Final,"303,856","1,961,806","410,432",15.49
2017,4,MD,Final,"232,568","2,102,769","252,291",11.06
2017,4,ME,Final,"34,520","296,841","98,281",11.63
2017,4,MI,Final,"321,329","2,977,267","542,095",10.79
2017,4,MN,Final,"182,255","1,734,213","291,361",10.51
2017,4,MO,Final,"198,934","2,286,398","381,935",8.7
2017,4,MS,Final,"111,962","1,084,403","234,051",10.32
2017,4,MT,Final,"39,546","389,395","106,791",10.16
2017,4,NC,Final,"300,367","3,713,574","677,741",8.09
2017,4,ND,Final,"45,469","497,585","74,252",9.14
2017,4,NE,Final,"62,012","722,694","149,844",8.58
2017,4,NH,Final,"51,769","356,478","107,159",14.52
2017,4,NJ,Final,"348,969","2,830,791","515,051",12.33
2017,4,NM,Final,"68,003","688,589","143,173",9.88
2017,4,NV,Final,"58,552","781,018","162,917",7.5
2017,4,NY,Final,"780,240","5,663,549","1,084,568",13.78
2017,4,OH,Final,"354,101","3,418,121","625,826",10.36
2017,4,OK,Final,"123,977","1,517,201","279,849",8.17
2017,4,OR,Final,"113,870","1,282,171","232,924",8.88
2017,4,PA,Final,"300,201","3,288,641","696,970",9.13
2017,4,RI,Final,"41,033","266,775","59,486",15.38
2017,4,SC,Final,"172,786","1,634,670","366,118",10.57
2017,4,SD,Final,"33,282","339,388","70,747",9.81
2017,4,TN,Final,"267,934","2,595,749","482,656",10.32
2017,4,TX,Final,"829,291","9,994,738","1,499,611",8.3
2017,4,UT,Final,"75,485","899,682","126,570",8.39
2017,4,VA,Final,"296,780","3,732,349","421,735",7.95
2017,4,VT,Final,"22,593","153,378","56,140",14.73
2017,4,WA,Final,"195,910","2,323,241","376,991",8.43
2017,4,WI,Final,"188,222","1,770,591","350,747",10.63
2017,4,WV,Final,"55,182","554,765","143,558",9.95
2017,4,WY,Final,"28,753","289,918","57,618",9.92
2017,3,AK,Final,"45,921","237,334","53,249",19.35
2017,3,AL,Final,"202,910","1,734,882","370,022",11.7
2017,3,AR,Final,"72,950","906,830","191,995",8.04
2017,3,AZ,Final,"216,162","2,228,991","319,785",9.7
2017,3,CA,Final,"1,356,031","9,392,817","1,749,632",14.44
2017,3,CO,Final,"159,410","1,678,014","370,009",9.5
2017,3,CT,Final,"156,264","979,534","152,695",15.95
2017,3,DC,Final,"76,703","643,673","26,065",11.92
2017,3,DE,Final,"35,575","328,268","53,869",10.84
2017,3,FL,Final,"674,237","7,210,170","1,214,145",9.35
2017,3,GA,Final,"366,120","3,561,387","571,909",10.28
2017,3,HI,Final,"67,334","255,426","61,411",26.36
2017,3,IA,Final,"82,558","993,038","237,309",8.31
2017,3,ID,Final,"39,746","516,607","108,510",7.69
2017,3,IL,Final,"396,620","4,009,170","607,625",9.89
2017,3,IN,Final,"201,534","1,922,059","351,027",10.49
2017,3,KS,Final,"124,508","1,199,863","231,213",10.38
2017,3,KY,Final,"147,102","1,511,874","303,422",9.73
2017,3,LA,Final,"169,480","1,857,363","292,311",9.12
2017,3,MA,Final,"329,381","2,184,876","410,827",15.08
2017,3,MD,Final,"252,032","2,337,169","252,555",10.78
2017,3,ME,Final,"43,980","359,923","99,422",12.22
2017,3,MI,Final,"346,580","3,133,280","542,149",11.06
2017,3,MN,Final,"188,753","1,943,041","292,371",9.71
2017,3,MO,Final,"200,641","2,348,677","378,209",8.54
2017,3,MS,Final,"107,564","1,042,356","235,448",10.32
2017,3,MT,Final,"40,298","403,833","106,775",9.98
2017,3,NC,Final,"313,599","3,715,623","678,965",8.44
2017,3,ND,Final,"51,870","585,562","74,365",8.86
2017,3,NE,Final,"59,990","687,323","150,022",8.73
2017,3,NH,Final,"51,962","352,630","108,529",14.74
2017,3,NJ,Final,"375,003","3,115,670","516,575",12.04
2017,3,NM,Final,"66,919","681,130","143,238",9.82
2017,3,NV,Final,"64,573","814,609","162,738",7.93
2017,3,NY,Final,"819,051","5,767,657","1,085,278",14.2
2017,3,OH,Final,"391,478","3,857,372","627,174",10.15
2017,3,OK,Final,"124,933","1,637,878","280,966",7.63
2017,3,OR,Final,"121,904","1,355,489","233,161",8.99
2017,3,PA,Final,"317,545","3,538,676","697,670",8.97
2017,3,RI,Final,"45,890","305,178","58,410",15.04
2017,3,SC,Final,"175,701","1,704,195","372,415",10.31
2017,3,SD,Final,"37,778","393,084","70,783",9.61
2017,3,TN,Final,"264,916","2,527,822","481,304",10.48
2017,3,TX,Final,"864,275","10,391,052","1,518,211",8.32
2017,3,UT,Final,"75,044","889,282","126,674",8.44
2017,3,VA,Final,"336,073","4,281,674","422,454",7.85
2017,3,VT,Final,"24,131","168,269","56,215",14.34
2017,3,WA,Final,"215,520","2,506,876","382,649",8.6
2017,3,WI,Final,"213,182","1,985,135","350,765",10.74
2017,3,WV,Final,"65,113","665,016","143,735",9.79
2017,3,WY,Final,"30,904","325,211","57,776",9.5
2017,2,AK,Final,"43,634","239,140","53,120",18.25
2017,2,AL,Final,"189,175","1,589,403","368,315",11.9
2017,2,AR,Final,"69,756","838,724","189,760",8.32
2017,2,AZ,Final,"191,520","1,976,867","319,395",9.69
2017,2,CA,Final,"1,202,988","8,391,947","1,634,348",14.34
2017,2,CO,Final,"144,693","1,536,201","369,073",9.42
2017,2,CT,Final,"150,195","945,456","151,603",15.89
2017,2,DC,Final,"68,511","582,487","26,021",11.76
2017,2,DE,Final,"32,072","306,083","53,422",10.48
2017,2,FL,Final,"635,663","6,688,013","1,208,969",9.5
2017,2,GA,Final,"327,114","3,240,318","568,965",10.1
2017,2,HI,Final,"59,772","225,146","61,326",26.55
2017,2,IA,Final,"82,002","953,673","236,781",8.6
2017,2,ID,Final,"38,474","505,232","108,233",7.62
2017,2,IL,Final,"332,845","3,843,643","610,469",8.66
2017,2,IN,Final,"183,470","1,727,073","350,507",10.62
2017,2,KS,Final,"114,908","1,113,147","230,703",10.32
2017,2,KY,Final,"141,441","1,426,756","302,823",9.91
2017,2,LA,Final,"160,744","1,734,919","287,483",9.27
2017,2,MA,Final,"316,520","1,980,708","409,844",15.98
2017,2,MD,Final,"248,139","2,165,370","252,214",11.46
2017,2,ME,Final,"36,297","288,645","92,503",12.58
2017,2,MI,Final,"320,144","2,847,012","543,998",11.24
2017,2,MN,Final,"194,266","1,761,947","291,427",11.03
2017,2,MO,Final,"188,381","2,207,018","379,073",8.54
2017,2,MS,Final,"104,119","1,013,145","233,505",10.28
2017,2,MT,Final,"42,133","424,254","106,523",9.93
2017,2,NC,Final,"286,080","3,352,260","676,209",8.53
2017,2,ND,Final,"49,107","545,063","74,215",9.01
2017,2,NE,Final,"59,951","712,126","149,399",8.42
2017,2,NH,Final,"50,980","341,255","107,331",14.94
2017,2,NJ,Final,"347,213","2,900,605","515,014",11.97
2017,2,NM,Final,"62,302","630,342","143,410",9.88
2017,2,NV,Final,"60,128","755,293","163,179",7.96
2017,2,NY,Final,"838,762","6,248,334","1,081,955",13.42
2017,2,OH,Final,"346,081","3,433,963","623,800",10.08
2017,2,OK,Final,"110,014","1,365,812","280,202",8.05
2017,2,OR,Final,"114,496","1,309,307","232,682",8.74
2017,2,PA,Final,"314,064","3,377,198","697,055",9.3
2017,2,RI,Final,"42,481","266,221","59,929",15.96
2017,2,SC,Final,"158,317","1,466,994","370,575",10.79
2017,2,SD,Final,"35,529","380,881","70,598",9.33
2017,2,TN,Final,"266,590","2,535,953","479,287",10.51
2017,2,TX,Final,"801,890","9,455,409","1,501,929",8.48
2017,2,UT,Final,"70,571","855,145","126,638",8.25
2017,2,VA,Final,"288,433","3,840,083","421,616",7.51
2017,2,VT,Final,"22,782","156,635","56,097",14.54
2017,2,WA,Final,"214,339","2,463,445","377,421",8.7
2017,2,WI,Final,"199,044","1,832,567","349,833",10.86
2017,2,WV,Final,"55,066","557,625","143,222",9.88
2017,2,WY,Final,"29,295","305,094","57,542",9.6
2017,1,AK,Final,"45,046","253,132","53,185",17.8
2017,1,AL,Final,"204,489","1,785,803","369,259",11.45
2017,1,AR,Final,"74,970","929,094","190,851",8.07
2017,1,AZ,Final,"204,714","2,138,498","319,170",9.57
2017,1,CA,Final,"1,265,103","9,117,819","1,692,969",13.88
2017,1,CO,Final,"156,220","1,712,548","368,988",9.12
2017,1,CT,Final,"163,655","1,051,351","151,538",15.57
2017,1,DC,Final,"75,304","665,758","26,038",11.31
2017,1,DE,Final,"33,805","348,031","53,502",9.71
2017,1,FL,Final,"653,973","7,059,084","1,209,811",9.26
2017,1,GA,Final,"359,595","3,636,828","569,885",9.89
2017,1,HI,Final,"61,753","234,790","61,434",26.3
2017,1,IA,Final,"90,187","1,059,801","236,850",8.51
2017,1,ID,Final,"43,755","591,930","108,174",7.39
2017,1,IL,Final,"364,269","4,289,905","609,992",8.49
2017,1,IN,Final,"206,692","1,999,649","350,315",10.34
2017,1,KS,Final,"121,578","1,236,942","231,625",9.83
2017,1,KY,Final,"154,133","1,594,646","302,696",9.67
2017,1,LA,Final,"146,391","1,908,549","290,459",7.67
2017,1,MA,Final,"341,030","2,182,619","407,538",15.62
2017,1,MD,Final,"267,005","2,408,980","252,051",11.08
2017,1,ME,Final,"44,882","365,637","99,242",12.28
2017,1,MI,Final,"349,410","3,227,951","541,018",10.82
2017,1,MN,Final,"193,278","2,032,357","291,798",9.51
2017,1,MO,Final,"206,907","2,508,349","378,730",8.25
2017,1,MS,Final,"109,830","1,101,825","234,382",9.97
2017,1,MT,Final,"45,033","458,166","106,493",9.83
2017,1,NC,Final,"311,827","3,764,073","676,553",8.28
2017,1,ND,Final,"54,505","621,430","74,192",8.77
2017,1,NE,Final,"64,818","785,585","149,582",8.25
2017,1,NH,Final,"56,490","393,268","106,344",14.36
2017,1,NJ,Final,"374,979","3,173,650","516,037",11.82
2017,1,NM,Final,"63,381","658,277","143,401",9.63
2017,1,NV,Final,"61,834","795,500","162,089",7.77
2017,1,NY,Final,"882,542","6,358,592","1,081,479",13.88
2017,1,OH,Final,"373,246","3,817,224","624,189",9.78
2017,1,OK,Final,"119,648","1,506,724","280,762",7.94
2017,1,OR,Final,"125,470","1,442,789","232,454",8.7
2017,1,PA,Final,"336,305","3,744,846","697,534",8.98
2017,1,RI,Final,"45,784","297,464","59,537",15.39
2017,1,SC,Final,"171,533","1,677,472","370,943",10.23
2017,1,SD,Final,"39,559","436,217","70,751",9.07
2017,1,TN,Final,"287,985","2,716,044","478,482",10.6
2017,1,TX,Final,"885,371","10,636,209","1,521,382",8.32
2017,1,UT,Final,"76,384","954,381","126,532",8
2017,1,VA,Final,"305,091","3,866,996","422,231",7.89
2017,1,VT,Final,"23,550","164,148","55,910",14.35
2017,1,WA,Final,"232,410","2,759,099","378,033",8.42
2017,1,WI,Final,"213,363","2,026,743","352,053",10.53
2017,1,WV,Final,"61,433","641,723","143,162",9.57
2017,1,WY,Final,"31,992","349,895","57,731",9.14
2016,12,AK,Final,"43,749","249,873","53,381",17.51
2016,12,AL,Final,"205,359","1,773,427","368,400",11.58
2016,12,AR,Final,"73,798","908,918","191,170",8.12
2016,12,AZ,Final,"204,451","2,142,488","319,499",9.54
2016,12,CA,Final,"1,324,809","9,583,093","1,722,735",13.82
2016,12,CO,Final,"164,927","1,761,513","368,268",9.36
2016,12,CT,Final,"158,081","1,030,177","152,603",15.35
2016,12,DC,Final,"76,975","659,129","25,985",11.68
2016,12,DE,Final,"32,413","336,523","53,475",9.63
2016,12,FL,Final,"665,659","7,504,992","1,207,155",8.87
2016,12,GA,Final,"353,910","3,614,109","569,685",9.79
2016,12,HI,Final,"64,810","251,859","60,923",25.73
2016,12,IA,Final,"88,329","1,099,543","237,441",8.03
2016,12,ID,Final,"44,002","589,461","108,226",7.46
2016,12,IL,Final,"381,185","4,322,481","609,119",8.82
2016,12,IN,Final,"201,239","1,940,171","351,564",10.37
2016,12,KS,Final,"125,325","1,258,958","233,721",9.95
2016,12,KY,Final,"152,784","1,593,079","303,097",9.59
2016,12,LA,Final,"169,244","1,871,133","289,757",9.05
2016,12,MA,Final,"307,392","2,057,655","401,296",14.94
2016,12,MD,Final,"274,015","2,431,026","251,706",11.27
2016,12,ME,Final,"41,762","348,846","99,494",11.97
2016,12,MI,Final,"346,627","3,181,930","543,367",10.89
2016,12,MN,Final,"186,367","2,019,365","293,638",9.23
2016,12,MO,Final,"216,442","2,498,895","377,782",8.66
2016,12,MS,Final,"107,220","1,068,436","233,851",10.04
2016,12,MT,Final,"43,213","429,806","106,703",10.05
2016,12,NC,Final,"313,893","3,780,975","675,780",8.3
2016,12,ND,Final,"54,475","620,750","74,184",8.78
2016,12,NE,Final,"68,045","806,044","150,583",8.44
2016,12,NH,Final,"51,817","355,708","107,199",14.57
2016,12,NJ,Final,"359,925","3,107,833","515,832",11.58
2016,12,NM,Final,"68,659","704,112","141,935",9.75
2016,12,NV,Final,"61,671","821,705","162,074",7.51
2016,12,NY,Final,"845,128","6,146,369","1,079,163",13.75
2016,12,OH,Final,"388,475","3,889,483","624,950",9.99
2016,12,OK,Final,"124,715","1,673,304","279,333",7.45
2016,12,OR,Final,"132,682","1,483,800","233,455",8.94
2016,12,PA,Final,"323,526","3,592,419","700,036",9.01
2016,12,RI,Final,"41,878","293,010","57,112",14.29
2016,12,SC,Final,"168,697","1,622,826","371,470",10.4
2016,12,SD,Final,"38,386","408,537","71,141",9.4
2016,12,TN,Final,"282,667","2,659,975","480,163",10.63
2016,12,TX,Final,"873,211","10,637,841","1,446,080",8.21
2016,12,UT,Final,"77,596","965,539","125,772",8.04
2016,12,VA,Final,"320,900","4,188,495","431,621",7.66
2016,12,VT,Final,"24,228","168,657","56,285",14.37
2016,12,WA,Final,"227,927","2,701,999","374,813",8.44
2016,12,WI,Final,"212,241","2,029,434","350,845",10.46
2016,12,WV,Final,"59,961","646,641","143,338",9.27
2016,12,WY,Final,"30,941","339,740","57,286",9.11
2016,11,AK,Final,"41,516","234,739","53,364",17.69
2016,11,AL,Final,"197,523","1,742,442","368,123",11.34
2016,11,AR,Final,"77,616","956,386","190,964",8.12
2016,11,AZ,Final,"211,299","2,208,380","319,219",9.57
2016,11,CA,Final,"1,349,718","9,447,865","1,667,297",14.29
2016,11,CO,Final,"157,583","1,605,834","368,654",9.81
2016,11,CT,Final,"146,763","923,319","152,441",15.9
2016,11,DC,Final,"75,040","637,414","25,973",11.77
2016,11,DE,Final,"32,256","321,886","53,592",10.02
2016,11,FL,Final,"664,488","7,359,191","1,218,559",9.03
2016,11,GA,Final,"350,597","3,534,255","569,376",9.92
2016,11,HI,Final,"64,654","249,214","60,962",25.94
2016,11,IA,Final,"84,312","980,778","237,154",8.6
2016,11,ID,Final,"38,672","491,864","108,047",7.86
2016,11,IL,Final,"346,520","3,817,940","607,481",9.08
2016,11,IN,Final,"194,615","1,830,333","350,893",10.63
2016,11,KS,Final,"121,451","1,200,461","233,796",10.12
2016,11,KY,Final,"149,180","1,506,264","302,797",9.9
2016,11,LA,Final,"174,103","1,998,132","290,056",8.71
2016,11,MA,Final,"296,928","1,991,443","403,837",14.91
2016,11,MD,Final,"247,462","2,241,006","251,287",11.04
2016,11,ME,Final,"36,010","290,648","96,083",12.39
2016,11,MI,Final,"319,594","2,916,968","541,483",10.96
2016,11,MN,Final,"182,449","1,787,106","293,362",10.21
2016,11,MO,Final,"199,038","2,306,293","377,623",8.63
2016,11,MS,Final,"109,788","1,108,011","233,717",9.91
2016,11,MT,Final,"39,327","384,261","106,452",10.23
2016,11,NC,Final,"305,251","3,659,775","675,454",8.34
2016,11,ND,Final,"48,612","534,157","74,318",9.1
2016,11,NE,Final,"60,398","718,401","150,506",8.41
2016,11,NH,Final,"48,538","330,787","106,670",14.67
2016,11,NJ,Final,"339,636","2,923,440","514,798",11.62
2016,11,NM,Final,"65,475","693,493","142,023",9.44
2016,11,NV,Final,"56,590","742,431","162,119",7.62
2016,11,NY,Final,"818,027","5,848,510","1,076,795",13.99
2016,11,OH,Final,"369,364","3,641,718","624,218",10.14
2016,11,OK,Final,"110,760","1,579,490","278,923",7.01
2016,11,OR,Final,"116,747","1,300,682","233,340",8.98
2016,11,PA,Final,"306,673","3,350,538","694,870",9.15
2016,11,RI,Final,"41,178","282,331","59,526",14.59
2016,11,SC,Final,"169,867","1,658,969","371,147",10.24
2016,11,SD,Final,"35,409","367,130","71,072",9.64
2016,11,TN,Final,"281,686","2,706,036","479,937",10.41
2016,11,TX,Final,"884,269","10,743,908","1,446,400",8.23
2016,11,UT,Final,"74,269","878,466","125,741",8.45
2016,11,VA,Final,"299,319","3,850,101","431,507",7.77
2016,11,VT,Final,"22,932","154,702","56,209",14.82
2016,11,WA,Final,"197,059","2,307,788","374,970",8.54
2016,11,WI,Final,"191,548","1,809,330","349,889",10.59
2016,11,WV,Final,"59,770","611,986","142,991",9.77
2016,11,WY,Final,"28,550","293,266","57,731",9.74
2016,10,AK,Final,"38,944","220,261","53,379",17.68
2016,10,AL,Final,"222,340","1,934,627","368,031",11.49
2016,10,AR,Final,"87,926","1,074,035","191,004",8.19
2016,10,AZ,Final,"264,250","2,504,320","318,928",10.55
2016,10,CA,Final,"1,563,401","9,904,467","1,695,324",15.78
2016,10,CO,Final,"171,274","1,727,004","369,408",9.92
2016,10,CT,Final,"158,270","992,171","152,651",15.95
2016,10,DC,Final,"78,988","655,579","25,933",12.05
2016,10,DE,Final,"36,323","336,937","53,621",10.78
2016,10,FL,Final,"725,228","8,115,089","1,200,821",8.94
2016,10,GA,Final,"378,548","3,882,252","569,115",9.75
2016,10,HI,Final,"68,476","275,026","60,917",24.9
2016,10,IA,Final,"87,879","1,023,633","236,816",8.59
2016,10,ID,Final,"39,272","503,476","107,907",7.8
2016,10,IL,Final,"371,216","4,049,652","607,678",9.17
2016,10,IN,Final,"204,785","1,984,389","351,476",10.32
2016,10,KS,Final,"137,710","1,302,394","233,576",10.57
2016,10,KY,Final,"156,794","1,611,795","303,016",9.73
2016,10,LA,Final,"191,047","2,235,048","290,157",8.55
2016,10,MA,Final,"338,167","2,130,452","399,909",15.87
2016,10,MD,Final,"266,326","2,373,557","251,157",11.22
2016,10,ME,Final,"38,205","308,909","95,945",12.37
2016,10,MI,Final,"350,795","3,230,403","541,594",10.86
2016,10,MN,Final,"188,383","1,903,591","293,293",9.9
2016,10,MO,Final,"210,011","2,450,873","377,220",8.57
2016,10,MS,Final,"126,900","1,297,429","233,593",9.78
2016,10,MT,Final,"41,055","397,692","106,369",10.32
2016,10,NC,Final,"335,549","3,820,554","675,596",8.78
2016,10,ND,Final,"49,117","528,432","74,155",9.29
2016,10,NE,Final,"64,389","754,346","150,700",8.54
2016,10,NH,Final,"52,470","360,276","107,294",14.56
2016,10,NJ,Final,"364,384","3,115,522","516,524",11.7
2016,10,NM,Final,"70,110","708,805","142,074",9.89
2016,10,NV,Final,"74,562","947,118","161,751",7.87
2016,10,NY,Final,"912,777","6,145,489","1,074,077",14.85
2016,10,OH,Final,"392,788","3,842,478","625,579",10.22
2016,10,OK,Final,"140,760","1,733,188","278,822",8.12
2016,10,OR,Final,"122,673","1,356,242","233,051",9.05
2016,10,PA,Final,"321,346","3,485,721","697,104",9.22
2016,10,RI,Final,"41,426","286,009","59,189",14.48
2016,10,SC,Final,"168,600","1,696,094","370,683",9.94
2016,10,SD,Final,"36,493","373,474","71,047",9.77
2016,10,TN,Final,"305,210","2,964,009","482,834",10.3
2016,10,TX,Final,"1,013,097","12,140,124","1,454,894",8.35
2016,10,UT,Final,"82,934","937,138","125,534",8.85
2016,10,VA,Final,"299,375","3,938,068","431,713",7.6
2016,10,VT,Final,"24,462","164,610","56,095",14.86
2016,10,WA,Final,"203,235","2,361,360","374,432",8.61
2016,10,WI,Final,"204,995","1,928,865","350,802",10.63
2016,10,WV,Final,"59,073","614,511","143,107",9.61
2016,10,WY,Final,"31,423","335,326","57,491",9.37
2016,9,AK,Final,"38,836","220,650","53,470",17.6
2016,9,AL,Final,"250,486","2,266,015","367,692",11.05
2016,9,AR,Final,"99,733","1,183,109","190,738",8.43
2016,9,AZ,Final,"290,811","2,655,812","319,489",10.95
2016,9,CA,Final,"1,790,560","10,712,213","1,695,094",16.72
2016,9,CO,Final,"186,772","1,808,677","368,502",10.33
2016,9,CT,Final,"183,257","1,172,193","152,441",15.63
2016,9,DC,Final,"76,188","664,848","25,913",11.46
2016,9,DE,Final,"33,906","353,156","53,610",9.6
2016,9,FL,Final,"781,316","8,830,734","1,203,210",8.85
2016,9,GA,Final,"436,970","4,447,807","568,425",9.82
2016,9,HI,Final,"67,903","268,949","60,841",25.25
2016,9,IA,Final,"96,808","997,289","236,472",9.71
2016,9,ID,Final,"38,162","498,210","108,025",7.66
2016,9,IL,Final,"410,775","4,502,705","607,300",9.12
2016,9,IN,Final,"221,481","2,160,061","351,318",10.25
2016,9,KS,Final,"150,250","1,445,178","233,365",10.4
2016,9,KY,Final,"177,651","1,839,507","302,835",9.66
2016,9,LA,Final,"209,333","2,413,296","290,160",8.67
2016,9,MA,Final,"374,072","2,297,270","403,686",16.28
2016,9,MD,Final,"280,216","2,582,703","250,780",10.85
2016,9,ME,Final,"44,898","373,469","99,077",12.02
2016,9,MI,Final,"364,011","3,370,801","540,515",10.8
2016,9,MN,Final,"207,724","1,952,397","293,329",10.64
2016,9,MO,Final,"259,867","2,761,837","377,417",9.41
2016,9,MS,Final,"134,468","1,445,664","233,407",9.3
2016,9,MT,Final,"40,474","390,849","106,400",10.36
2016,9,NC,Final,"396,806","4,548,592","675,048",8.72
2016,9,ND,Final,"47,221","482,232","74,170",9.79
2016,9,NE,Final,"74,080","796,683","151,203",9.3
2016,9,NH,Final,"59,839","415,272","107,391",14.41
2016,9,NJ,Final,"434,174","3,408,573","516,010",12.74
2016,9,NM,Final,"81,015","774,974","142,458",10.45
2016,9,NV,Final,"68,445","853,570","162,218",8.02
2016,9,NY,Final,"1,135,607","7,204,139","1,075,977",15.76
2016,9,OH,Final,"422,338","4,172,271","623,919",10.12
2016,9,OK,Final,"160,733","1,892,578","278,484",8.49
2016,9,OR,Final,"110,311","1,230,580","233,222",8.96
2016,9,PA,Final,"350,339","3,880,834","697,060",9.03
2016,9,RI,Final,"45,517","307,758","59,169",14.79
2016,9,SC,Final,"210,615","2,011,198","369,087",10.47
2016,9,SD,Final,"39,327","392,481","71,372",10.02
2016,9,TN,Final,"360,972","3,417,167","481,756",10.56
2016,9,TX,Final,"1,103,290","13,398,848","1,452,614",8.23
2016,9,UT,Final,"92,205","976,044","125,314",9.45
2016,9,VA,Final,"324,973","4,182,748","431,628",7.77
2016,9,VT,Final,"25,512","173,237","56,109",14.73
2016,9,WA,Final,"199,488","2,363,665","375,644",8.44
2016,9,WI,Final,"217,825","2,031,868","353,526",10.72
2016,9,WV,Final,"61,495","660,685","142,929",9.31
2016,9,WY,Final,"29,168","301,431","57,736",9.68
2016,8,AK,Final,"40,325","224,033","53,252",18
2016,8,AL,Final,"266,161","2,409,848","368,035",11.04
2016,8,AR,Final,"103,982","1,241,402","190,909",8.38
2016,8,AZ,Final,"331,184","3,004,282","318,618",11.02
2016,8,CA,Final,"1,967,709","11,631,447","1,721,377",16.92
2016,8,CO,Final,"195,161","1,928,105","368,666",10.12
2016,8,CT,Final,"194,651","1,257,957","152,435",15.47
2016,8,DC,Final,"94,896","822,090","25,892",11.54
2016,8,DE,Final,"42,144","428,904","53,566",9.83
2016,8,FL,Final,"810,078","9,239,584","1,206,228",8.77
2016,8,GA,Final,"470,922","4,782,145","569,086",9.85
2016,8,HI,Final,"70,744","282,927","60,810",25
2016,8,IA,Final,"126,719","1,146,346","236,150",11.05
2016,8,ID,Final,"46,412","581,629","107,848",7.98
2016,8,IL,Final,"453,750","4,968,418","607,232",9.13
2016,8,IN,Final,"246,453","2,456,572","351,427",10.03
2016,8,KS,Final,"172,866","1,624,238","233,063",10.64
2016,8,KY,Final,"191,061","2,022,921","302,647",9.44
2016,8,LA,Final,"208,758","2,420,968","291,647",8.62
2016,8,MA,Final,"402,947","2,550,450","401,345",15.8
2016,8,MD,Final,"322,977","3,002,481","251,007",10.76
2016,8,ME,Final,"48,350","395,762","100,550",12.22
2016,8,MI,Final,"421,737","3,938,170","539,861",10.71
2016,8,MN,Final,"224,479","2,212,014","291,918",10.15
2016,8,MO,Final,"327,376","3,045,909","377,842",10.75
2016,8,MS,Final,"136,466","1,469,062","234,129",9.29
2016,8,MT,Final,"43,801","430,505","106,009",10.17
2016,8,NC,Final,"435,019","4,915,412","675,110",8.85
2016,8,ND,Final,"51,064","532,614","73,976",9.59
2016,8,NE,Final,"83,566","898,442","150,452",9.3
2016,8,NH,Final,"61,327","428,887","108,421",14.3
2016,8,NJ,Final,"504,229","3,866,468","515,468",13.04
2016,8,NM,Final,"87,373","830,070","141,802",10.53
2016,8,NV,Final,"77,888","987,374","162,256",7.89
2016,8,NY,Final,"1,175,945","7,559,337","1,075,167",15.56
2016,8,OH,Final,"467,665","4,720,640","626,523",9.91
2016,8,OK,Final,"171,186","2,048,153","278,721",8.36
2016,8,OR,Final,"130,124","1,460,754","231,812",8.91
2016,8,PA,Final,"377,071","4,162,973","699,144",9.06
2016,8,RI,Final,"53,370","363,370","59,111",14.69
2016,8,SC,Final,"244,058","2,327,494","370,811",10.49
2016,8,SD,Final,"43,271","445,778","71,229",9.71
2016,8,TN,Final,"373,550","3,569,105","482,474",10.47
2016,8,TX,Final,"1,164,030","14,327,566","1,454,155",8.12
2016,8,UT,Final,"99,344","1,093,045","125,127",9.09
2016,8,VA,Final,"374,184","4,795,356","431,816",7.8
2016,8,VT,Final,"26,506","188,906","56,039",14.03
2016,8,WA,Final,"215,497","2,589,239","367,704",8.32
2016,8,WI,Final,"251,596","2,305,818","347,727",10.91
2016,8,WV,Final,"69,106","750,409","142,971",9.21
2016,8,WY,Final,"31,378","333,460","57,696",9.41
2016,7,AK,Final,"39,165","218,857","53,175",17.9
2016,7,AL,Final,"262,214","2,357,379","366,973",11.12
2016,7,AR,Final,"103,382","1,240,233","190,322",8.34
2016,7,AZ,Final,"344,005","3,080,843","318,444",11.17
2016,7,CA,Final,"1,710,752","10,160,722","1,668,812",16.84
2016,7,CO,Final,"198,716","1,998,558","367,737",9.94
2016,7,CT,Final,"183,850","1,181,106","152,238",15.57
2016,7,DC,Final,"89,751","794,307","25,874",11.3
2016,7,DE,Final,"36,367","386,975","53,506",9.4
2016,7,FL,Final,"805,312","9,297,308","1,197,559",8.66
2016,7,GA,Final,"479,908","4,727,354","568,051",10.15
2016,7,HI,Final,"68,182","274,926","60,816",24.8
2016,7,IA,Final,"117,729","1,095,296","235,777",10.75
2016,7,ID,Final,"44,085","545,616","107,669",8.08
2016,7,IL,Final,"442,126","4,764,655","606,357",9.28
2016,7,IN,Final,"226,002","2,295,716","350,898",9.84
2016,7,KS,Final,"169,211","1,587,477","232,122",10.66
2016,7,KY,Final,"182,743","1,918,540","302,288",9.53
2016,7,LA,Final,"201,766","2,445,093","290,979",8.25
2016,7,MA,Final,"375,209","2,372,943","402,414",15.81
2016,7,MD,Final,"305,086","2,838,024","251,175",10.75
2016,7,ME,Final,"40,500","342,748","96,978",11.82
2016,7,MI,Final,"388,525","3,661,098","538,134",10.61
2016,7,MN,Final,"220,375","2,186,483","291,142",10.08
2016,7,MO,Final,"317,371","2,992,765","376,370",10.6
2016,7,MS,Final,"134,737","1,459,617","233,341",9.23
2016,7,MT,Final,"42,121","408,415","105,858",10.31
2016,7,NC,Final,"435,986","4,871,430","673,614",8.95
2016,7,ND,Final,"48,449","518,856","73,813",9.34
2016,7,NE,Final,"82,846","879,893","149,925",9.42
2016,7,NH,Final,"57,256","409,361","107,308",13.99
2016,7,NJ,Final,"496,578","3,799,530","513,187",13.07
2016,7,NM,Final,"92,506","894,611","141,734",10.34
2016,7,NV,Final,"79,427","1,042,169","162,160",7.62
2016,7,NY,Final,"1,136,203","7,257,732","1,087,767",15.66
2016,7,OH,Final,"444,974","4,567,102","622,573",9.74
2016,7,OK,Final,"167,622","2,042,085","278,418",8.21
2016,7,OR,Final,"122,124","1,377,809","231,219",8.86
2016,7,PA,Final,"354,023","3,923,741","694,020",9.02
2016,7,RI,Final,"52,611","368,701","58,916",14.27
2016,7,SC,Final,"248,628","2,347,801","369,783",10.59
2016,7,SD,Final,"41,386","416,898","70,744",9.93
2016,7,TN,Final,"359,677","3,442,755","481,348",10.45
2016,7,TX,Final,"1,092,646","13,438,671","1,443,019",8.13
2016,7,UT,Final,"100,319","1,109,273","124,875",9.04
2016,7,VA,Final,"380,395","4,863,753","431,253",7.82
2016,7,VT,Final,"27,016","184,304","55,833",14.66
2016,7,WA,Final,"201,411","2,420,180","364,491",8.32
2016,7,WI,Final,"244,530","2,191,114","349,234",11.16
2016,7,WV,Final,"65,535","722,674","142,600",9.07
2016,7,WY,Final,"29,713","314,822","57,446",9.44
2016,6,AK,Final,"38,271","213,468","53,123",17.93
2016,6,AL,Final,"240,699","2,154,096","367,343",11.17
2016,6,AR,Final,"91,353","1,066,183","190,237",8.57
2016,6,AZ,Final,"318,988","2,864,930","318,325",11.13
2016,6,CA,Final,"1,616,082","10,124,190","1,718,839",15.96
2016,6,CO,Final,"182,475","1,794,021","368,150",10.17
2016,6,CT,Final,"180,225","1,125,127","152,338",16.02
2016,6,DC,Final,"86,948","750,282","25,910",11.59
2016,6,DE,Final,"37,336","375,222","53,434",9.95
2016,6,FL,Final,"762,966","8,745,866","1,199,969",8.72
2016,6,GA,Final,"436,110","4,325,094","567,902",10.08
2016,6,HI,Final,"62,748","254,143","60,670",24.69
2016,6,IA,Final,"113,323","1,081,013","235,553",10.48
2016,6,ID,Final,"45,144","546,269","107,490",8.26
2016,6,IL,Final,"401,451","4,467,984","606,354",8.99
2016,6,IN,Final,"209,430","2,129,073","350,807",9.84
2016,6,KS,Final,"160,218","1,482,260","233,259",10.81
2016,6,KY,Final,"171,002","1,767,025","302,041",9.68
2016,6,LA,Final,"181,163","2,203,774","291,270",8.22
2016,6,MA,Final,"344,537","2,213,829","391,066",15.56
2016,6,MD,Final,"285,751","2,585,286","251,024",11.05
2016,6,ME,Final,"37,900","327,981","99,080",11.56
2016,6,MI,Final,"363,614","3,415,950","537,879",10.64
2016,6,MN,Final,"199,425","2,023,003","291,199",9.86
2016,6,MO,Final,"303,953","2,796,527","376,916",10.87
2016,6,MS,Final,"122,969","1,294,996","233,109",9.5
2016,6,MT,Final,"42,588","405,254","105,821",10.51
2016,6,NC,Final,"376,196","4,375,289","672,838",8.6
2016,6,ND,Final,"45,212","487,540","73,697",9.27
2016,6,NE,Final,"77,203","818,220","149,583",9.44
2016,6,NH,Final,"51,787","369,240","107,610",14.03
2016,6,NJ,Final,"432,180","3,267,731","514,699",13.23
2016,6,NM,Final,"82,279","821,358","142,018",10.02
2016,6,NV,Final,"69,961","891,230","161,507",7.85
2016,6,NY,Final,"979,475","6,487,543","1,076,172",15.1
2016,6,OH,Final,"412,744","4,157,561","624,324",9.93
2016,6,OK,Final,"159,988","2,003,802","278,090",7.98
2016,6,OR,Final,"120,122","1,361,064","231,013",8.83
2016,6,PA,Final,"330,682","3,638,979","698,393",9.09
2016,6,RI,Final,"45,175","310,277","58,852",14.56
2016,6,SC,Final,"220,617","2,058,954","369,533",10.72
2016,6,SD,Final,"39,182","402,910","70,978",9.72
2016,6,TN,Final,"319,296","3,107,834","480,733",10.27
2016,6,TX,Final,"1,035,535","12,479,538","1,450,167",8.3
2016,6,UT,Final,"102,943","1,062,820","124,330",9.69
2016,6,VA,Final,"341,948","4,148,411","431,033",8.24
2016,6,VT,Final,"25,004","170,871","55,764",14.63
2016,6,WA,Final,"196,917","2,354,527","365,040",8.36
2016,6,WI,Final,"237,006","2,097,415","348,771",11.3
2016,6,WV,Final,"60,107","653,113","142,902",9.2
2016,6,WY,Final,"29,556","304,205","57,649",9.72
2016,5,AK,Final,"37,952","213,680","53,132",17.76
2016,5,AL,Final,"211,239","1,916,576","366,645",11.02
2016,5,AR,Final,"76,834","926,210","189,833",8.3
2016,5,AZ,Final,"270,109","2,454,971","317,871",11
2016,5,CA,Final,"1,341,726","9,226,335","1,692,977",14.54
2016,5,CO,Final,"157,122","1,656,232","366,723",9.49
2016,5,CT,Final,"150,896","950,686","152,258",15.87
2016,5,DC,Final,"78,637","670,323","25,950",11.73
2016,5,DE,Final,"36,672","346,503","53,346",10.58
2016,5,FL,Final,"713,420","8,180,080","1,205,893",8.72
2016,5,GA,Final,"379,342","3,879,904","567,051",9.78
2016,5,HI,Final,"63,050","267,340","61,041",23.58
2016,5,IA,Final,"85,425","922,448","235,652",9.26
2016,5,ID,Final,"37,923","491,684","107,444",7.71
2016,5,IL,Final,"364,875","3,923,258","606,147",9.3
2016,5,IN,Final,"187,431","1,912,005","350,365",9.8
2016,5,KS,Final,"132,424","1,240,654","232,611",10.67
2016,5,KY,Final,"147,049","1,540,111","301,727",9.55
2016,5,LA,Final,"166,192","1,947,997","289,572",8.53
2016,5,MA,Final,"296,950","1,964,815","401,446",15.11
2016,5,MD,Final,"262,820","2,355,603","251,120",11.16
2016,5,ME,Final,"36,955","305,808","99,231",12.08
2016,5,MI,Final,"332,155","3,112,168","537,234",10.67
2016,5,MN,Final,"188,197","1,888,636","291,244",9.96
2016,5,MO,Final,"230,862","2,422,979","376,497",9.53
2016,5,MS,Final,"106,021","1,142,022","232,414",9.28
2016,5,MT,Final,"39,645","378,842","105,716",10.46
2016,5,NC,Final,"325,835","3,817,998","671,691",8.53
2016,5,ND,Final,"44,162","482,512","73,598",9.15
2016,5,NE,Final,"64,075","733,499","149,896",8.74
2016,5,NH,Final,"47,212","327,424","107,115",14.42
2016,5,NJ,Final,"382,338","3,119,742","513,209",12.26
2016,5,NM,Final,"65,563","716,370","141,545",9.15
2016,5,NV,Final,"66,317","820,761","161,096",8.08
2016,5,NY,Final,"782,467","5,767,404","1,070,712",13.57
2016,5,OH,Final,"389,833","3,899,866","623,458",10
2016,5,OK,Final,"126,920","1,714,341","277,649",7.4
2016,5,OR,Final,"115,311","1,285,152","230,954",8.97
2016,5,PA,Final,"314,013","3,372,532","695,782",9.31
2016,5,RI,Final,"41,673","288,066","58,508",14.47
2016,5,SC,Final,"181,316","1,815,648","369,031",9.99
2016,5,SD,Final,"35,076","361,376","70,623",9.71
2016,5,TN,Final,"264,261","2,736,932","479,924",9.66
2016,5,TX,Final,"904,594","10,956,524","1,444,900",8.26
2016,5,UT,Final,"83,368","902,964","124,090",9.23
2016,5,VA,Final,"315,706","3,871,213","430,468",8.16
2016,5,VT,Final,"23,402","157,470","55,441",14.86
2016,5,WA,Final,"189,948","2,281,543","365,675",8.33
2016,5,WI,Final,"202,692","1,858,829","347,205",10.9
2016,5,WV,Final,"58,692","627,141","142,880",9.36
2016,5,WY,Final,"27,521","283,717","57,359",9.7
2016,4,AK,Final,"38,859","219,582","52,976",17.7
2016,4,AL,Final,"191,596","1,734,068","366,313",11.05
2016,4,AR,Final,"71,096","878,849","189,631",8.09
2016,4,AZ,Final,"221,911","2,217,639","317,525",10.01
2016,4,CA,Final,"1,247,458","9,105,540","1,664,692",13.7
2016,4,CO,Final,"144,963","1,540,536","366,126",9.41
2016,4,CT,Final,"156,036","992,345","152,364",15.72
2016,4,DC,Final,"67,518","563,556","25,900",11.98
2016,4,DE,Final,"30,611","302,946","53,219",10.1
2016,4,FL,Final,"654,140","7,420,469","1,189,054",8.82
2016,4,GA,Final,"343,576","3,565,124","566,167",9.64
2016,4,HI,Final,"58,254","249,967","61,128",23.3
2016,4,IA,Final,"75,801","897,701","235,062",8.44
2016,4,ID,Final,"36,292","474,590","107,196",7.65
2016,4,IL,Final,"342,620","3,827,577","605,784",8.95
2016,4,IN,Final,"176,165","1,763,385","350,163",9.99
2016,4,KS,Final,"122,038","1,161,541","232,442",10.51
2016,4,KY,Final,"139,993","1,456,849","301,298",9.61
2016,4,LA,Final,"158,451","1,819,542","288,806",8.71
2016,4,MA,Final,"303,148","1,944,410","399,826",15.59
2016,4,MD,Final,"232,366","2,103,049","250,649",11.05
2016,4,ME,Final,"35,627","299,160","95,555",11.91
2016,4,MI,Final,"306,658","2,956,795","536,541",10.37
2016,4,MN,Final,"172,647","1,772,000","290,246",9.74
2016,4,MO,Final,"187,077","2,227,670","375,889",8.4
2016,4,MS,Final,"97,163","1,039,057","232,050",9.35
2016,4,MT,Final,"38,712","376,787","105,764",10.27
2016,4,NC,Final,"305,007","3,604,617","670,541",8.46
2016,4,ND,Final,"44,805","481,332","72,902",9.31
2016,4,NE,Final,"58,093","678,422","149,504",8.56
2016,4,NH,Final,"50,770","350,553","105,592",14.48
2016,4,NJ,Final,"333,459","2,813,303","513,836",11.85
2016,4,NM,Final,"59,496","669,086","141,426",8.89
2016,4,NV,Final,"57,994","719,208","161,234",8.06
2016,4,NY,Final,"781,293","5,674,902","1,068,449",13.77
2016,4,OH,Final,"353,540","3,523,658","622,079",10.03
2016,4,OK,Final,"106,533","1,511,161","277,325",7.05
2016,4,OR,Final,"108,052","1,214,070","230,933",8.9
2016,4,PA,Final,"304,197","3,210,142","695,167",9.48
2016,4,RI,Final,"42,368","280,018","59,080",15.13
2016,4,SC,Final,"163,922","1,653,068","368,382",9.92
2016,4,SD,Final,"33,476","354,447","70,497",9.44
2016,4,TN,Final,"254,345","2,605,480","478,396",9.76
2016,4,TX,Final,"840,701","10,222,568","1,445,430",8.22
2016,4,UT,Final,"75,175","894,052","123,783",8.41
2016,4,VA,Final,"294,224","3,617,354","430,256",8.13
2016,4,VT,Final,"22,465","154,632","55,187",14.53
2016,4,WA,Final,"184,217","2,244,076","362,622",8.21
2016,4,WI,Final,"191,031","1,791,501","349,372",10.66
2016,4,WV,Final,"55,007","579,276","142,382",9.5
2016,4,WY,Final,"26,916","287,471","57,264",9.36
2016,3,AK,Final,"40,390","236,906","53,050",17.05
2016,3,AL,Final,"189,500","1,748,876","365,980",10.84
2016,3,AR,Final,"71,025","881,502","189,478",8.06
2016,3,AZ,Final,"215,584","2,226,696","317,016",9.68
2016,3,CA,Final,"1,305,593","9,474,358","1,745,352",13.78
2016,3,CO,Final,"149,219","1,669,386","365,065",8.94
2016,3,CT,Final,"161,587","1,002,912","152,060",16.11
2016,3,DC,Final,"82,098","708,381","25,922",11.59
2016,3,DE,Final,"34,937","333,534","53,149",10.47
2016,3,FL,Final,"654,502","7,264,434","1,195,833",9.01
2016,3,GA,Final,"343,348","3,629,207","565,583",9.46
2016,3,HI,Final,"59,894","249,635","60,735",23.99
2016,3,IA,Final,"82,988","1,002,954","235,276",8.27
2016,3,ID,Final,"38,309","502,436","107,112",7.62
2016,3,IL,Final,"348,687","3,907,782","606,706",8.92
2016,3,IN,Final,"185,144","1,884,363","350,145",9.83
2016,3,KS,Final,"121,035","1,141,294","232,515",10.61
2016,3,KY,Final,"142,036","1,497,523","300,992",9.48
2016,3,LA,Final,"162,888","1,810,048","288,877",9
2016,3,MA,Final,"334,307","2,141,323","429,661",15.61
2016,3,MD,Final,"258,696","2,360,167","250,848",10.96
2016,3,ME,Final,"42,374","344,931","99,047",12.28
2016,3,MI,Final,"318,137","3,073,539","536,652",10.35
2016,3,MN,Final,"178,282","1,884,719","290,991",9.46
2016,3,MO,Final,"192,368","2,315,755","375,727",8.31
2016,3,MS,Final,"102,732","1,052,689","232,072",9.76
2016,3,MT,Final,"40,207","391,912","105,603",10.26
2016,3,NC,Final,"310,998","3,659,679","669,690",8.5
2016,3,ND,Final,"48,096","538,168","72,839",8.94
2016,3,NE,Final,"60,396","704,983","149,042",8.57
2016,3,NH,Final,"54,525","374,848","106,442",14.55
2016,3,NJ,Final,"363,786","3,053,288","515,890",11.91
2016,3,NM,Final,"61,724","666,329","141,658",9.26
2016,3,NV,Final,"60,758","737,945","161,033",8.23
2016,3,NY,Final,"828,925","6,120,763","1,064,371",13.54
2016,3,OH,Final,"372,341","3,740,256","624,791",9.96
2016,3,OK,Final,"106,596","1,540,353","277,209",6.92
2016,3,OR,Final,"118,050","1,324,002","231,125",8.92
2016,3,PA,Final,"327,395","3,476,863","694,991",9.42
2016,3,RI,Final,"45,677","291,752","59,327",15.66
2016,3,SC,Final,"161,241","1,605,549","368,276",10.04
2016,3,SD,Final,"35,333","377,401","70,311",9.36
2016,3,TN,Final,"263,162","2,669,696","477,621",9.86
2016,3,TX,Final,"853,633","10,191,057","1,444,498",8.38
2016,3,UT,Final,"73,041","893,343","123,433",8.18
2016,3,VA,Final,"295,959","3,672,469","429,955",8.06
2016,3,VT,Final,"23,481","162,777","55,084",14.43
2016,3,WA,Final,"204,371","2,383,515","367,895",8.57
2016,3,WI,Final,"204,865","1,925,050","348,922",10.64
2016,3,WV,Final,"56,206","588,360","142,314",9.55
2016,3,WY,Final,"28,368","303,472","57,367",9.35
2016,2,AK,Final,"40,427","237,596","50,655",17.01
2016,2,AL,Final,"188,401","1,731,724","365,674",10.88
2016,2,AR,Final,"71,278","883,476","189,086",8.07
2016,2,AZ,Final,"200,534","2,047,546","316,861",9.79
2016,2,CA,Final,"1,181,053","8,591,018","1,654,864",13.75
2016,2,CO,Final,"140,479","1,584,342","362,505",8.87
2016,2,CT,Final,"160,780","995,251","152,197",16.15
2016,2,DC,Final,"88,489","711,593","25,915",12.44
2016,2,DE,Final,"33,196","312,093","53,100",10.64
2016,2,FL,Final,"616,979","6,555,679","1,189,292",9.41
2016,2,GA,Final,"341,617","3,552,856","564,946",9.62
2016,2,HI,Final,"57,368","242,225","60,615",23.68
2016,2,IA,Final,"80,896","968,090","236,309",8.36
2016,2,ID,Final,"38,216","506,029","106,896",7.55
2016,2,IL,Final,"346,348","3,958,080","606,592",8.75
2016,2,IN,Final,"183,531","1,889,679","349,672",9.71
2016,2,KS,Final,"123,055","1,178,316","232,423",10.44
2016,2,KY,Final,"147,251","1,554,621","300,957",9.47
2016,2,LA,Final,"154,035","1,809,423","288,238",8.51
2016,2,MA,Final,"328,515","2,046,651","401,197",16.05
2016,2,MD,Final,"260,247","2,372,876","250,235",10.97
2016,2,ME,Final,"38,622","316,469","95,632",12.2
2016,2,MI,Final,"311,426","2,952,172","535,411",10.55
2016,2,MN,Final,"178,486","1,879,594","289,035",9.5
2016,2,MO,Final,"196,291","2,373,600","375,979",8.27
2016,2,MS,Final,"103,783","1,059,845","231,775",9.79
2016,2,MT,Final,"40,218","407,071","105,269",9.88
2016,2,NC,Final,"314,154","3,625,052","668,714",8.67
2016,2,ND,Final,"48,531","540,902","72,624",8.97
2016,2,NE,Final,"62,094","746,132","147,994",8.32
2016,2,NH,Final,"55,073","373,358","106,349",14.75
2016,2,NJ,Final,"357,684","3,056,749","511,361",11.7
2016,2,NM,Final,"59,475","641,514","141,007",9.27
2016,2,NV,Final,"58,065","677,854","161,134",8.57
2016,2,NY,Final,"821,774","6,054,607","1,064,676",13.57
2016,2,OH,Final,"365,544","3,661,326","622,129",9.98
2016,2,OK,Final,"101,060","1,408,100","276,943",7.18
2016,2,OR,Final,"114,115","1,279,219","230,131",8.92
2016,2,PA,Final,"349,650","3,667,558","692,185",9.53
2016,2,RI,Final,"43,339","269,471","58,971",16.08
2016,2,SC,Final,"169,058","1,653,335","367,687",10.23
2016,2,SD,Final,"35,571","386,547","69,908",9.2
2016,2,TN,Final,"271,339","2,760,541","477,821",9.83
2016,2,TX,Final,"835,151","9,947,190","1,448,218",8.4
2016,2,UT,Final,"72,864","886,742","123,284",8.22
2016,2,VA,Final,"298,644","3,683,575","429,751",8.11
2016,2,VT,Final,"23,419","162,846","54,680",14.38
2016,2,WA,Final,"206,379","2,406,544","360,114",8.58
2016,2,WI,Final,"202,093","1,902,078","346,478",10.62
2016,2,WV,Final,"59,032","623,017","142,153",9.48
2016,2,WY,Final,"29,333","319,517","57,015",9.18
2016,1,AK,Final,"41,114","241,854","50,706",17
2016,1,AL,Final,"201,305","1,865,396","364,904",10.79
2016,1,AR,Final,"74,209","937,330","188,776",7.92
2016,1,AZ,Final,"205,059","2,156,250","316,567",9.51
2016,1,CA,Final,"1,204,317","8,813,436","1,660,512",13.66
2016,1,CO,Final,"147,352","1,725,928","364,171",8.54
2016,1,CT,Final,"166,066","1,078,020","150,151",15.4
2016,1,DC,Final,"85,102","730,976","25,911",11.64
2016,1,DE,Final,"40,331","400,554","52,781",10.07
2016,1,FL,Final,"652,736","7,033,787","1,185,162",9.28
2016,1,GA,Final,"372,762","3,821,663","563,729",9.75
2016,1,HI,Final,"60,617","245,071","60,569",24.73
2016,1,IA,Final,"86,585","1,076,241","232,199",8.05
2016,1,ID,Final,"40,594","547,865","106,753",7.41
2016,1,IL,Final,"382,169","4,399,523","606,658",8.69
2016,1,IN,Final,"189,042","1,983,034","348,971",9.53
2016,1,KS,Final,"128,148","1,264,621","232,158",10.13
2016,1,KY,Final,"154,869","1,672,889","300,772",9.26
2016,1,LA,Final,"162,399","1,921,260","287,799",8.45
2016,1,MA,Final,"343,559","2,222,568","399,522",15.46
2016,1,MD,Final,"266,044","2,430,215","250,251",10.95
2016,1,ME,Final,"40,539","331,758","98,706",12.22
2016,1,MI,Final,"323,487","3,175,912","535,382",10.19
2016,1,MN,Final,"189,473","1,992,832","289,403",9.51
2016,1,MO,Final,"205,077","2,535,376","375,252",8.09
2016,1,MS,Final,"108,100","1,085,711","231,156",9.96
2016,1,MT,Final,"40,986","430,244","105,256",9.53
2016,1,NC,Final,"334,800","3,924,847","667,218",8.53
2016,1,ND,Final,"50,694","598,663","72,597",8.47
2016,1,NE,Final,"63,748","771,761","148,346",8.26
2016,1,NH,Final,"54,009","370,477","105,395",14.58
2016,1,NJ,Final,"371,969","3,140,227","514,122",11.85
2016,1,NM,Final,"64,671","685,155","140,988",9.44
2016,1,NV,Final,"56,187","687,711","160,505",8.17
2016,1,NY,Final,"836,591","6,240,173","1,061,393",13.41
2016,1,OH,Final,"382,464","3,925,912","620,183",9.74
2016,1,OK,Final,"108,847","1,549,150","276,361",7.03
2016,1,OR,Final,"120,312","1,387,104","230,062",8.67
2016,1,PA,Final,"354,953","3,773,133","694,188",9.41
2016,1,RI,Final,"48,981","310,554","59,127",15.77
2016,1,SC,Final,"182,337","1,824,027","367,009",10
2016,1,SD,Final,"37,348","411,074","70,028",9.09
2016,1,TN,Final,"276,042","2,799,372","477,374",9.86
2016,1,TX,Final,"883,608","10,620,439","1,436,454",8.32
2016,1,UT,Final,"78,435","965,887","123,164",8.12
2016,1,VA,Final,"363,158","4,452,304","429,511",8.16
2016,1,VT,Final,"24,440","171,032","54,492",14.29
2016,1,WA,Final,"216,983","2,574,625","360,806",8.43
2016,1,WI,Final,"212,008","2,012,787","349,176",10.53
2016,1,WV,Final,"67,826","747,858","141,959",9.07
2016,1,WY,Final,"30,793","345,889","57,171",8.9
2015,12,AK,Final,"41,911","249,364","50,732",16.81
2015,12,AL,Final,"182,739","1,754,398","364,777",10.42
2015,12,AR,Final,"72,184","878,241","189,090",8.22
2015,12,AZ,Final,"206,336","2,175,058","315,935",9.49
2015,12,CA,Final,"1,335,810","9,726,128","1,744,757",13.73
2015,12,CO,Final,"158,652","1,685,457","365,637",9.41
2015,12,CT,Final,"154,507","1,013,527","150,705",15.24
2015,12,DC,Final,"76,321","610,929","25,902",12.49
2015,12,DE,Final,"27,118","254,995","52,883",10.63
2015,12,FL,Final,"710,264","7,656,008","1,195,098",9.28
2015,12,GA,Final,"327,476","3,543,750","564,512",9.24
2015,12,HI,Final,"64,191","257,132","60,768",24.96
2015,12,IA,Final,"79,734","1,016,916","232,800",7.84
2015,12,ID,Final,"41,582","562,706","107,215",7.39
2015,12,IL,Final,"344,781","4,041,886","604,315",8.53
2015,12,IN,Final,"176,990","1,848,068","351,304",9.58
2015,12,KS,Final,"116,617","1,166,321","229,934",10
2015,12,KY,Final,"141,214","1,502,840","300,221",9.4
2015,12,LA,Final,"155,595","1,843,841","299,480",8.44
2015,12,MA,Final,"317,291","2,079,408","406,655",15.26
2015,12,MD,Final,"246,594","2,296,194","250,794",10.74
2015,12,ME,Final,"42,924","362,412","98,654",11.84
2015,12,MI,Final,"321,726","3,111,857","535,029",10.34
2015,12,MN,Final,"169,859","1,918,274","286,179",8.85
2015,12,MO,Final,"205,525","2,384,942","374,619",8.62
2015,12,MS,Final,"108,033","1,042,179","232,878",10.37
2015,12,MT,Final,"41,316","423,360","105,062",9.76
2015,12,NC,Final,"327,485","3,788,731","671,960",8.64
2015,12,ND,Final,"48,901","573,349","72,199",8.53
2015,12,NE,Final,"63,099","762,936","149,717",8.27
2015,12,NH,Final,"50,697","346,183","106,816",14.64
2015,12,NJ,Final,"359,833","3,009,391","513,714",11.96
2015,12,NM,Final,"65,675","694,329","142,324",9.46
2015,12,NV,Final,"65,747","749,545","160,361",8.77
2015,12,NY,Final,"853,070","6,130,811","1,060,768",13.91
2015,12,OH,Final,"363,331","3,650,830","621,380",9.95
2015,12,OK,Final,"106,287","1,519,138","279,169",7
2015,12,OR,Final,"115,665","1,336,094","230,131",8.66
2015,12,PA,Final,"330,873","3,487,255","692,584",9.49
2015,12,RI,Final,"46,219","302,732","58,989",15.27
2015,12,SC,Final,"163,842","1,651,609","360,129",9.92
2015,12,SD,Final,"35,267","399,486","70,048",8.83
2015,12,TN,Final,"265,201","2,634,867","478,155",10.07
2015,12,TX,Final,"795,591","10,084,768","1,433,646",7.89
2015,12,UT,Final,"74,092","957,031","122,622",7.74
2015,12,VA,Final,"299,983","3,728,608","451,177",8.05
2015,12,VT,Final,"22,777","156,471","54,047",14.56
2015,12,WA,Final,"225,025","2,637,210","368,010",8.53
2015,12,WI,Final,"198,328","1,889,673","349,314",10.5
2015,12,WV,Final,"52,127","593,949","142,089",8.78
2015,12,WY,Final,"28,785","338,239","57,538",8.51
2015,11,AK,Final,"40,914","235,319","50,625",17.39
2015,11,AL,Final,"181,930","1,730,677","364,185",10.51
2015,11,AR,Final,"75,476","915,093","188,765",8.25
2015,11,AZ,Final,"200,523","2,119,667","315,754",9.46
2015,11,CA,Final,"1,382,945","9,367,696","1,629,554",14.76
2015,11,CO,Final,"160,952","1,632,100","365,471",9.86
2015,11,CT,Final,"146,611","960,251","150,687",15.27
2015,11,DC,Final,"78,199","650,206","25,831",12.03
2015,11,DE,Final,"37,833","354,178","52,452",10.68
2015,11,FL,Final,"737,815","7,824,670","1,202,045",9.43
2015,11,GA,Final,"323,134","3,516,645","564,187",9.19
2015,11,HI,Final,"67,238","272,858","60,605",24.64
2015,11,IA,Final,"78,585","971,814","232,258",8.09
2015,11,ID,Final,"38,458","507,723","106,347",7.57
2015,11,IL,Final,"343,471","3,821,517","603,973",8.99
2015,11,IN,Final,"174,803","1,776,878","350,916",9.84
2015,11,KS,Final,"116,008","1,164,986","229,769",9.96
2015,11,KY,Final,"137,568","1,438,429","299,926",9.56
2015,11,LA,Final,"166,285","1,955,931","299,075",8.5
2015,11,MA,Final,"292,387","2,003,110","408,119",14.6
2015,11,MD,Final,"261,234","2,464,222","249,466",10.6
2015,11,ME,Final,"35,365","271,616","92,275",13.02
2015,11,MI,Final,"309,841","2,947,853","534,371",10.51
2015,11,MN,Final,"164,347","1,813,215","285,623",9.06
2015,11,MO,Final,"200,076","2,297,275","374,233",8.71
2015,11,MS,Final,"112,994","1,099,865","232,480",10.27
2015,11,MT,Final,"40,884","403,765","104,644",10.13
2015,11,NC,Final,"298,360","3,553,645","671,463",8.4
2015,11,ND,Final,"45,124","534,311","71,763",8.45
2015,11,NE,Final,"61,609","748,015","149,489",8.24
2015,11,NH,Final,"49,291","342,426","106,425",14.39
2015,11,NJ,Final,"348,456","2,895,333","514,085",12.04
2015,11,NM,Final,"68,158","700,117","142,290",9.74
2015,11,NV,Final,"62,359","697,419","160,589",8.94
2015,11,NY,Final,"816,218","5,813,201","1,056,076",14.04
2015,11,OH,Final,"365,895","3,579,477","619,930",10.22
2015,11,OK,Final,"111,795","1,546,039","279,015",7.23
2015,11,OR,Final,"120,894","1,368,111","229,977",8.84
2015,11,PA,Final,"316,170","3,328,912","691,402",9.5
2015,11,RI,Final,"41,464","285,224","61,202",14.54
2015,11,SC,Final,"158,019","1,555,432","359,671",10.16
2015,11,SD,Final,"33,873","373,179","70,061",9.08
2015,11,TN,Final,"264,349","2,604,537","477,841",10.15
2015,11,TX,Final,"795,774","10,009,089","1,421,366",7.95
2015,11,UT,Final,"74,593","918,250","122,415",8.12
2015,11,VA,Final,"288,262","3,545,970","450,733",8.13
2015,11,VT,Final,"22,596","154,413","53,965",14.63
2015,11,WA,Final,"198,914","2,342,598","365,337",8.49
2015,11,WI,Final,"191,801","1,831,664","346,994",10.47
2015,11,WV,Final,"52,919","579,851","142,236",9.13
2015,11,WY,Final,"29,155","315,467","57,643",9.24
2015,10,AK,Final,"39,384","223,687","50,912",17.61
2015,10,AL,Final,"200,687","1,878,547","364,402",10.68
2015,10,AR,Final,"85,618","1,029,412","188,885",8.32
2015,10,AZ,Final,"258,014","2,460,498","315,479",10.49
2015,10,CA,Final,"1,885,486","11,048,660","1,713,815",17.07
2015,10,CO,Final,"170,871","1,724,243","366,675",9.91
2015,10,CT,Final,"160,492","1,013,408","150,914",15.84
2015,10,DC,Final,"67,184","572,968","25,776",11.73
2015,10,DE,Final,"38,801","385,511","53,021",10.06
2015,10,FL,Final,"771,165","8,181,024","1,185,140",9.43
2015,10,GA,Final,"371,000","3,799,241","564,137",9.77
2015,10,HI,Final,"72,051","277,956","60,577",25.92
2015,10,IA,Final,"83,868","974,077","231,806",8.61
2015,10,ID,Final,"38,707","503,572","106,616",7.69
2015,10,IL,Final,"363,893","3,998,596","604,168",9.1
2015,10,IN,Final,"187,636","1,935,514","351,024",9.69
2015,10,KS,Final,"123,903","1,240,700","229,835",9.99
2015,10,KY,Final,"147,381","1,550,522","299,881",9.51
2015,10,LA,Final,"186,039","2,132,507","299,309",8.72
2015,10,MA,Final,"329,045","2,154,847","405,435",15.27
2015,10,MD,Final,"262,594","2,421,031","249,620",10.85
2015,10,ME,Final,"41,073","327,614","98,080",12.54
2015,10,MI,Final,"328,268","3,142,159","534,012",10.45
2015,10,MN,Final,"180,476","1,905,028","286,204",9.47
2015,10,MO,Final,"206,864","2,353,184","374,186",8.79
2015,10,MS,Final,"125,858","1,230,064","232,492",10.23
2015,10,MT,Final,"40,020","393,835","104,652",10.16
2015,10,NC,Final,"347,426","3,911,249","672,050",8.88
2015,10,ND,Final,"44,820","497,072","71,680",9.02
2015,10,NE,Final,"63,565","758,388","150,780",8.38
2015,10,NH,Final,"52,744","366,089","106,657",14.41
2015,10,NJ,Final,"368,924","3,047,462","513,386",12.11
2015,10,NM,Final,"76,158","751,670","142,223",10.13
2015,10,NV,Final,"73,844","808,141","160,100",9.14
2015,10,NY,Final,"945,980","6,169,122","1,059,037",15.33
2015,10,OH,Final,"382,320","3,767,278","621,090",10.15
2015,10,OK,Final,"128,970","1,642,718","278,921",7.85
2015,10,OR,Final,"118,397","1,328,164","230,093",8.91
2015,10,PA,Final,"328,825","3,441,053","691,268",9.56
2015,10,RI,Final,"43,067","295,484","58,859",14.58
2015,10,SC,Final,"173,414","1,743,586","359,632",9.95
2015,10,SD,Final,"35,655","382,319","70,224",9.33
2015,10,TN,Final,"280,324","2,755,676","477,324",10.17
2015,10,TX,Final,"957,816","12,098,295","1,435,735",7.92
2015,10,UT,Final,"86,474","982,941","122,041",8.8
2015,10,VA,Final,"309,896","3,859,929","450,417",8.03
2015,10,VT,Final,"24,320","163,798","53,762",14.85
2015,10,WA,Final,"198,440","2,370,410","368,626",8.37
2015,10,WI,Final,"206,942","1,889,528","347,410",10.95
2015,10,WV,Final,"56,504","627,140","141,460",9.01
2015,10,WY,Final,"29,050","305,570","57,696",9.51
2015,9,AK,Final,"39,722","222,609","50,894",17.84
2015,9,AL,Final,"230,903","2,113,224","364,275",10.93
2015,9,AR,Final,"100,440","1,159,660","188,693",8.66
2015,9,AZ,Final,"303,821","2,770,257","315,247",10.97
2015,9,CA,Final,"2,018,118","11,123,151","1,685,603",18.14
2015,9,CO,Final,"185,744","1,819,734","366,644",10.21
2015,9,CT,Final,"182,209","1,199,745","150,870",15.19
2015,9,DC,Final,"86,814","712,857","25,883",12.18
2015,9,DE,Final,"37,852","373,136","53,092",10.14
2015,9,FL,Final,"824,070","8,730,963","1,188,452",9.44
2015,9,GA,Final,"406,981","4,162,224","563,766",9.78
2015,9,HI,Final,"75,890","284,464","60,620",26.68
2015,9,IA,Final,"99,475","1,081,380","228,724",9.2
2015,9,ID,Final,"38,889","508,860","106,641",7.64
2015,9,IL,Final,"401,784","4,371,275","603,362",9.19
2015,9,IN,Final,"205,386","2,125,759","350,956",9.66
2015,9,KS,Final,"142,127","1,414,417","229,477",10.05
2015,9,KY,Final,"166,905","1,735,253","300,189",9.62
2015,9,LA,Final,"207,188","2,377,550","299,773",8.71
2015,9,MA,Final,"366,471","2,331,489","405,444",15.72
2015,9,MD,Final,"265,124","2,459,814","249,665",10.78
2015,9,ME,Final,"42,625","367,648","98,106",11.59
2015,9,MI,Final,"342,685","3,302,267","533,853",10.38
2015,9,MN,Final,"196,254","2,007,162","286,138",9.78
2015,9,MO,Final,"256,935","2,744,588","374,615",9.36
2015,9,MS,Final,"142,632","1,382,904","232,261",10.31
2015,9,MT,Final,"39,651","390,148","104,618",10.16
2015,9,NC,Final,"392,553","4,371,135","672,243",8.98
2015,9,ND,Final,"44,049","476,548","71,620",9.24
2015,9,NE,Final,"75,902","830,413","150,975",9.14
2015,9,NH,Final,"57,942","409,354","106,695",14.15
2015,9,NJ,Final,"441,086","3,413,477","514,478",12.92
2015,9,NM,Final,"84,886","803,637","142,284",10.56
2015,9,NV,Final,"78,832","857,065","161,663",9.2
2015,9,NY,Final,"1,154,983","7,158,922","1,054,728",16.13
2015,9,OH,Final,"416,723","4,088,079","621,945",10.19
2015,9,OK,Final,"161,387","2,002,640","278,837",8.06
2015,9,OR,Final,"112,680","1,280,340","230,077",8.8
2015,9,PA,Final,"361,899","3,803,547","690,883",9.51
2015,9,RI,Final,"45,662","308,511","58,935",14.8
2015,9,SC,Final,"204,384","1,948,592","359,464",10.49
2015,9,SD,Final,"37,581","401,770","70,305",9.35
2015,9,TN,Final,"330,832","3,196,993","478,615",10.35
2015,9,TX,Final,"1,038,317","12,797,169","1,434,288",8.11
2015,9,UT,Final,"96,568","1,040,505","122,003",9.28
2015,9,VA,Final,"334,091","4,125,391","450,573",8.1
2015,9,VT,Final,"25,574","176,159","53,963",14.52
2015,9,WA,Final,"197,640","2,411,300","369,200",8.2
2015,9,WI,Final,"233,065","2,063,361","348,398",11.3
2015,9,WV,Final,"56,589","641,918","141,877",8.82
2015,9,WY,Final,"29,633","316,042","57,832",9.38
2015,8,AK,Final,"41,183","230,574","50,753",17.86
2015,8,AL,Final,"252,530","2,307,877","363,435",10.94
2015,8,AR,Final,"108,235","1,253,979","188,322",8.63
2015,8,AZ,Final,"340,170","3,066,475","315,188",11.09
2015,8,CA,Final,"1,914,478","10,601,324","1,658,489",18.06
2015,8,CO,Final,"198,252","1,938,215","366,552",10.23
2015,8,CT,Final,"184,808","1,220,459","151,019",15.14
2015,8,DC,Final,"90,604","788,758","25,835",11.49
2015,8,DE,Final,"39,123","392,566","53,021",9.97
2015,8,FL,Final,"856,259","9,128,116","1,189,717",9.38
2015,8,GA,Final,"457,920","4,612,482","562,941",9.93
2015,8,HI,Final,"76,151","279,116","60,568",27.28
2015,8,IA,Final,"107,506","998,232","226,845",10.77
2015,8,ID,Final,"46,376","572,125","106,459",8.11
2015,8,IL,Final,"431,009","4,675,559","603,557",9.22
2015,8,IN,Final,"218,706","2,260,506","350,917",9.68
2015,8,KS,Final,"156,713","1,533,019","229,280",10.22
2015,8,KY,Final,"178,961","1,859,076","300,181",9.63
2015,8,LA,Final,"221,465","2,541,975","300,230",8.71
2015,8,MA,Final,"376,868","2,431,634","404,739",15.5
2015,8,MD,Final,"304,885","2,760,428","249,760",11.04
2015,8,ME,Final,"45,131","375,165","97,885",12.03
2015,8,MI,Final,"378,238","3,471,868","532,780",10.89
2015,8,MN,Final,"211,686","2,125,402","284,934",9.96
2015,8,MO,Final,"307,561","2,892,633","374,324",10.63
2015,8,MS,Final,"151,053","1,478,459","232,260",10.22
2015,8,MT,Final,"43,483","434,927","104,374",10
2015,8,NC,Final,"406,634","4,555,166","671,409",8.93
2015,8,ND,Final,"48,860","515,369","71,440",9.48
2015,8,NE,Final,"77,601","848,111","150,730",9.15
2015,8,NH,Final,"59,134","422,043","105,131",14.01
2015,8,NJ,Final,"490,113","3,675,942","512,483",13.33
2015,8,NM,Final,"95,018","865,065","142,154",10.98
2015,8,NV,Final,"92,842","1,020,787","160,403",9.1
2015,8,NY,Final,"1,163,128","7,287,372","1,058,309",15.96
2015,8,OH,Final,"431,369","4,288,174","621,671",10.06
2015,8,OK,Final,"167,394","2,007,147","278,575",8.34
2015,8,OR,Final,"125,331","1,462,584","229,277",8.57
2015,8,PA,Final,"376,441","3,988,872","690,820",9.44
2015,8,RI,Final,"51,513","356,110","58,705",14.47
2015,8,SC,Final,"223,435","2,142,228","358,901",10.43
2015,8,SD,Final,"41,925","435,992","70,208",9.62
2015,8,TN,Final,"352,593","3,427,223","477,730",10.29
2015,8,TX,Final,"1,097,238","13,519,971","1,435,671",8.12
2015,8,UT,Final,"102,589","1,140,001","121,704",9
2015,8,VA,Final,"362,418","4,475,271","450,216",8.1
2015,8,VT,Final,"26,931","186,504","53,812",14.44
2015,8,WA,Final,"202,664","2,509,327","362,842",8.08
2015,8,WI,Final,"237,739","2,113,436","347,807",11.25
2015,8,WV,Final,"61,491","706,352","141,752",8.71
2015,8,WY,Final,"30,980","338,928","57,596",9.14
2015,7,AK,Final,"40,153","220,009","50,823",18.25
2015,7,AL,Final,"257,091","2,311,882","363,941",11.12
2015,7,AR,Final,"105,529","1,217,213","188,166",8.67
2015,7,AZ,Final,"332,798","2,919,608","315,066",11.4
2015,7,CA,Final,"1,998,172","10,907,030","1,741,371",18.32
2015,7,CO,Final,"189,398","1,842,291","366,013",10.28
2015,7,CT,Final,"183,294","1,221,220","150,952",15.01
2015,7,DC,Final,"94,685","799,092","25,763",11.85
2015,7,DE,Final,"38,110","379,563","52,961",10.04
2015,7,FL,Final,"831,275","8,832,365","1,180,334",9.41
2015,7,GA,Final,"536,219","4,674,224","562,576",11.47
2015,7,HI,Final,"78,718","288,339","60,601",27.3
2015,7,IA,Final,"117,685","1,122,380","226,817",10.49
2015,7,ID,Final,"45,539","564,145","106,340",8.07
2015,7,IL,Final,"427,180","4,677,388","603,034",9.13
2015,7,IN,Final,"220,093","2,258,906","351,729",9.74
2015,7,KS,Final,"156,931","1,516,722","229,306",10.35
2015,7,KY,Final,"175,324","1,877,497","300,034",9.34
2015,7,LA,Final,"202,771","2,407,334","299,832",8.42
2015,7,MA,Final,"372,216","2,417,139","404,993",15.4
2015,7,MD,Final,"309,082","2,837,157","249,373",10.89
2015,7,ME,Final,"42,888","360,004","98,122",11.91
2015,7,MI,Final,"403,698","3,610,305","532,756",11.18
2015,7,MN,Final,"217,937","2,161,774","292,449",10.08
2015,7,MO,Final,"316,478","2,986,199","374,160",10.6
2015,7,MS,Final,"147,516","1,438,922","232,053",10.25
2015,7,MT,Final,"43,681","428,879","104,369",10.19
2015,7,NC,Final,"424,610","4,721,724","670,797",8.99
2015,7,ND,Final,"47,767","512,925","71,304",9.31
2015,7,NE,Final,"82,858","878,696","150,454",9.43
2015,7,NH,Final,"56,733","398,716","106,162",14.23
2015,7,NJ,Final,"497,418","3,698,428","516,438",13.45
2015,7,NM,Final,"94,676","849,691","142,279",11.14
2015,7,NV,Final,"83,828","956,475","160,034",8.76
2015,7,NY,Final,"1,154,354","7,125,734","1,056,826",16.2
2015,7,OH,Final,"451,574","4,395,770","621,455",10.27
2015,7,OK,Final,"168,575","2,035,357","279,013",8.28
2015,7,OR,Final,"127,616","1,434,248","229,504",8.9
2015,7,PA,Final,"372,268","3,944,241","691,159",9.44
2015,7,RI,Final,"50,471","358,500","58,669",14.08
2015,7,SC,Final,"231,227","2,245,684","358,518",10.3
2015,7,SD,Final,"40,840","429,740","70,202",9.5
2015,7,TN,Final,"351,617","3,413,845","477,445",10.3
2015,7,TX,Final,"1,075,271","13,316,794","1,435,907",8.07
2015,7,UT,Final,"96,665","1,075,636","121,599",8.99
2015,7,VA,Final,"367,320","4,497,545","449,544",8.17
2015,7,VT,Final,"26,412","182,688","53,736",14.46
2015,7,WA,Final,"210,998","2,578,128","366,721",8.18
2015,7,WI,Final,"243,145","2,179,159","348,162",11.16
2015,7,WV,Final,"59,624","687,849","141,784",8.67
2015,7,WY,Final,"28,587","309,094","57,686",9.25
2015,6,AK,Final,"37,607","213,417","50,661",17.62
2015,6,AL,Final,"238,686","2,156,042","362,478",11.07
2015,6,AR,Final,"92,049","1,065,261","187,440",8.64
2015,6,AZ,Final,"312,126","2,761,931","314,622",11.3
2015,6,CA,Final,"1,693,181","10,051,101","1,712,367",16.85
2015,6,CO,Final,"163,825","1,687,655","366,123",9.71
2015,6,CT,Final,"175,238","1,099,923","151,034",15.93
2015,6,DC,Final,"91,749","741,855","25,525",12.37
2015,6,DE,Final,"40,052","383,525","52,933",10.44
2015,6,FL,Final,"811,180","8,611,420","1,181,596",9.42
2015,6,GA,Final,"414,536","4,279,443","560,087",9.69
2015,6,HI,Final,"71,386","264,171","60,611",27.02
2015,6,IA,Final,"100,559","996,686","225,849",10.09
2015,6,ID,Final,"44,640","545,473","106,117",8.18
2015,6,IL,Final,"382,389","4,285,423","602,611",8.92
2015,6,IN,Final,"206,821","2,096,151","350,853",9.87
2015,6,KS,Final,"144,764","1,387,613","227,766",10.43
2015,6,KY,Final,"162,173","1,742,214","299,563",9.31
2015,6,LA,Final,"186,046","2,201,067","298,654",8.45
2015,6,MA,Final,"331,724","2,183,066","425,603",15.2
2015,6,MD,Final,"291,961","2,665,859","249,760",10.95
2015,6,ME,Final,"39,110","333,126","98,077",11.74
2015,6,MI,Final,"357,502","3,296,526","532,655",10.84
2015,6,MN,Final,"203,531","1,972,176","290,493",10.32
2015,6,MO,Final,"286,258","2,705,086","373,753",10.58
2015,6,MS,Final,"136,900","1,277,570","231,042",10.72
2015,6,MT,Final,"42,883","410,975","104,118",10.43
2015,6,NC,Final,"385,832","4,423,020","661,436",8.72
2015,6,ND,Final,"45,910","481,077","71,006",9.54
2015,6,NE,Final,"73,987","795,722","149,927",9.3
2015,6,NH,Final,"58,627","400,733","105,636",14.63
2015,6,NJ,Final,"459,337","3,310,872","513,222",13.87
2015,6,NM,Final,"87,641","806,088","142,201",10.87
2015,6,NV,Final,"81,921","873,016","160,012",9.38
2015,6,NY,Final,"1,051,845","6,458,809","1,056,744",16.29
2015,6,OH,Final,"417,400","4,094,152","623,417",10.2
2015,6,OK,Final,"165,389","2,030,782","278,258",8.14
2015,6,OR,Final,"126,314","1,433,818","228,588",8.81
2015,6,PA,Final,"349,983","3,610,576","691,138",9.69
2015,6,RI,Final,"46,528","329,907","58,792",14.1
2015,6,SC,Final,"220,315","2,094,968","357,619",10.52
2015,6,SD,Final,"35,668","392,605","70,015",9.09
2015,6,TN,Final,"321,596","3,100,746","476,987",10.37
2015,6,TX,Final,"997,485","12,081,412","1,423,118",8.26
2015,6,UT,Final,"98,692","1,052,683","121,221",9.38
2015,6,VA,Final,"358,298","4,362,413","448,464",8.21
2015,6,VT,Final,"24,367","164,684","53,732",14.8
2015,6,WA,Final,"203,192","2,498,456","362,496",8.13
2015,6,WI,Final,"231,717","2,023,236","346,523",11.45
2015,6,WV,Final,"60,035","697,942","141,904",8.6
2015,6,WY,Final,"31,504","337,652","57,556",9.33
2015,5,AK,Final,"38,311","214,357","50,635",17.87
2015,5,AL,Final,"213,266","1,938,265","361,854",11
2015,5,AR,Final,"78,943","936,160","186,848",8.43
2015,5,AZ,Final,"257,696","2,408,171","314,509",10.7
2015,5,CA,Final,"1,342,264","9,061,867","1,651,385",14.81
2015,5,CO,Final,"166,527","1,659,885","365,196",10.03
2015,5,CT,Final,"162,049","978,600","151,055",16.56
2015,5,DC,Final,"82,289","725,393","25,349",11.34
2015,5,DE,Final,"31,708","288,979","53,413",10.97
2015,5,FL,Final,"768,328","8,166,854","1,180,173",9.41
2015,5,GA,Final,"394,183","3,948,944","559,058",9.98
2015,5,HI,Final,"70,224","265,211","60,580",26.48
2015,5,IA,Final,"82,585","947,241","226,024",8.72
2015,5,ID,Final,"38,496","485,362","106,089",7.93
2015,5,IL,Final,"363,009","4,064,752","602,638",8.93
2015,5,IN,Final,"192,516","1,965,299","349,756",9.8
2015,5,KS,Final,"124,945","1,219,697","227,379",10.24
2015,5,KY,Final,"150,170","1,592,197","299,161",9.43
2015,5,LA,Final,"175,854","1,982,051","296,847",8.87
2015,5,MA,Final,"298,777","1,999,357","404,397",14.94
2015,5,MD,Final,"275,365","2,542,331","249,494",10.83
2015,5,ME,Final,"36,523","289,478","94,586",12.62
2015,5,MI,Final,"346,570","3,193,837","532,283",10.85
2015,5,MN,Final,"177,555","1,857,791","291,895",9.56
2015,5,MO,Final,"231,869","2,443,253","373,501",9.49
2015,5,MS,Final,"122,065","1,157,954","230,377",10.54
2015,5,MT,Final,"39,323","381,926","104,053",10.3
2015,5,NC,Final,"339,131","3,956,423","660,164",8.57
2015,5,ND,Final,"41,871","474,511","71,039",8.82
2015,5,NE,Final,"63,122","728,166","149,962",8.67
2015,5,NH,Final,"50,883","337,037","105,002",15.1
2015,5,NJ,Final,"412,445","3,233,499","513,895",12.76
2015,5,NM,Final,"71,574","714,638","141,850",10.02
2015,5,NV,Final,"77,660","820,742","160,111",9.46
2015,5,NY,Final,"856,228","5,899,782","1,053,029",14.51
2015,5,OH,Final,"394,649","3,960,309","619,141",9.97
2015,5,OK,Final,"124,425","1,689,210","274,545",7.37
2015,5,OR,Final,"112,340","1,264,272","228,876",8.89
2015,5,PA,Final,"332,668","3,472,511","690,750",9.58
2015,5,RI,Final,"42,133","290,085","58,624",14.52
2015,5,SC,Final,"186,914","1,855,006","356,518",10.08
2015,5,SD,Final,"32,310","353,549","69,845",9.14
2015,5,TN,Final,"274,468","2,748,252","475,948",9.99
2015,5,TX,Final,"868,980","10,588,546","1,411,987",8.21
2015,5,UT,Final,"83,027","912,652","120,922",9.1
2015,5,VA,Final,"338,796","4,160,090","200,600",8.14
2015,5,VT,Final,"24,096","161,875","53,562",14.89
2015,5,WA,Final,"177,946","2,222,907","365,024",8.01
2015,5,WI,Final,"202,688","1,856,379","346,484",10.92
2015,5,WV,Final,"57,416","675,863","141,371",8.5
2015,5,WY,Final,"29,310","314,138","57,848",9.33
2015,4,AK,Final,"38,485","225,009","50,588",17.1
2015,4,AL,Final,"190,962","1,768,828","362,141",10.8
2015,4,AR,Final,"73,028","895,512","186,957",8.15
2015,4,AZ,Final,"224,769","2,247,038","314,239",10
2015,4,CA,Final,"1,312,841","9,480,841","1,681,857",13.85
2015,4,CO,Final,"155,945","1,563,859","365,047",9.97
2015,4,CT,Final,"167,001","1,016,674","151,231",16.43
2015,4,DC,Final,"76,302","614,023","25,415",12.43
2015,4,DE,Final,"34,891","379,316","53,302",9.2
2015,4,FL,Final,"745,304","7,821,311","1,179,265",9.53
2015,4,GA,Final,"342,563","3,594,793","558,601",9.53
2015,4,HI,Final,"69,375","258,751","60,614",26.81
2015,4,IA,Final,"76,235","898,517","225,581",8.48
2015,4,ID,Final,"37,074","471,106","105,896",7.87
2015,4,IL,Final,"332,215","3,712,020","602,947",8.95
2015,4,IN,Final,"176,481","1,767,701","350,045",9.98
2015,4,KS,Final,"115,227","1,120,657","227,154",10.28
2015,4,KY,Final,"138,755","1,436,756","298,788",9.66
2015,4,LA,Final,"160,909","1,855,553","296,939",8.67
2015,4,MA,Final,"323,760","2,031,270","404,154",15.94
2015,4,MD,Final,"241,010","2,142,463","249,758",11.25
2015,4,ME,Final,"38,631","323,562","97,374",11.94
2015,4,MI,Final,"302,149","2,919,983","531,800",10.35
2015,4,MN,Final,"166,030","1,792,179","291,322",9.26
2015,4,MO,Final,"187,694","2,253,507","372,880",8.33
2015,4,MS,Final,"115,733","1,072,855","230,426",10.79
2015,4,MT,Final,"40,100","391,037","104,162",10.25
2015,4,NC,Final,"312,845","3,671,678","659,176",8.52
2015,4,ND,Final,"44,845","487,633","70,780",9.2
2015,4,NE,Final,"59,196","700,618","149,673",8.45
2015,4,NH,Final,"53,453","345,911","105,049",15.45
2015,4,NJ,Final,"367,441","2,848,643","511,685",12.9
2015,4,NM,Final,"67,574","679,175","141,828",9.95
2015,4,NV,Final,"68,377","722,888","159,995",9.46
2015,4,NY,Final,"848,577","5,868,835","1,054,977",14.46
2015,4,OH,Final,"356,455","3,520,339","620,317",10.13
2015,4,OK,Final,"115,902","1,607,117","276,268",7.21
2015,4,OR,Final,"112,169","1,263,098","228,421",8.88
2015,4,PA,Final,"316,119","3,314,953","690,644",9.54
2015,4,RI,Final,"44,751","270,519","58,632",16.54
2015,4,SC,Final,"160,345","1,623,304","356,296",9.88
2015,4,SD,Final,"33,496","368,628","69,481",9.09
2015,4,TN,Final,"270,281","2,685,803","475,182",10.06
2015,4,TX,Final,"840,646","10,540,044","1,417,183",7.98
2015,4,UT,Final,"74,996","896,291","120,569",8.37
2015,4,VA,Final,"287,340","3,509,301","447,669",8.19
2015,4,VT,Final,"22,820","155,885","53,442",14.64
2015,4,WA,Final,"188,882","2,349,261","363,047",8.04
2015,4,WI,Final,"193,954","1,802,185","347,886",10.76
2015,4,WV,Final,"49,411","562,327","141,489",8.79
2015,4,WY,Final,"29,379","318,244","57,732",9.23
2015,3,AK,Final,"40,915","237,443","50,446",17.23
2015,3,AL,Final,"191,179","1,772,184","361,572",10.79
2015,3,AR,Final,"74,134","939,601","187,055",7.89
2015,3,AZ,Final,"213,684","2,224,677","313,871",9.61
2015,3,CA,Final,"1,313,372","9,471,768","1,710,408",13.87
2015,3,CO,Final,"161,633","1,642,966","364,781",9.84
2015,3,CT,Final,"187,768","1,082,637","151,398",17.34
2015,3,DC,Final,"83,949","666,256","25,292",12.6
2015,3,DE,Final,"33,997","293,389","53,184",11.59
2015,3,FL,Final,"705,501","7,303,658","1,177,270",9.66
2015,3,GA,Final,"337,256","3,594,213","557,787",9.38
2015,3,HI,Final,"69,724","249,231","60,659",27.98
2015,3,IA,Final,"81,532","978,848","225,056",8.33
2015,3,ID,Final,"37,998","490,134","105,909",7.75
2015,3,IL,Final,"389,402","4,121,274","605,283",9.45
2015,3,IN,Final,"199,942","2,025,948","349,316",9.87
2015,3,KS,Final,"118,118","1,165,119","227,042",10.14
2015,3,KY,Final,"147,069","1,553,685","298,735",9.47
2015,3,LA,Final,"166,780","1,894,860","296,419",8.8
2015,3,MA,Final,"374,742","2,162,859","405,156",17.33
2015,3,MD,Final,"283,375","2,435,127","249,451",11.64
2015,3,ME,Final,"41,053","322,810","96,823",12.72
2015,3,MI,Final,"322,641","3,127,888","531,772",10.32
2015,3,MN,Final,"172,484","1,955,997","291,404",8.82
2015,3,MO,Final,"191,927","2,398,961","372,619",8
2015,3,MS,Final,"117,517","1,090,816","230,029",10.77
2015,3,MT,Final,"40,181","387,477","104,103",10.37
2015,3,NC,Final,"318,220","3,582,513","658,653",8.88
2015,3,ND,Final,"45,704","554,720","70,908",8.24
2015,3,NE,Final,"60,096","716,531","148,871",8.39
2015,3,NH,Final,"60,445","367,158","104,990",16.46
2015,3,NJ,Final,"416,230","3,167,640","510,087",13.14
2015,3,NM,Final,"68,427","686,142","141,670",9.97
2015,3,NV,Final,"70,156","728,422","160,065",9.63
2015,3,NY,Final,"1,009,773","6,388,222","1,051,623",15.81
2015,3,OH,Final,"387,555","3,845,228","621,800",10.08
2015,3,OK,Final,"110,542","1,474,557","275,757",7.5
2015,3,OR,Final,"115,380","1,297,562","228,404",8.89
2015,3,PA,Final,"377,319","3,774,145","689,960",10
2015,3,RI,Final,"55,722","296,930","58,645",18.77
2015,3,SC,Final,"161,690","1,581,761","355,405",10.22
2015,3,SD,Final,"34,077","390,602","69,383",8.72
2015,3,TN,Final,"276,394","2,777,738","474,218",9.95
2015,3,TX,Final,"895,832","10,548,752","1,421,352",8.49
2015,3,UT,Final,"72,039","878,620","120,171",8.2
2015,3,VA,Final,"310,158","3,668,936","447,609",8.45
2015,3,VT,Final,"23,788","166,124","53,313",14.32
2015,3,WA,Final,"200,392","2,428,517","364,436",8.25
2015,3,WI,Final,"207,828","1,937,276","346,248",10.73
2015,3,WV,Final,"52,575","603,771","141,578",8.71
2015,3,WY,Final,"31,585","344,390","57,585",9.17
2015,2,AK,Final,"40,944","241,102","50,297",16.98
2015,2,AL,Final,"195,875","1,776,872","360,193",11.02
2015,2,AR,Final,"72,851","915,158","185,785",7.96
2015,2,AZ,Final,"185,367","1,934,596","313,765",9.58
2015,2,CA,Final,"1,171,171","8,419,062","1,618,667",13.91
2015,2,CO,Final,"148,689","1,522,585","364,127",9.77
2015,2,CT,Final,"183,387","1,062,130","159,993",17.27
2015,2,DC,Final,"86,189","752,697","25,289",11.45
2015,2,DE,Final,"39,383","365,314","51,362",10.78
2015,2,FL,Final,"655,051","6,506,377","1,172,004",10.07
2015,2,GA,Final,"369,536","3,571,891","556,699",10.35
2015,2,HI,Final,"66,263","239,309","60,699",27.69
2015,2,IA,Final,"81,828","999,278","224,185",8.19
2015,2,ID,Final,"40,048","514,173","108,280",7.79
2015,2,IL,Final,"369,597","4,102,734","600,043",9.01
2015,2,IN,Final,"185,920","1,887,669","349,345",9.85
2015,2,KS,Final,"117,032","1,198,485","226,987",9.77
2015,2,KY,Final,"151,259","1,619,087","298,479",9.34
2015,2,LA,Final,"164,432","1,865,588","295,436",8.81
2015,2,MA,Final,"383,782","2,178,558","405,157",17.62
2015,2,MD,Final,"284,573","2,501,134","247,913",11.38
2015,2,ME,Final,"47,418","331,303","97,378",14.31
2015,2,MI,Final,"321,001","3,089,519","531,201",10.39
2015,2,MN,Final,"163,933","1,843,462","290,672",8.89
2015,2,MO,Final,"200,285","2,475,645","372,197",8.09
2015,2,MS,Final,"117,591","1,022,178","230,037",11.5
2015,2,MT,Final,"40,751","403,899","103,842",10.09
2015,2,NC,Final,"322,957","3,751,044","656,373",8.61
2015,2,ND,Final,"46,163","551,618","70,451",8.37
2015,2,NE,Final,"62,470","756,254","148,488",8.26
2015,2,NH,Final,"62,047","375,353","105,229",16.53
2015,2,NJ,Final,"399,036","3,160,289","511,380",12.63
2015,2,NM,Final,"64,862","633,098","141,604",10.25
2015,2,NV,Final,"68,435","690,860","159,877",9.91
2015,2,NY,Final,"994,921","6,326,259","1,051,816",15.73
2015,2,OH,Final,"382,522","3,866,391","617,631",9.89
2015,2,OK,Final,"112,711","1,539,288","274,978",7.32
2015,2,OR,Final,"107,541","1,213,717","227,881",8.86
2015,2,PA,Final,"372,857","3,752,656","689,703",9.94
2015,2,RI,Final,"61,213","301,168","58,667",20.33
2015,2,SC,Final,"175,393","1,680,981","355,292",10.43
2015,2,SD,Final,"36,002","397,278","69,308",9.06
2015,2,TN,Final,"280,181","2,790,731","473,683",10.04
2015,2,TX,Final,"842,244","9,903,836","1,414,177",8.5
2015,2,UT,Final,"71,044","863,168","120,431",8.23
2015,2,VA,Final,"351,760","4,138,640","446,762",8.5
2015,2,VT,Final,"23,915","166,247","53,033",14.39
2015,2,WA,Final,"194,844","2,366,743","362,938",8.23
2015,2,WI,Final,"201,055","1,888,044","345,731",10.65
2015,2,WV,Final,"56,152","696,538","141,203",8.06
2015,2,WY,Final,"28,958","332,471","57,760",8.71
2015,1,AK,Final,"42,310","250,600","50,308",16.88
2015,1,AL,Final,"202,795","1,929,037","361,185",10.51
2015,1,AR,Final,"72,713","947,946","186,448",7.67
2015,1,AZ,Final,"207,590","2,196,455","313,389",9.45
2015,1,CA,Final,"1,259,243","9,125,464","1,679,931",13.8
2015,1,CO,Final,"156,074","1,689,096","364,478",9.24
2015,1,CT,Final,"182,205","1,089,997","159,928",16.72
2015,1,DC,Final,"72,821","586,574","23,408",12.41
2015,1,DE,Final,"33,703","368,615","51,806",9.14
2015,1,FL,Final,"689,991","7,084,286","1,167,782",9.74
2015,1,GA,Final,"381,833","3,853,468","557,018",9.91
2015,1,HI,Final,"73,580","237,924","60,665",30.93
2015,1,IA,Final,"87,137","1,086,413","224,532",8.02
2015,1,ID,Final,"40,738","538,262","105,519",7.57
2015,1,IL,Final,"391,750","4,447,390","602,306",8.81
2015,1,IN,Final,"203,872","2,073,290","349,419",9.83
2015,1,KS,Final,"120,632","1,252,604","226,902",9.63
2015,1,KY,Final,"151,483","1,681,652","298,363",9.01
2015,1,LA,Final,"172,515","1,937,921","296,038",8.9
2015,1,MA,Final,"368,726","2,227,570","404,868",16.55
2015,1,MD,Final,"269,895","2,433,355","245,110",11.09
2015,1,ME,Final,"48,406","353,083","97,325",13.71
2015,1,MI,Final,"322,935","3,226,672","531,771",10.01
2015,1,MN,Final,"182,931","2,035,556","291,170",8.99
2015,1,MO,Final,"206,055","2,600,170","372,305",7.92
2015,1,MS,Final,"119,880","1,097,915","230,306",10.92
2015,1,MT,Final,"48,241","443,866","103,886",10.87
2015,1,NC,Final,"334,413","3,949,819","656,594",8.47
2015,1,ND,Final,"50,618","619,735","70,339",8.17
2015,1,NE,Final,"63,922","783,983","148,746",8.15
2015,1,NH,Final,"60,097","380,172","106,194",15.81
2015,1,NJ,Final,"392,067","3,261,754","509,868",12.02
2015,1,NM,Final,"70,071","693,396","141,652",10.11
2015,1,NV,Final,"65,431","688,637","162,671",9.5
2015,1,NY,Final,"936,664","6,378,557","1,047,597",14.68
2015,1,OH,Final,"393,390","4,067,897","619,897",9.67
2015,1,OK,Final,"114,688","1,597,113","275,263",7.18
2015,1,OR,Final,"116,101","1,339,059","228,136",8.67
2015,1,PA,Final,"363,779","3,826,451","690,196",9.51
2015,1,RI,Final,"55,743","309,643","58,121",18
2015,1,SC,Final,"180,708","1,803,856","355,221",10.02
2015,1,SD,Final,"38,072","423,489","69,348",8.99
2015,1,TN,Final,"285,193","2,845,141","473,757",10.02
2015,1,TX,Final,"910,067","10,834,887","1,424,841",8.4
2015,1,UT,Final,"70,762","896,815","120,022",7.89
2015,1,VA,Final,"361,223","4,274,943","446,665",8.45
2015,1,VT,Final,"24,748","175,721","52,957",14.08
2015,1,WA,Final,"206,694","2,551,655","362,424",8.1
2015,1,WI,Final,"213,544","2,040,163","348,455",10.47
2015,1,WV,Final,"56,845","727,238","141,420",7.82
2015,1,WY,Final,"31,073","354,353","57,762",8.77
2014,12,AK,Final,"40,743","249,507","51,689",16.33
2014,12,AL,Final,"183,912","1,726,266","363,257",10.65
2014,12,AR,Final,"71,661","912,393","190,393",7.85
2014,12,AZ,Final,"199,141","2,152,674","313,185",9.25
2014,12,CA,Final,"1,396,683","9,949,184","1,740,876",14.04
2014,12,CO,Final,"158,935","1,697,326","361,296",9.36
2014,12,CT,Final,"165,944","1,056,538","159,179",15.71
2014,12,DC,Final,"78,781","678,281","26,610",11.61
2014,12,DE,Final,"31,569","306,709","52,427",10.29
2014,12,FL,Final,"701,641","7,071,522","1,193,820",9.92
2014,12,GA,Final,"346,339","3,564,408","556,919",9.72
2014,12,HI,Final,"81,777","255,663","60,833",31.99
2014,12,IA,Final,"80,210","1,036,888","225,983",7.74
2014,12,ID,Final,"39,876","525,195","104,925",7.59
2014,12,IL,Final,"396,809","4,277,143","602,391",9.28
2014,12,IN,Final,"194,951","1,954,098","349,765",9.98
2014,12,KS,Final,"113,578","1,209,838","227,829",9.39
2014,12,KY,Final,"143,524","1,504,862","297,947",9.54
2014,12,LA,Final,"166,537","1,826,388","299,156",9.12
2014,12,MA,Final,"312,015","2,084,518","397,773",14.97
2014,12,MD,Final,"255,830","2,465,941","249,269",10.37
2014,12,ME,Final,"45,851","343,639","92,118",13.34
2014,12,MI,Final,"318,684","3,008,659","525,373",10.59
2014,12,MN,Final,"177,530","1,910,710","286,751",9.29
2014,12,MO,Final,"199,355","2,473,871","372,223",8.06
2014,12,MS,Final,"116,388","1,074,003","232,401",10.84
2014,12,MT,Final,"39,172","415,647","103,821",9.42
2014,12,NC,Final,"309,074","3,658,926","659,876",8.45
2014,12,ND,Final,"42,155","508,036","68,905",8.3
2014,12,NE,Final,"65,764","791,672","152,794",8.31
2014,12,NH,Final,"56,386","384,657","108,241",14.66
2014,12,NJ,Final,"367,617","3,045,561","516,123",12.07
2014,12,NM,Final,"70,221","709,837","140,415",9.89
2014,12,NV,Final,"66,056","706,775","134,454",9.35
2014,12,NY,Final,"938,599","6,304,670","1,052,354",14.89
2014,12,OH,Final,"377,351","3,793,928","619,766",9.95
2014,12,OK,Final,"115,908","1,543,450","277,375",7.51
2014,12,OR,Final,"117,577","1,367,101","228,274",8.6
2014,12,PA,Final,"350,259","3,660,464","690,824",9.57
2014,12,RI,Final,"46,490","301,995","58,309",15.39
2014,12,SC,Final,"161,188","1,578,982","352,073",10.21
2014,12,SD,Final,"34,380","394,206","70,331",8.72
2014,12,TN,Final,"262,140","2,580,750","472,557",10.16
2014,12,TX,Final,"855,429","10,653,380","1,446,091",8.03
2014,12,UT,Final,"69,248","904,741","117,862",7.65
2014,12,VA,Final,"316,586","3,777,411","424,367",8.38
2014,12,VT,Final,"24,008","167,384","52,596",14.34
2014,12,WA,Final,"197,600","2,528,665","359,501",7.81
2014,12,WI,Final,"210,076","1,986,390","347,938",10.58
2014,12,WV,Final,"49,437","634,056","141,365",7.8
2014,12,WY,Final,"30,753","355,334","58,165",8.65
2014,11,AK,Final,"42,022","235,840","51,652",17.82
2014,11,AL,Final,"186,439","1,703,362","362,529",10.95
2014,11,AR,Final,"75,361","933,253","190,145",8.08
2014,11,AZ,Final,"206,480","2,197,868","313,000",9.39
2014,11,CA,Final,"1,338,788","8,829,366","1,594,249",15.16
2014,11,CO,Final,"162,800","1,671,505","360,860",9.74
2014,11,CT,Final,"152,265","1,002,986","158,991",15.18
2014,11,DC,Final,"79,412","668,517","26,462",11.88
2014,11,DE,Final,"34,688","340,412","52,348",10.19
2014,11,FL,Final,"727,018","7,146,789","1,196,405",10.17
2014,11,GA,Final,"368,460","3,526,364","556,429",10.45
2014,11,HI,Final,"85,209","262,301","60,663",32.49
2014,11,IA,Final,"77,497","990,025","225,870",7.83
2014,11,ID,Final,"40,001","513,865","104,931",7.78
2014,11,IL,Final,"363,305","3,969,935","601,921",9.15
2014,11,IN,Final,"191,126","1,865,577","349,255",10.24
2014,11,KS,Final,"118,056","1,167,426","227,137",10.11
2014,11,KY,Final,"137,386","1,464,529","297,744",9.38
2014,11,LA,Final,"165,523","1,950,377","298,646",8.49
2014,11,MA,Final,"279,840","2,045,504","401,470",13.68
2014,11,MD,Final,"239,671","2,327,511","248,844",10.3
2014,11,ME,Final,"39,177","311,774","92,063",12.57
2014,11,MI,Final,"321,587","2,958,106","522,051",10.87
2014,11,MN,Final,"174,080","1,830,950","286,614",9.51
2014,11,MO,Final,"198,344","2,415,059","371,946",8.21
2014,11,MS,Final,"118,462","1,083,911","231,304",10.93
2014,11,MT,Final,"39,466","401,457","103,413",9.83
2014,11,NC,Final,"305,979","3,639,421","659,332",8.41
2014,11,ND,Final,"41,715","494,923","68,772",8.43
2014,11,NE,Final,"65,346","794,546","152,677",8.22
2014,11,NH,Final,"47,601","335,126","106,562",14.2
2014,11,NJ,Final,"352,758","2,897,502","515,601",12.17
2014,11,NM,Final,"68,623","702,456","140,386",9.77
2014,11,NV,Final,"65,305","683,158","160,689",9.56
2014,11,NY,Final,"897,926","5,873,755","1,045,355",15.29
2014,11,OH,Final,"371,428","3,686,927","619,355",10.07
2014,11,OK,Final,"121,483","1,635,245","276,923",7.43
2014,11,OR,Final,"115,764","1,307,896","228,622",8.85
2014,11,PA,Final,"317,987","3,332,945","689,983",9.54
2014,11,RI,Final,"43,280","328,085","58,060",13.19
2014,11,SC,Final,"170,441","1,628,636","351,427",10.47
2014,11,SD,Final,"32,740","368,746","70,142",8.88
2014,11,TN,Final,"252,238","2,513,684","472,352",10.03
2014,11,TX,Final,"841,562","10,168,187","1,424,779",8.28
2014,11,UT,Final,"72,886","870,199","118,128",8.38
2014,11,VA,Final,"330,058","3,918,967","424,026",8.42
2014,11,VT,Final,"23,979","163,165","52,545",14.7
2014,11,WA,Final,"180,224","2,197,776","359,579",8.2
2014,11,WI,Final,"202,823","1,909,906","345,526",10.62
2014,11,WV,Final,"53,321","652,816","141,282",8.17
2014,11,WY,Final,"29,385","326,830","58,272",8.99
2014,10,AK,Final,"40,395","229,415","51,743",17.61
2014,10,AL,Final,"198,078","1,863,636","362,792",10.63
2014,10,AR,Final,"84,657","1,050,084","190,413",8.06
2014,10,AZ,Final,"250,284","2,499,821","312,630",10.01
2014,10,CA,Final,"1,943,573","11,130,045","1,739,573",17.46
2014,10,CO,Final,"165,948","1,667,636","362,015",9.95
2014,10,CT,Final,"152,688","1,009,764","157,967",15.12
2014,10,DC,Final,"79,687","691,707","26,425",11.52
2014,10,DE,Final,"35,419","346,163","52,427",10.23
2014,10,FL,Final,"791,341","7,994,548","1,185,231",9.9
2014,10,GA,Final,"383,304","3,859,170","556,501",9.93
2014,10,HI,Final,"97,831","289,909","60,751",33.75
2014,10,IA,Final,"84,460","1,010,730","226,039",8.36
2014,10,ID,Final,"38,428","491,153","104,861",7.82
2014,10,IL,Final,"384,121","3,976,158","600,690",9.66
2014,10,IN,Final,"200,339","1,971,859","349,104",10.16
2014,10,KS,Final,"127,244","1,226,934","227,232",10.37
2014,10,KY,Final,"141,065","1,523,261","297,323",9.26
2014,10,LA,Final,"189,320","2,118,907","299,071",8.93
2014,10,MA,Final,"298,457","2,130,532","401,613",14.01
2014,10,MD,Final,"234,619","2,289,271","248,695",10.25
2014,10,ME,Final,"38,559","323,992","92,955",11.9
2014,10,MI,Final,"327,002","3,000,752","525,552",10.9
2014,10,MN,Final,"178,231","1,848,668","286,873",9.64
2014,10,MO,Final,"197,106","2,363,622","371,898",8.34
2014,10,MS,Final,"132,102","1,227,504","231,173",10.76
2014,10,MT,Final,"40,367","404,244","103,460",9.99
2014,10,NC,Final,"348,158","3,988,773","659,507",8.73
2014,10,ND,Final,"39,247","443,218","68,618",8.86
2014,10,NE,Final,"67,558","765,662","152,823",8.82
2014,10,NH,Final,"48,900","354,281","106,896",13.8
2014,10,NJ,Final,"376,957","3,113,704","515,313",12.11
2014,10,NM,Final,"75,885","731,367","139,420",10.38
2014,10,NV,Final,"75,037","763,549","160,335",9.83
2014,10,NY,Final,"971,632","6,134,277","1,047,381",15.84
2014,10,OH,Final,"385,030","3,849,009","619,969",10
2014,10,OK,Final,"140,417","1,731,650","276,840",8.11
2014,10,OR,Final,"118,621","1,334,792","228,638",8.89
2014,10,PA,Final,"320,095","3,407,384","692,040",9.39
2014,10,RI,Final,"43,554","327,287","58,587",13.31
2014,10,SC,Final,"176,645","1,777,217","351,135",9.94
2014,10,SD,Final,"33,010","367,312","70,587",8.99
2014,10,TN,Final,"269,928","2,714,022","472,610",9.95
2014,10,TX,Final,"1,008,146","12,361,473","1,446,429",8.16
2014,10,UT,Final,"76,617","906,484","117,848",8.45
2014,10,VA,Final,"325,491","3,930,209","423,789",8.28
2014,10,VT,Final,"24,333","167,935","52,701",14.49
2014,10,WA,Final,"199,173","2,475,880","360,944",8.04
2014,10,WI,Final,"200,470","1,903,250","346,754",10.53
2014,10,WV,Final,"50,746","621,575","141,177",8.16
2014,10,WY,Final,"29,163","313,310","58,644",9.31
2014,9,AK,Final,"39,375","225,089","51,588",17.49
2014,9,AL,Final,"226,342","2,136,057","362,225",10.6
2014,9,AR,Final,"97,655","1,178,717","190,109",8.28
2014,9,AZ,Final,"293,676","2,782,831","312,524",10.55
2014,9,CA,Final,"2,053,804","11,220,939","1,686,302",18.3
2014,9,CO,Final,"187,726","1,762,547","361,499",10.65
2014,9,CT,Final,"172,912","1,135,923","159,056",15.22
2014,9,DC,Final,"109,042","709,011","26,342",15.38
2014,9,DE,Final,"35,027","336,033","52,407",10.42
2014,9,FL,Final,"840,540","8,460,143","1,184,927",9.94
2014,9,GA,Final,"425,009","4,178,404","555,661",10.17
2014,9,HI,Final,"98,391","284,167","60,498",34.62
2014,9,IA,Final,"84,133","915,613","226,026",9.19
2014,9,ID,Final,"39,512","499,309","104,763",7.91
2014,9,IL,Final,"345,474","4,179,675","601,356",8.27
2014,9,IN,Final,"207,131","2,079,988","349,016",9.96
2014,9,KS,Final,"143,746","1,392,658","226,970",10.32
2014,9,KY,Final,"154,673","1,659,375","297,259",9.32
2014,9,LA,Final,"206,190","2,314,960","299,528",8.91
2014,9,MA,Final,"333,574","2,303,552","398,225",14.48
2014,9,MD,Final,"397,970","2,439,097","248,299",16.32
2014,9,ME,Final,"40,061","336,657","92,876",11.9
2014,9,MI,Final,"340,814","3,134,934","524,928",10.87
2014,9,MN,Final,"189,313","1,878,331","286,450",10.08
2014,9,MO,Final,"238,707","2,621,790","371,694",9.1
2014,9,MS,Final,"147,958","1,392,817","230,975",10.62
2014,9,MT,Final,"41,373","411,891","103,380",10.04
2014,9,NC,Final,"368,701","4,200,062","659,205",8.78
2014,9,ND,Final,"37,933","401,781","68,406",9.44
2014,9,NE,Final,"73,854","791,529","152,638",9.33
2014,9,NH,Final,"53,219","390,475","105,099",13.63
2014,9,NJ,Final,"412,840","3,130,908","515,159",13.19
2014,9,NM,Final,"83,943","800,134","140,288",10.49
2014,9,NV,Final,"85,526","882,633","160,351",9.69
2014,9,NY,Final,"1,158,097","6,883,523","1,043,738",16.82
2014,9,OH,Final,"375,559","3,881,924","619,776",9.67
2014,9,OK,Final,"155,063","1,715,456","276,393",9.04
2014,9,OR,Final,"115,676","1,326,709","228,556",8.72
2014,9,PA,Final,"347,269","3,665,839","691,228",9.47
2014,9,RI,Final,"44,214","317,997","58,564",13.9
2014,9,SC,Final,"196,589","1,914,393","350,842",10.27
2014,9,SD,Final,"35,011","384,187","69,512",9.11
2014,9,TN,Final,"319,458","3,148,858","472,251",10.15
2014,9,TX,Final,"1,106,720","13,771,502","1,443,103",8.04
2014,9,UT,Final,"88,462","962,835","117,981",9.19
2014,9,VA,Final,"335,905","3,996,920","423,440",8.4
2014,9,VT,Final,"25,527","176,018","52,636",14.5
2014,9,WA,Final,"192,017","2,432,919","361,276",7.89
2014,9,WI,Final,"218,561","1,948,427","346,927",11.22
2014,9,WV,Final,"49,926","631,790","141,059",7.9
2014,9,WY,Final,"29,168","321,486","58,697",9.07
2014,8,AK,Final,"40,193","226,335","51,515",17.76
2014,8,AL,Final,"245,534","2,252,116","362,490",10.9
2014,8,AR,Final,"99,202","1,187,626","189,844",8.35
2014,8,AZ,Final,"312,061","2,900,894","315,451",10.76
2014,8,CA,Final,"1,959,791","10,762,935","1,645,836",18.21
2014,8,CO,Final,"194,710","1,812,829","361,434",10.74
2014,8,CT,Final,"179,932","1,169,322","159,230",15.39
2014,8,DC,Final,"86,404","755,885","26,375",11.43
2014,8,DE,Final,"35,970","389,261","52,461",9.24
2014,8,FL,Final,"881,806","9,099,778","1,193,076",9.69
2014,8,GA,Final,"473,615","4,514,749","555,787",10.49
2014,8,HI,Final,"98,931","287,378","60,498",34.43
2014,8,IA,Final,"116,097","1,114,218","225,796",10.42
2014,8,ID,Final,"44,057","544,075","104,582",8.1
2014,8,IL,Final,"444,899","4,657,724","600,358",9.55
2014,8,IN,Final,"220,918","2,202,742","348,923",10.03
2014,8,KS,Final,"161,063","1,510,694","227,097",10.66
2014,8,KY,Final,"164,925","1,767,084","297,184",9.33
2014,8,LA,Final,"212,066","2,369,207","299,875",8.95
2014,8,MA,Final,"342,368","2,314,068","401,457",14.8
2014,8,MD,Final,"275,270","2,660,308","248,126",10.35
2014,8,ME,Final,"42,360","358,222","91,623",11.83
2014,8,MI,Final,"382,632","3,379,421","523,932",11.32
2014,8,MN,Final,"221,059","2,144,578","286,077",10.31
2014,8,MO,Final,"301,990","2,930,003","371,703",10.31
2014,8,MS,Final,"146,934","1,359,340","231,571",10.81
2014,8,MT,Final,"40,717","411,744","103,392",9.89
2014,8,NC,Final,"399,716","4,497,543","658,952",8.89
2014,8,ND,Final,"39,239","422,094","68,114",9.3
2014,8,NE,Final,"82,243","882,684","152,184",9.32
2014,8,NH,Final,"54,018","397,615","104,638",13.59
2014,8,NJ,Final,"466,591","3,461,789","515,393",13.48
2014,8,NM,Final,"96,068","862,065","140,141",11.14
2014,8,NV,Final,"80,555","911,429","160,458",8.84
2014,8,NY,Final,"1,136,536","6,941,495","1,046,809",16.37
2014,8,OH,Final,"424,267","4,289,452","619,362",9.89
2014,8,OK,Final,"180,160","2,137,335","276,283",8.43
2014,8,OR,Final,"120,444","1,392,617","228,485",8.65
2014,8,PA,Final,"353,513","3,722,194","690,907",9.5
2014,8,RI,Final,"38,040","238,715","58,102",15.94
2014,8,SC,Final,"220,373","2,130,361","350,535",10.34
2014,8,SD,Final,"37,065","407,653","70,748",9.09
2014,8,TN,Final,"327,309","3,115,330","471,899",10.51
2014,8,TX,Final,"1,100,371","13,491,431","1,441,404",8.16
2014,8,UT,Final,"91,582","1,016,625","117,911",9.01
2014,8,VA,Final,"360,514","4,375,087","423,503",8.24
2014,8,VT,Final,"25,687","178,275","52,639",14.41
2014,8,WA,Final,"193,326","2,452,015","358,964",7.88
2014,8,WI,Final,"237,609","2,156,267","346,515",11.02
2014,8,WV,Final,"54,010","689,605","140,865",7.83
2014,8,WY,Final,"31,031","350,793","59,440",8.85
2014,7,AK,Final,"39,381","217,662","51,433",18.09
2014,7,AL,Final,"237,077","2,165,657","362,259",10.95
2014,7,AR,Final,"96,876","1,140,965","189,815",8.49
2014,7,AZ,Final,"326,370","2,966,923","314,941",11
2014,7,CA,Final,"1,998,969","11,050,380","1,710,933",18.09
2014,7,CO,Final,"200,988","1,881,797","361,428",10.68
2014,7,CT,Final,"177,844","1,214,034","159,168",14.65
2014,7,DC,Final,"94,374","832,926","26,339",11.33
2014,7,DE,Final,"41,526","405,433","52,314",10.24
2014,7,FL,Final,"845,907","8,706,399","1,180,890",9.72
2014,7,GA,Final,"460,555","4,371,910","554,775",10.53
2014,7,HI,Final,"97,222","280,433","60,557",34.67
2014,7,IA,Final,"102,824","1,062,900","224,704",9.67
2014,7,ID,Final,"46,621","565,550","104,521",8.24
2014,7,IL,Final,"420,317","4,446,575","599,459",9.45
2014,7,IN,Final,"218,295","2,179,431","348,732",10.02
2014,7,KS,Final,"156,801","1,464,570","226,897",10.71
2014,7,KY,Final,"167,552","1,749,774","297,139",9.58
2014,7,LA,Final,"216,785","2,307,583","299,912",9.39
2014,7,MA,Final,"352,659","2,399,828","399,531",14.7
2014,7,MD,Final,"299,699","2,860,465","248,352",10.48
2014,7,ME,Final,"45,603","382,524","92,748",11.92
2014,7,MI,Final,"374,590","3,391,406","523,129",11.05
2014,7,MN,Final,"204,963","1,984,575","286,251",10.33
2014,7,MO,Final,"291,521","2,816,085","371,890",10.35
2014,7,MS,Final,"146,058","1,346,492","231,660",10.85
2014,7,MT,Final,"40,474","415,582","103,395",9.74
2014,7,NC,Final,"397,788","4,424,894","657,943",8.99
2014,7,ND,Final,"39,508","430,813","67,957",9.17
2014,7,NE,Final,"81,527","851,441","151,749",9.58
2014,7,NH,Final,"56,061","403,146","105,495",13.91
2014,7,NJ,Final,"506,499","3,731,897","515,819",13.57
2014,7,NM,Final,"100,111","883,368","140,195",11.33
2014,7,NV,Final,"95,153","968,346","160,141",9.83
2014,7,NY,Final,"1,203,804","7,175,531","1,044,037",16.78
2014,7,OH,Final,"421,433","4,219,590","619,821",9.99
2014,7,OK,Final,"166,918","1,868,070","276,208",8.94
2014,7,OR,Final,"130,155","1,481,951","228,436",8.78
2014,7,PA,Final,"373,403","3,925,532","691,219",9.51
2014,7,RI,Final,"49,102","362,762","58,335",13.54
2014,7,SC,Final,"220,120","2,099,485","350,301",10.48
2014,7,SD,Final,"36,148","390,172","69,452",9.26
2014,7,TN,Final,"338,049","3,142,049","472,698",10.76
2014,7,TX,Final,"1,093,809","13,270,061","1,443,105",8.24
2014,7,UT,Final,"97,176","1,101,440","118,165",8.82
2014,7,VA,Final,"366,342","4,359,405","423,035",8.4
2014,7,VT,Final,"26,837","182,981","52,512",14.67
2014,7,WA,Final,"192,599","2,414,799","361,973",7.98
2014,7,WI,Final,"235,805","2,112,261","346,694",11.16
2014,7,WV,Final,"53,555","693,292","140,821",7.72
2014,7,WY,Final,"30,063","333,002","58,575",9.03
2014,6,AK,Final,"38,287","213,382","51,243",17.94
2014,6,AL,Final,"227,749","2,073,532","359,019",10.98
2014,6,AR,Final,"89,527","1,059,133","188,442",8.45
2014,6,AZ,Final,"299,462","2,744,916","311,359",10.91
2014,6,CA,Final,"1,690,658","10,166,075","1,677,251",16.63
2014,6,CO,Final,"181,822","1,654,647","360,383",10.99
2014,6,CT,Final,"165,551","1,076,591","159,305",15.38
2014,6,DC,Final,"89,623","763,317","26,422",11.74
2014,6,DE,Final,"39,374","380,136","52,237",10.36
2014,6,FL,Final,"812,204","8,254,619","1,176,058",9.84
2014,6,GA,Final,"447,816","4,191,007","549,167",10.69
2014,6,HI,Final,"92,071","262,111","60,886",35.13
2014,6,IA,Final,"95,748","1,046,418","223,609",9.15
2014,6,ID,Final,"40,251","500,571","104,313",8.04
2014,6,IL,Final,"412,250","4,364,200","600,168",9.45
2014,6,IN,Final,"209,814","2,133,179","348,664",9.84
2014,6,KS,Final,"142,987","1,383,267","224,533",10.34
2014,6,KY,Final,"162,671","1,705,881","296,957",9.54
2014,6,LA,Final,"202,622","2,181,639","297,229",9.29
2014,6,MA,Final,"315,628","2,200,221","390,372",14.35
2014,6,MD,Final,"291,433","2,733,923","248,227",10.66
2014,6,ME,Final,"38,979","317,850","91,411",12.26
2014,6,MI,Final,"377,025","3,350,469","518,756",11.25
2014,6,MN,Final,"203,755","1,935,822","284,877",10.53
2014,6,MO,Final,"279,292","2,706,430","371,668",10.32
2014,6,MS,Final,"135,586","1,259,674","229,294",10.76
2014,6,MT,Final,"37,412","386,968","103,007",9.67
2014,6,NC,Final,"381,960","4,292,524","653,370",8.9
2014,6,ND,Final,"37,874","398,295","67,631",9.51
2014,6,NE,Final,"72,093","789,241","150,707",9.13
2014,6,NH,Final,"50,541","356,838","105,901",14.16
2014,6,NJ,Final,"452,316","3,335,812","515,472",13.56
2014,6,NM,Final,"91,445","843,950","140,084",10.84
2014,6,NV,Final,"81,630","892,479","160,612",9.15
2014,6,NY,Final,"1,042,104","6,355,475","1,045,107",16.4
2014,6,OH,Final,"421,040","4,228,438","619,618",9.96
2014,6,OK,Final,"162,969","1,901,210","273,645",8.57
2014,6,OR,Final,"113,431","1,305,319","227,802",8.69
2014,6,PA,Final,"347,611","3,650,429","690,812",9.52
2014,6,RI,Final,"41,652","316,150","58,380",13.17
2014,6,SC,Final,"211,478","2,006,867","348,002",10.54
2014,6,SD,Final,"33,539","362,721","69,092",9.25
2014,6,TN,Final,"319,750","2,962,880","472,248",10.79
2014,6,TX,Final,"1,038,979","12,571,521","1,414,573",8.26
2014,6,UT,Final,"88,940","946,521","118,022",9.4
2014,6,VA,Final,"346,254","4,297,883","422,449",8.06
2014,6,VT,Final,"24,931","167,981","52,445",14.84
2014,6,WA,Final,"182,675","2,374,741","356,717",7.69
2014,6,WI,Final,"227,709","2,012,702","345,493",11.31
2014,6,WV,Final,"54,920","699,274","140,702",7.85
2014,6,WY,Final,"28,301","307,302","56,279",9.21
2014,5,AK,Final,"38,160","216,606","51,313",17.62
2014,5,AL,Final,"204,059","1,873,741","359,800",10.89
2014,5,AR,Final,"73,287","900,619","180,482",8.14
2014,5,AZ,Final,"270,341","2,553,548","311,118",10.59
2014,5,CA,Final,"1,425,949","9,731,089","1,676,590",14.65
2014,5,CO,Final,"166,638","1,635,540","359,756",10.19
2014,5,CT,Final,"151,560","1,008,029","149,746",15.04
2014,5,DC,Final,"87,388","717,509","26,474",12.18
2014,5,DE,Final,"33,738","326,478","52,182",10.33
2014,5,FL,Final,"784,735","8,016,520","1,177,180",9.79
2014,5,GA,Final,"397,473","3,900,547","550,649",10.19
2014,5,HI,Final,"94,589","272,558","61,030",34.7
2014,5,IA,Final,"84,080","988,399","224,253",8.51
2014,5,ID,Final,"37,439","484,706","104,353",7.72
2014,5,IL,Final,"380,898","4,030,686","598,437",9.45
2014,5,IN,Final,"193,272","1,943,642","348,361",9.94
2014,5,KS,Final,"129,897","1,264,868","225,493",10.27
2014,5,KY,Final,"149,315","1,550,344","296,870",9.63
2014,5,LA,Final,"183,645","1,906,756","297,084",9.63
2014,5,MA,Final,"273,718","2,002,265","401,201",13.67
2014,5,MD,Final,"256,810","2,446,395","248,246",10.5
2014,5,ME,Final,"37,519","313,505","91,236",11.97
2014,5,MI,Final,"330,844","3,046,328","522,935",10.86
2014,5,MN,Final,"175,535","1,807,756","283,140",9.71
2014,5,MO,Final,"236,499","2,511,923","371,364",9.42
2014,5,MS,Final,"119,714","1,104,818","229,754",10.84
2014,5,MT,Final,"37,058","385,246","102,835",9.62
2014,5,NC,Final,"342,649","3,968,586","654,178",8.63
2014,5,ND,Final,"37,075","411,576","67,504",9.01
2014,5,NE,Final,"65,627","761,505","150,958",8.62
2014,5,NH,Final,"48,524","342,260","105,768",14.18
2014,5,NJ,Final,"388,254","2,967,257","514,765",13.08
2014,5,NM,Final,"74,712","751,092","140,001",9.95
2014,5,NV,Final,"82,945","887,277","160,488",9.35
2014,5,NY,Final,"891,391","5,921,944","1,044,616",15.05
2014,5,OH,Final,"372,555","3,859,797","619,289",9.65
2014,5,OK,Final,"138,019","1,771,460","274,520",7.79
2014,5,OR,Final,"111,620","1,266,317","228,449",8.81
2014,5,PA,Final,"316,282","3,360,902","690,986",9.41
2014,5,RI,Final,"39,317","283,038","58,423",13.89
2014,5,SC,Final,"184,485","1,849,910","348,454",9.97
2014,5,SD,Final,"30,808","344,975","70,174",8.93
2014,5,TN,Final,"276,108","2,629,229","471,499",10.5
2014,5,TX,Final,"921,257","11,272,891","1,433,415",8.17
2014,5,UT,Final,"82,633","914,997","117,998",9.03
2014,5,VA,Final,"315,206","3,973,597","422,924",7.93
2014,5,VT,Final,"23,338","156,918","52,305",14.87
2014,5,WA,Final,"176,256","2,212,825","361,177",7.97
2014,5,WI,Final,"199,946","1,840,166","345,818",10.87
2014,5,WV,Final,"51,727","639,901","140,478",8.08
2014,5,WY,Final,"30,522","336,707","58,272",9.06
2014,4,AK,Final,"36,074","222,778","48,332",16.19
2014,4,AL,Final,"178,878","1,705,872","359,634",10.49
2014,4,AR,Final,"68,011","852,796","180,745",7.98
2014,4,AZ,Final,"220,274","2,236,391","311,067",9.85
2014,4,CA,Final,"1,261,762","9,435,822","1,677,231",13.37
2014,4,CO,Final,"156,492","1,567,983","359,318",9.98
2014,4,CT,Final,"152,885","983,161","150,305",15.55
2014,4,DC,Final,"78,335","660,477","26,540",11.86
2014,4,DE,Final,"35,890","325,152","52,046",11.04
2014,4,FL,Final,"719,384","7,344,325","1,175,212",9.8
2014,4,GA,Final,"355,729","3,497,869","550,265",10.17
2014,4,HI,Final,"87,102","255,531","60,925",34.09
2014,4,IA,Final,"83,162","959,560","221,796",8.67
2014,4,ID,Final,"36,132","468,188","104,057",7.72
2014,4,IL,Final,"352,611","3,809,793","598,363",9.26
2014,4,IN,Final,"181,336","1,811,592","348,347",10.01
2014,4,KS,Final,"112,771","1,107,835","225,097",10.18
2014,4,KY,Final,"138,348","1,403,383","296,823",9.86
2014,4,LA,Final,"174,003","1,781,824","296,307",9.77
2014,4,MA,Final,"285,791","2,001,235","400,412",14.28
2014,4,MD,Final,"244,105","2,252,092","248,180",10.84
2014,4,ME,Final,"36,666","296,482","90,992",12.37
2014,4,MI,Final,"310,275","2,843,318","518,806",10.91
2014,4,MN,Final,"171,005","1,770,615","283,991",9.66
2014,4,MO,Final,"185,626","2,238,360","371,194",8.29
2014,4,MS,Final,"112,043","1,032,131","229,630",10.86
2014,4,MT,Final,"37,283","390,741","102,984",9.54
2014,4,NC,Final,"313,786","3,590,909","653,246",8.74
2014,4,ND,Final,"37,244","430,533","67,247",8.65
2014,4,NE,Final,"61,485","728,441","150,163",8.44
2014,4,NH,Final,"50,613","355,138","105,529",14.25
2014,4,NJ,Final,"377,894","2,892,981","509,674",13.06
2014,4,NM,Final,"66,685","685,453","139,607",9.73
2014,4,NV,Final,"66,565","694,577","159,080",9.58
2014,4,NY,Final,"878,609","5,894,033","1,043,964",14.91
2014,4,OH,Final,"339,961","3,441,360","619,390",9.88
2014,4,OK,Final,"117,863","1,534,611","274,143",7.68
2014,4,OR,Final,"109,252","1,247,178","227,767",8.76
2014,4,PA,Final,"320,979","3,336,837","689,815",9.62
2014,4,RI,Final,"39,759","274,531","58,174",14.48
2014,4,SC,Final,"161,582","1,564,759","348,128",10.33
2014,4,SD,Final,"31,438","360,789","68,431",8.71
2014,4,TN,Final,"268,375","2,527,031","471,205",10.62
2014,4,TX,Final,"835,615","10,173,132","1,428,455",8.21
2014,4,UT,Final,"69,357","844,997","117,922",8.21
2014,4,VA,Final,"274,133","3,448,955","422,571",7.95
2014,4,VT,Final,"23,130","157,795","52,065",14.66
2014,4,WA,Final,"187,637","2,314,215","357,081",8.11
2014,4,WI,Final,"197,143","1,844,599","345,041",10.69
2014,4,WV,Final,"46,620","551,096","140,298",8.46
2014,4,WY,Final,"27,308","309,694","57,645",8.82
2014,3,AK,Final,"38,759","236,622","50,631",16.38
2014,3,AL,Final,"186,464","1,713,109","359,287",10.88
2014,3,AR,Final,"69,361","896,901","179,974",7.73
2014,3,AZ,Final,"203,438","2,178,258","310,855",9.34
2014,3,CA,Final,"1,209,627","9,091,760","1,675,539",13.3
2014,3,CO,Final,"156,580","1,625,078","358,895",9.64
2014,3,CT,Final,"169,042","1,035,132","150,327",16.33
2014,3,DC,Final,"83,811","690,006","26,549",12.15
2014,3,DE,Final,"37,607","345,918","51,949",10.87
2014,3,FL,Final,"700,828","7,002,267","1,174,637",10.01
2014,3,GA,Final,"369,590","3,542,159","549,484",10.43
2014,3,HI,Final,"90,292","253,822","60,530",35.57
2014,3,IA,Final,"87,146","1,022,357","222,098",8.52
2014,3,ID,Final,"37,175","489,127","104,119",7.6
2014,3,IL,Final,"397,767","4,242,614","601,943",9.38
2014,3,IN,Final,"193,679","1,967,590","348,335",9.84
2014,3,KS,Final,"118,016","1,175,500","224,957",10.04
2014,3,KY,Final,"146,529","1,528,196","296,899",9.59
2014,3,LA,Final,"166,887","1,821,607","295,795",9.16
2014,3,MA,Final,"336,149","2,167,258","397,833",15.51
2014,3,MD,Final,"277,240","2,461,209","247,947",11.26
2014,3,ME,Final,"45,902","329,492","90,503",13.93
2014,3,MI,Final,"332,993","3,094,014","520,395",10.76
2014,3,MN,Final,"191,840","1,925,483","281,399",9.96
2014,3,MO,Final,"196,641","2,432,001","371,095",8.09
2014,3,MS,Final,"114,293","1,048,536","229,245",10.9
2014,3,MT,Final,"40,118","422,277","102,886",9.5
2014,3,NC,Final,"329,350","3,711,440","652,194",8.87
2014,3,ND,Final,"41,010","476,166","66,946",8.61
2014,3,NE,Final,"64,697","763,266","150,090",8.48
2014,3,NH,Final,"54,324","356,101","105,322",15.26
2014,3,NJ,Final,"448,048","3,260,803","506,826",13.74
2014,3,NM,Final,"66,444","675,052","139,537",9.84
2014,3,NV,Final,"67,626","702,039","159,720",9.63
2014,3,NY,Final,"1,049,360","6,231,001","1,042,540",16.84
2014,3,OH,Final,"374,040","3,838,350","618,131",9.74
2014,3,OK,Final,"120,298","1,568,579","274,207",7.67
2014,3,OR,Final,"115,692","1,308,407","233,933",8.84
2014,3,PA,Final,"371,400","3,679,823","689,899",10.09
2014,3,RI,Final,"49,095","311,631","58,430",15.75
2014,3,SC,Final,"172,524","1,680,691","347,573",10.27
2014,3,SD,Final,"33,449","385,474","69,403",8.68
2014,3,TN,Final,"275,920","2,539,592","471,039",10.86
2014,3,TX,Final,"851,818","10,200,148","1,431,339",8.35
2014,3,UT,Final,"71,402","871,650","117,789",8.19
2014,3,VA,Final,"313,552","3,969,474","421,888",7.9
2014,3,VT,Final,"25,154","171,703","52,584",14.65
2014,3,WA,Final,"203,747","2,509,959","359,886",8.12
2014,3,WI,Final,"209,290","2,011,644","343,808",10.4
2014,3,WV,Final,"54,077","660,506","140,142",8.19
2014,3,WY,Final,"30,116","346,093","58,103",8.7
2014,2,AK,Final,"38,461","238,215","50,437",16.15
2014,2,AL,Final,"185,291","1,716,488","358,755",10.79
2014,2,AR,Final,"69,283","925,713","179,744",7.48
2014,2,AZ,Final,"187,738","1,974,982","310,238",9.51
2014,2,CA,Final,"1,151,776","8,700,589","1,613,783",13.24
2014,2,CO,Final,"144,548","1,513,424","357,638",9.55
2014,2,CT,Final,"177,666","1,072,713","150,717",16.56
2014,2,DC,Final,"82,175","643,704","26,459",12.77
2014,2,DE,Final,"39,725","325,202","51,915",12.22
2014,2,FL,Final,"678,344","6,693,707","1,171,126",10.13
2014,2,GA,Final,"364,425","3,459,079","548,509",10.54
2014,2,HI,Final,"84,253","245,740","60,420",34.29
2014,2,IA,Final,"85,717","1,064,019","221,635",8.06
2014,2,ID,Final,"36,252","486,050","104,021",7.46
2014,2,IL,Final,"373,015","4,023,845","599,507",9.27
2014,2,IN,Final,"190,699","1,912,678","347,167",9.97
2014,2,KS,Final,"113,137","1,193,686","224,458",9.48
2014,2,KY,Final,"144,244","1,541,133","296,921",9.36
2014,2,LA,Final,"173,443","1,930,140","295,337",8.99
2014,2,MA,Final,"348,515","2,186,820","399,816",15.94
2014,2,MD,Final,"263,496","2,221,530","248,125",11.86
2014,2,ME,Final,"45,449","318,852","89,986",14.25
2014,2,MI,Final,"310,091","2,923,116","521,121",10.61
2014,2,MN,Final,"175,487","1,807,222","283,074",9.71
2014,2,MO,Final,"196,219","2,474,936","370,429",7.93
2014,2,MS,Final,"119,648","1,127,906","228,984",10.61
2014,2,MT,Final,"37,651","409,026","102,685",9.21
2014,2,NC,Final,"309,631","3,451,778","651,541",8.97
2014,2,ND,Final,"40,939","478,403","66,681",8.56
2014,2,NE,Final,"64,353","784,957","149,574",8.2
2014,2,NH,Final,"61,167","395,486","105,341",15.47
2014,2,NJ,Final,"422,226","3,080,277","503,140",13.71
2014,2,NM,Final,"62,622","642,078","139,181",9.75
2014,2,NV,Final,"61,125","643,246","159,932",9.5
2014,2,NY,Final,"1,117,208","6,390,265","1,044,401",17.48
2014,2,OH,Final,"365,340","3,734,703","618,277",9.78
2014,2,OK,Final,"118,071","1,481,778","273,245",7.97
2014,2,OR,Final,"116,428","1,316,113","233,958",8.85
2014,2,PA,Final,"390,797","3,711,757","689,164",10.53
2014,2,RI,Final,"47,250","269,074","58,579",17.56
2014,2,SC,Final,"155,907","1,514,378","347,385",10.3
2014,2,SD,Final,"33,594","383,940","69,261",8.75
2014,2,TN,Final,"282,734","2,782,462","470,448",10.16
2014,2,TX,Final,"826,626","10,282,524","1,412,814",8.04
2014,2,UT,Final,"64,325","787,062","117,654",8.17
2014,2,VA,Final,"273,213","3,495,230","421,735",7.82
2014,2,VT,Final,"23,582","163,112","52,164",14.46
2014,2,WA,Final,"202,316","2,523,445","355,044",8.02
2014,2,WI,Final,"204,998","1,942,573","344,369",10.55
2014,2,WV,Final,"50,938","622,737","140,115",8.18
2014,2,WY,Final,"29,592","344,748","57,916",8.58
2014,1,AK,Final,"40,228","250,066","50,532",16.09
2014,1,AL,Final,"213,764","1,999,474","358,783",10.69
2014,1,AR,Final,"69,914","949,835","179,990",7.36
2014,1,AZ,Final,"198,476","2,100,774","310,267",9.45
2014,1,CA,Final,"1,231,851","9,425,877","1,676,252",13.07
2014,1,CO,Final,"151,866","1,639,048","358,303",9.27
2014,1,CT,Final,"186,339","1,129,340","150,472",16.5
2014,1,DC,Final,"93,387","736,898","26,558",12.67
2014,1,DE,Final,"40,125","370,400","51,712",10.83
2014,1,FL,Final,"686,238","7,135,054","1,160,645",9.62
2014,1,GA,Final,"434,709","4,002,609","548,242",10.86
2014,1,HI,Final,"87,809","252,283","60,553",34.81
2014,1,IA,Final,"89,245","1,127,970","222,267",7.91
2014,1,ID,Final,"40,736","560,121","104,099",7.27
2014,1,IL,Final,"416,443","4,641,133","598,321",8.97
2014,1,IN,Final,"201,460","2,107,229","348,598",9.56
2014,1,KS,Final,"120,914","1,285,471","224,716",9.41
2014,1,KY,Final,"157,744","1,758,718","297,109",8.97
2014,1,LA,Final,"172,189","1,983,387","295,484",8.68
2014,1,MA,Final,"348,337","2,240,407","394,900",15.55
2014,1,MD,Final,"288,440","2,646,600","248,038",10.9
2014,1,ME,Final,"50,022","351,580","89,980",14.23
2014,1,MI,Final,"333,494","3,218,403","522,091",10.36
2014,1,MN,Final,"186,229","1,983,131","284,212",9.39
2014,1,MO,Final,"207,401","2,681,171","370,740",7.74
2014,1,MS,Final,"116,181","1,117,452","228,985",10.4
2014,1,MT,Final,"41,658","448,336","102,310",9.29
2014,1,NC,Final,"350,955","4,084,707","650,707",8.59
2014,1,ND,Final,"40,784","507,658","67,640",8.03
2014,1,NE,Final,"66,738","820,579","150,125",8.13
2014,1,NH,Final,"58,820","393,406","105,291",14.95
2014,1,NJ,Final,"443,628","3,235,599","492,698",13.71
2014,1,NM,Final,"65,137","689,502","139,218",9.45
2014,1,NV,Final,"64,506","682,582","159,544",9.45
2014,1,NY,Final,"1,055,511","6,434,845","1,046,480",16.4
2014,1,OH,Final,"390,289","4,181,116","618,706",9.33
2014,1,OK,Final,"117,144","1,559,929","273,513",7.51
2014,1,OR,Final,"119,031","1,385,020","235,016",8.59
2014,1,PA,Final,"406,010","3,893,811","689,672",10.43
2014,1,RI,Final,"50,825","326,412","58,211",15.57
2014,1,SC,Final,"194,244","1,909,914","347,321",10.17
2014,1,SD,Final,"35,239","422,149","69,238",8.35
2014,1,TN,Final,"284,753","2,841,462","470,723",10.02
2014,1,TX,Final,"899,515","11,215,845","1,424,044",8.02
2014,1,UT,Final,"70,505","925,701","117,738",7.62
2014,1,VA,Final,"335,461","4,208,517","421,415",7.97
2014,1,VT,Final,"25,192","177,254","52,238",14.21
2014,1,WA,Final,"205,994","2,603,071","358,454",7.91
2014,1,WI,Final,"214,047","2,089,309","345,887",10.24
2014,1,WV,Final,"60,192","779,779","140,063",7.72
2014,1,WY,Final,"29,893","354,991","58,084",8.42
2013,12,AK,Final,"43,297","259,213","49,206",16.7
2013,12,AL,Final,"183,911","1,787,010","359,957",10.29
2013,12,AR,Final,"71,686","901,139","183,632",7.96
2013,12,AZ,Final,"201,879","2,200,897","310,730",9.17
2013,12,CA,Final,"1,168,544","9,458,930","1,695,210",12.35
2013,12,CO,Final,"157,985","1,663,291","355,990",9.5
2013,12,CT,Final,"158,653","1,077,174","150,533",14.73
2013,12,DC,Final,"82,013","687,718","26,409",11.93
2013,12,DE,Final,"35,366","338,595","51,677",10.44
2013,12,FL,Final,"689,131","7,303,195","1,192,063",9.44
2013,12,GA,Final,"352,747","3,557,390","556,870",9.92
2013,12,HI,Final,"97,751","290,225","60,902",33.68
2013,12,IA,Final,"87,040","1,085,266","222,379",8.02
2013,12,ID,Final,"41,754","566,439","103,939",7.37
2013,12,IL,Final,"342,419","4,388,632","598,186",7.8
2013,12,IN,Final,"194,296","2,043,347","346,904",9.51
2013,12,KS,Final,"114,421","1,228,091","225,733",9.32
2013,12,KY,Final,"135,755","1,531,381","295,423",8.86
2013,12,LA,Final,"166,207","1,887,175","282,305",8.81
2013,12,MA,Final,"239,761","1,459,930","392,517",16.42
2013,12,MD,Final,"272,493","2,518,783","247,161",10.82
2013,12,ME,Final,"45,078","347,275","89,742",12.98
2013,12,MI,Final,"342,603","3,196,460","520,983",10.72
2013,12,MN,Final,"174,000","1,950,700","281,410",8.92
2013,12,MO,Final,"196,359","2,562,402","369,368",7.66
2013,12,MS,Final,"112,313","1,065,717","229,553",10.54
2013,12,MT,Final,"40,411","427,395","101,513",9.46
2013,12,NC,Final,"314,123","3,544,306","656,699",8.86
2013,12,ND,Final,"47,820","579,031","67,157",8.26
2013,12,NE,Final,"66,327","810,902","149,335",8.18
2013,12,NH,Final,"53,715","375,758","105,377",14.3
2013,12,NJ,Final,"375,772","3,071,832","488,081",12.23
2013,12,NM,Final,"66,199","708,900","137,947",9.34
2013,12,NV,Final,"67,633","717,196","158,741",9.43
2013,12,NY,Final,"907,476","6,280,512","1,042,307",14.45
2013,12,OH,Final,"346,127","3,822,505","613,601",9.06
2013,12,OK,Final,"117,694","1,600,335","273,326",7.35
2013,12,OR,Final,"121,840","1,421,364","234,647",8.57
2013,12,PA,Final,"337,646","3,673,971","690,751",9.19
2013,12,RI,Final,"49,812","296,017","58,014",16.83
2013,12,SC,Final,"158,428","1,588,475","321,440",9.97
2013,12,SD,Final,"33,862","410,390","69,486",8.25
2013,12,TN,Final,"262,118","2,669,789","467,811",9.82
2013,12,TX,Final,"858,703","10,736,864","1,411,829",8
2013,12,UT,Final,"72,045","941,971","116,327",7.65
2013,12,VA,Final,"304,118","3,870,112","423,917",7.86
2013,12,VT,Final,"25,095","169,000","51,998",14.85
2013,12,WA,Final,"207,876","2,626,794","359,196",7.91
2013,12,WI,Final,"205,187","2,042,160","342,846",10.05
2013,12,WV,Final,"49,478","638,280","139,987",7.75
2013,12,WY,Final,"31,984","382,171","57,855",8.37
2013,11,AK,Final,"38,534","234,904","49,246",16.4
2013,11,AL,Final,"177,434","1,697,586","359,691",10.45
2013,11,AR,Final,"70,986","903,747","183,577",7.85
2013,11,AZ,Final,"208,407","2,260,008","309,884",9.22
2013,11,CA,Final,"1,196,944","8,823,213","1,604,113",13.57
2013,11,CO,Final,"156,516","1,603,841","353,392",9.76
2013,11,CT,Final,"142,982","970,745","150,409",14.73
2013,11,DC,Final,"77,901","641,832","26,613",12.14
2013,11,DE,Final,"34,136","330,689","51,803",10.32
2013,11,FL,Final,"698,095","7,267,459","1,191,342",9.61
2013,11,GA,Final,"348,728","3,479,977","556,761",10.02
2013,11,HI,Final,"94,287","272,489","60,617",34.6
2013,11,IA,Final,"82,585","1,029,999","222,575",8.02
2013,11,ID,Final,"36,981","492,684","103,850",7.51
2013,11,IL,Final,"311,403","3,872,093","597,360",8.04
2013,11,IN,Final,"179,934","1,853,663","346,793",9.71
2013,11,KS,Final,"109,449","1,170,989","225,675",9.35
2013,11,KY,Final,"129,824","1,473,338","295,222",8.81
2013,11,LA,Final,"167,386","1,905,154","282,222",8.79
2013,11,MA,Final,"192,694","1,383,544","390,820",13.93
2013,11,MD,Final,"241,219","2,245,631","247,166",10.74
2013,11,ME,Final,"36,832","314,417","87,649",11.71
2013,11,MI,Final,"318,809","2,930,934","519,716",10.88
2013,11,MN,Final,"170,639","1,873,609","281,885",9.11
2013,11,MO,Final,"187,703","2,372,786","369,345",7.91
2013,11,MS,Final,"114,683","1,121,134","229,491",10.23
2013,11,MT,Final,"39,213","407,719","100,748",9.62
2013,11,NC,Final,"317,614","3,681,387","657,127",8.63
2013,11,ND,Final,"42,775","524,967","67,100",8.15
2013,11,NE,Final,"61,419","743,071","149,305",8.27
2013,11,NH,Final,"45,777","340,333","105,351",13.45
2013,11,NJ,Final,"365,723","2,982,932","488,801",12.26
2013,11,NM,Final,"64,740","695,873","137,317",9.3
2013,11,NV,Final,"64,738","669,933","156,773",9.66
2013,11,NY,Final,"807,326","5,866,067","1,039,922",13.76
2013,11,OH,Final,"338,921","3,638,300","613,766",9.32
2013,11,OK,Final,"113,694","1,600,898","273,030",7.1
2013,11,OR,Final,"116,311","1,321,154","234,658",8.8
2013,11,PA,Final,"305,608","3,334,741","690,151",9.16
2013,11,RI,Final,"38,551","291,869","58,467",13.21
2013,11,SC,Final,"162,470","1,610,725","321,240",10.09
2013,11,SD,Final,"31,464","372,622","68,917",8.44
2013,11,TN,Final,"245,350","2,522,957","468,598",9.72
2013,11,TX,Final,"811,351","10,267,968","1,382,313",7.9
2013,11,UT,Final,"67,006","839,683","115,979",7.98
2013,11,VA,Final,"313,663","3,845,751","423,895",8.16
2013,11,VT,Final,"24,015","161,874","51,744",14.84
2013,11,WA,Final,"187,509","2,353,093","361,052",7.97
2013,11,WI,Final,"194,393","1,829,760","341,546",10.62
2013,11,WV,Final,"52,061","633,828","140,135",8.21
2013,11,WY,Final,"27,991","320,509","58,072",8.73
2013,10,AK,Final,"36,282","227,515","49,408",15.95
2013,10,AL,Final,"199,764","1,873,557","359,960",10.66
2013,10,AR,Final,"82,880","1,049,662","183,629",7.9
2013,10,AZ,Final,"235,511","2,371,894","309,900",9.93
2013,10,CA,Final,"1,498,842","10,254,180","1,710,212",14.62
2013,10,CO,Final,"162,502","1,615,375","356,229",10.06
2013,10,CT,Final,"148,136","1,012,564","150,474",14.63
2013,10,DC,Final,"83,696","688,747","26,560",12.15
2013,10,DE,Final,"34,334","339,742","51,834",10.11
2013,10,FL,Final,"756,780","8,075,897","1,181,062",9.37
2013,10,GA,Final,"369,472","3,769,801","556,305",9.8
2013,10,HI,Final,"99,429","289,853","60,628",34.3
2013,10,IA,Final,"88,310","1,039,161","222,945",8.5
2013,10,ID,Final,"39,043","509,808","103,865",7.66
2013,10,IL,Final,"344,051","4,165,014","595,805",8.26
2013,10,IN,Final,"195,845","2,002,281","347,176",9.78
2013,10,KS,Final,"121,020","1,259,305","225,306",9.61
2013,10,KY,Final,"142,374","1,615,019","295,304",8.82
2013,10,LA,Final,"194,302","2,168,909","282,698",8.96
2013,10,MA,Final,"193,751","1,419,104","393,167",13.65
2013,10,MD,Final,"253,817","2,301,747","247,024",11.03
2013,10,ME,Final,"39,996","350,404","89,965",11.41
2013,10,MI,Final,"349,015","3,148,229","520,807",11.09
2013,10,MN,Final,"172,799","1,863,628","282,476",9.27
2013,10,MO,Final,"198,772","2,471,398","369,570",8.04
2013,10,MS,Final,"127,909","1,257,325","229,413",10.17
2013,10,MT,Final,"39,908","415,782","101,557",9.6
2013,10,NC,Final,"355,971","3,947,821","657,003",9.02
2013,10,ND,Final,"39,341","455,979","68,027",8.63
2013,10,NE,Final,"68,867","805,336","149,555",8.55
2013,10,NH,Final,"46,873","351,932","105,656",13.32
2013,10,NJ,Final,"388,701","3,117,910","496,144",12.47
2013,10,NM,Final,"67,704","708,205","137,707",9.56
2013,10,NV,Final,"71,252","727,516","160,279",9.79
2013,10,NY,Final,"940,877","6,126,683","1,042,430",15.36
2013,10,OH,Final,"364,618","3,907,665","614,246",9.33
2013,10,OK,Final,"129,561","1,623,061","272,803",7.98
2013,10,OR,Final,"118,216","1,320,293","234,920",8.95
2013,10,PA,Final,"313,860","3,441,143","689,786",9.12
2013,10,RI,Final,"35,777","304,057","58,174",11.77
2013,10,SC,Final,"170,304","1,778,169","320,957",9.58
2013,10,SD,Final,"32,820","379,932","69,431",8.64
2013,10,TN,Final,"268,047","2,779,964","468,985",9.64
2013,10,TX,Final,"970,305","12,133,629","1,394,572",8
2013,10,UT,Final,"75,595","871,706","115,891",8.67
2013,10,VA,Final,"324,820","3,990,961","423,616",8.14
2013,10,VT,Final,"24,657","164,143","51,844",15.02
2013,10,WA,Final,"191,945","2,455,894","363,804",7.82
2013,10,WI,Final,"213,112","1,975,829","341,966",10.79
2013,10,WV,Final,"52,425","656,181","139,859",7.99
2013,10,WY,Final,"29,800","326,712","58,347",9.12
2013,9,AK,Final,"34,930","225,666","49,325",15.48
2013,9,AL,Final,"224,219","2,120,929","359,325",10.57
2013,9,AR,Final,"94,789","1,162,563","183,387",8.15
2013,9,AZ,Final,"284,127","2,776,625","309,239",10.23
2013,9,CA,Final,"1,647,210","10,319,304","1,625,451",15.96
2013,9,CO,Final,"179,229","1,747,365","355,171",10.26
2013,9,CT,Final,"164,226","1,133,811","150,402",14.48
2013,9,DC,Final,"82,799","692,327","26,535",11.96
2013,9,DE,Final,"34,399","343,801","51,822",10.01
2013,9,FL,Final,"790,203","8,417,158","1,178,494",9.39
2013,9,GA,Final,"410,729","4,093,352","555,625",10.03
2013,9,HI,Final,"92,952","282,079","60,605",32.95
2013,9,IA,Final,"91,752","1,047,282","222,478",8.76
2013,9,ID,Final,"37,981","502,755","103,718",7.55
2013,9,IL,Final,"343,656","4,288,781","596,841",8.01
2013,9,IN,Final,"201,553","2,090,843","346,718",9.64
2013,9,KS,Final,"134,925","1,385,091","225,080",9.74
2013,9,KY,Final,"164,861","1,958,431","295,448",8.42
2013,9,LA,Final,"210,313","2,361,717","282,568",8.91
2013,9,MA,Final,"210,861","1,513,505","390,140",13.93
2013,9,MD,Final,"267,807","2,420,564","247,225",11.06
2013,9,ME,Final,"37,705","330,255","90,069",11.42
2013,9,MI,Final,"343,606","3,132,022","521,715",10.97
2013,9,MN,Final,"195,126","1,972,191","281,729",9.89
2013,9,MO,Final,"239,930","2,678,472","369,351",8.96
2013,9,MS,Final,"138,853","1,377,513","228,978",10.08
2013,9,MT,Final,"36,268","378,415","100,835",9.58
2013,9,NC,Final,"375,037","4,216,292","656,440",8.9
2013,9,ND,Final,"38,651","429,218","66,856",9
2013,9,NE,Final,"74,614","813,898","149,124",9.17
2013,9,NH,Final,"53,264","406,558","105,742",13.1
2013,9,NJ,Final,"425,015","3,158,638","492,070",13.46
2013,9,NM,Final,"77,005","773,984","137,324",9.95
2013,9,NV,Final,"76,265","819,433","159,029",9.31
2013,9,NY,Final,"1,140,917","6,864,584","1,040,207",16.62
2013,9,OH,Final,"367,541","3,909,482","613,874",9.4
2013,9,OK,Final,"150,583","1,781,187","272,368",8.45
2013,9,OR,Final,"114,869","1,327,381","234,770",8.65
2013,9,PA,Final,"334,527","3,626,047","689,490",9.23
2013,9,RI,Final,"40,060","312,882","58,561",12.8
2013,9,SC,Final,"192,725","1,901,490","320,214",10.14
2013,9,SD,Final,"36,612","413,290","69,323",8.86
2013,9,TN,Final,"315,212","3,160,923","469,098",9.97
2013,9,TX,Final,"1,035,145","13,206,869","1,366,313",7.84
2013,9,UT,Final,"85,253","948,458","115,626",8.99
2013,9,VA,Final,"324,909","3,982,880","423,305",8.16
2013,9,VT,Final,"24,224","165,343","51,900",14.65
2013,9,WA,Final,"192,323","2,491,630","362,325",7.72
2013,9,WI,Final,"218,227","1,976,395","342,947",11.04
2013,9,WV,Final,"52,068","646,642","139,650",8.05
2013,9,WY,Final,"28,030","321,404","58,239",8.72
2013,8,AK,Final,"36,167","234,707","49,229",15.41
2013,8,AL,Final,"235,627","2,206,567","358,660",10.68
2013,8,AR,Final,"97,030","1,182,581","183,324",8.21
2013,8,AZ,Final,"321,642","3,096,130","311,745",10.39
2013,8,CA,Final,"1,837,409","11,046,901","1,732,503",16.63
2013,8,CO,Final,"193,782","1,863,924","361,511",10.4
2013,8,CT,Final,"176,901","1,238,820","150,553",14.28
2013,8,DC,Final,"99,056","829,628","26,522",11.94
2013,8,DE,Final,"37,569","366,914","52,123",10.24
2013,8,FL,Final,"816,166","8,846,594","1,170,371",9.23
2013,8,GA,Final,"447,009","4,398,144","555,460",10.16
2013,8,HI,Final,"98,272","292,652","60,572",33.58
2013,8,IA,Final,"109,247","1,157,518","221,930",9.44
2013,8,ID,Final,"44,370","572,911","103,532",7.74
2013,8,IL,Final,"391,437","4,646,543","595,903",8.42
2013,8,IN,Final,"221,028","2,298,828","346,801",9.61
2013,8,KS,Final,"148,896","1,493,272","225,116",9.97
2013,8,KY,Final,"186,918","2,348,376","295,058",7.96
2013,8,LA,Final,"213,318","2,352,567","283,475",9.07
2013,8,MA,Final,"226,626","1,600,543","392,198",14.16
2013,8,MD,Final,"304,181","2,721,891","247,117",11.18
2013,8,ME,Final,"39,829","351,183","90,021",11.34
2013,8,MI,Final,"398,291","3,478,265","521,299",11.45
2013,8,MN,Final,"214,435","2,141,513","281,158",10.01
2013,8,MO,Final,"301,110","2,893,484","369,178",10.41
2013,8,MS,Final,"140,325","1,397,782","229,222",10.04
2013,8,MT,Final,"44,270","467,542","101,327",9.47
2013,8,NC,Final,"397,373","4,410,819","656,267",9.01
2013,8,ND,Final,"41,201","451,474","66,186",9.13
2013,8,NE,Final,"81,008","888,220","148,626",9.12
2013,8,NH,Final,"55,302","424,531","105,693",13.03
2013,8,NJ,Final,"497,933","3,602,306","473,368",13.82
2013,8,NM,Final,"93,171","861,706","139,992",10.81
2013,8,NV,Final,"82,187","896,766","158,738",9.16
2013,8,NY,Final,"1,195,603","7,300,010","1,042,353",16.38
2013,8,OH,Final,"408,547","4,322,303","614,168",9.45
2013,8,OK,Final,"167,377","2,040,088","272,129",8.2
2013,8,OR,Final,"122,106","1,427,488","234,442",8.55
2013,8,PA,Final,"357,103","3,849,637","689,507",9.28
2013,8,RI,Final,"37,493","299,817","58,350",12.51
2013,8,SC,Final,"206,903","2,091,807","320,022",9.89
2013,8,SD,Final,"37,806","421,022","70,098",8.98
2013,8,TN,Final,"326,374","3,192,340","468,988",10.22
2013,8,TX,Final,"1,090,871","13,664,829","1,370,434",7.98
2013,8,UT,Final,"95,064","1,110,810","117,147",8.56
2013,8,VA,Final,"351,792","4,353,609","423,783",8.08
2013,8,VT,Final,"27,475","189,736","51,946",14.48
2013,8,WA,Final,"194,065","2,528,642","360,018",7.67
2013,8,WI,Final,"247,635","2,183,235","341,654",11.34
2013,8,WV,Final,"54,318","663,737","139,676",8.18
2013,8,WY,Final,"31,182","362,562","58,323",8.6
2013,7,AK,Final,"35,322","223,671","49,325",15.79
2013,7,AL,Final,"229,280","2,167,617","358,947",10.58
2013,7,AR,Final,"95,295","1,155,013","183,275",8.25
2013,7,AZ,Final,"321,811","3,066,163","311,841",10.5
2013,7,CA,Final,"1,791,389","10,956,156","1,733,381",16.35
2013,7,CO,Final,"190,349","1,849,119","361,662",10.29
2013,7,CT,Final,"183,586","1,278,820","150,818",14.36
2013,7,DC,Final,"104,494","869,605","26,541",12.02
2013,7,DE,Final,"41,763","422,489","51,835",9.88
2013,7,FL,Final,"780,787","8,429,630","1,177,040",9.26
2013,7,GA,Final,"438,688","4,310,661","554,826",10.18
2013,7,HI,Final,"95,628","289,300","60,577",33.06
2013,7,IA,Final,"103,688","1,113,471","222,387",9.31
2013,7,ID,Final,"45,126","567,940","103,453",7.95
2013,7,IL,Final,"387,379","4,693,535","596,635",8.25
2013,7,IN,Final,"214,789","2,253,876","348,039",9.53
2013,7,KS,Final,"146,517","1,462,439","224,648",10.02
2013,7,KY,Final,"187,050","2,338,191","296,418",8
2013,7,LA,Final,"211,120","2,325,882","283,188",9.08
2013,7,MA,Final,"254,706","1,795,088","392,257",14.19
2013,7,MD,Final,"326,122","3,005,126","247,424",10.85
2013,7,ME,Final,"44,174","381,733","89,767",11.57
2013,7,MI,Final,"400,764","3,499,103","521,649",11.45
2013,7,MN,Final,"208,092","2,073,720","281,687",10.03
2013,7,MO,Final,"296,232","2,854,453","374,675",10.38
2013,7,MS,Final,"138,382","1,352,454","228,559",10.23
2013,7,MT,Final,"40,731","419,210","101,408",9.72
2013,7,NC,Final,"405,317","4,462,246","655,098",9.08
2013,7,ND,Final,"39,619","461,411","66,457",8.59
2013,7,NE,Final,"80,934","863,903","148,957",9.37
2013,7,NH,Final,"57,148","429,618","105,898",13.3
2013,7,NJ,Final,"532,193","3,866,807","487,578",13.76
2013,7,NM,Final,"91,980","866,408","139,899",10.62
2013,7,NV,Final,"86,018","953,268","158,741",9.02
2013,7,NY,Final,"1,230,904","7,350,699","1,043,936",16.75
2013,7,OH,Final,"413,572","4,405,522","615,626",9.39
2013,7,OK,Final,"157,275","1,868,361","271,867",8.42
2013,7,OR,Final,"125,029","1,446,767","234,663",8.64
2013,7,PA,Final,"374,683","4,052,194","689,704",9.25
2013,7,RI,Final,"45,472","401,966","58,339",11.31
2013,7,SC,Final,"208,676","2,071,053","319,615",10.08
2013,7,SD,Final,"36,941","411,359","70,092",8.98
2013,7,TN,Final,"328,799","3,207,772","471,669",10.25
2013,7,TX,Final,"1,087,614","13,491,837","1,362,338",8.06
2013,7,UT,Final,"82,771","975,247","116,858",8.49
2013,7,VA,Final,"370,038","4,571,113","423,414",8.1
2013,7,VT,Final,"26,840","185,606","51,951",14.46
2013,7,WA,Final,"197,287","2,549,974","363,417",7.74
2013,7,WI,Final,"244,025","2,185,659","341,665",11.16
2013,7,WV,Final,"58,575","743,865","139,757",7.87
2013,7,WY,Final,"28,541","333,459","58,031",8.56
2013,6,AK,Final,"34,411","219,023","49,149",15.71
2013,6,AL,Final,"223,480","2,056,202","357,957",10.87
2013,6,AR,Final,"87,917","1,061,539","182,792",8.28
2013,6,AZ,Final,"299,522","2,885,783","307,374",10.38
2013,6,CA,Final,"1,630,364","9,834,956","1,674,322",16.58
2013,6,CO,Final,"186,434","1,775,987","361,708",10.5
2013,6,CT,Final,"162,951","1,109,858","150,591",14.68
2013,6,DC,Final,"92,901","789,494","26,518",11.77
2013,6,DE,Final,"37,210","366,354","51,727",10.16
2013,6,FL,Final,"779,485","8,423,204","1,173,420",9.25
2013,6,GA,Final,"424,570","4,077,926","554,074",10.41
2013,6,HI,Final,"89,972","267,781","60,412",33.6
2013,6,IA,Final,"89,137","996,105","221,758",8.95
2013,6,ID,Final,"40,292","507,452","103,288",7.94
2013,6,IL,Final,"341,866","4,257,938","594,911",8.03
2013,6,IN,Final,"199,242","2,082,067","346,962",9.57
2013,6,KS,Final,"139,114","1,384,343","224,458",10.05
2013,6,KY,Final,"171,886","2,127,932","295,429",8.08
2013,6,LA,Final,"196,893","2,192,970","282,326",8.98
2013,6,MA,Final,"215,910","1,520,542","392,972",14.2
2013,6,MD,Final,"301,961","2,770,335","247,131",10.9
2013,6,ME,Final,"42,516","385,267","89,615",11.04
2013,6,MI,Final,"384,525","3,324,964","519,052",11.56
2013,6,MN,Final,"195,363","1,895,099","280,510",10.31
2013,6,MO,Final,"278,201","2,689,477","372,615",10.34
2013,6,MS,Final,"130,692","1,277,570","228,057",10.23
2013,6,MT,Final,"38,392","391,992","101,141",9.79
2013,6,NC,Final,"368,504","4,205,181","654,191",8.76
2013,6,ND,Final,"37,626","412,046","66,228",9.13
2013,6,NE,Final,"68,833","759,812","148,232",9.06
2013,6,NH,Final,"50,341","372,592","105,773",13.51
2013,6,NJ,Final,"463,203","3,371,811","485,293",13.74
2013,6,NM,Final,"90,301","879,263","139,713",10.27
2013,6,NV,Final,"76,301","896,689","158,807",8.51
2013,6,NY,Final,"1,040,021","6,478,037","1,041,568",16.05
2013,6,OH,Final,"389,414","4,076,917","613,245",9.55
2013,6,OK,Final,"158,423","1,894,341","271,279",8.36
2013,6,OR,Final,"111,662","1,279,690","234,265",8.73
2013,6,PA,Final,"334,904","3,656,073","689,052",9.16
2013,6,RI,Final,"39,046","320,069","58,367",12.2
2013,6,SC,Final,"200,139","1,943,107","319,084",10.3
2013,6,SD,Final,"31,868","360,333","69,610",8.84
2013,6,TN,Final,"304,622","2,944,721","468,815",10.34
2013,6,TX,Final,"998,607","12,347,670","1,361,247",8.09
2013,6,UT,Final,"90,921","992,323","116,478",9.16
2013,6,VA,Final,"338,929","4,205,999","422,395",8.06
2013,6,VT,Final,"25,726","173,310","51,783",14.84
2013,6,WA,Final,"169,695","2,218,849","358,626",7.65
2013,6,WI,Final,"215,163","1,954,354","341,665",11.01
2013,6,WV,Final,"55,143","688,060","139,249",8.01
2013,6,WY,Final,"26,872","307,010","57,792",8.75
2013,5,AK,Final,"35,660","227,044","49,241",15.71
2013,5,AL,Final,"193,946","1,856,349","358,516",10.45
2013,5,AR,Final,"75,250","926,715","182,672",8.12
2013,5,AZ,Final,"270,099","2,660,855","307,502",10.15
2013,5,CA,Final,"1,363,157","9,866,912","1,742,270",13.82
2013,5,CO,Final,"159,568","1,633,889","361,431",9.77
2013,5,CT,Final,"146,213","1,005,200","150,113",14.55
2013,5,DC,Final,"85,209","717,698","26,584",11.87
2013,5,DE,Final,"36,775","350,320","51,703",10.5
2013,5,FL,Final,"728,055","7,794,859","1,179,839",9.34
2013,5,GA,Final,"373,235","3,743,898","553,395",9.97
2013,5,HI,Final,"94,950","280,565","60,416",33.84
2013,5,IA,Final,"79,038","965,900","222,252",8.18
2013,5,ID,Final,"35,564","500,863","103,245",7.1
2013,5,IL,Final,"341,504","3,935,180","597,735",8.68
2013,5,IN,Final,"194,262","2,017,180","346,944",9.63
2013,5,KS,Final,"122,070","1,229,787","223,874",9.93
2013,5,KY,Final,"142,941","1,565,579","296,631",9.13
2013,5,LA,Final,"169,311","1,872,345","281,454",9.04
2013,5,MA,Final,"183,783","1,370,376","389,819",13.41
2013,5,MD,Final,"253,435","2,449,207","247,173",10.35
2013,5,ME,Final,"35,011","311,175","89,473",11.25
2013,5,MI,Final,"356,332","3,123,871","520,151",11.41
2013,5,MN,Final,"176,509","1,833,214","281,325",9.63
2013,5,MO,Final,"232,319","2,452,584","373,298",9.47
2013,5,MS,Final,"116,262","1,142,636","227,892",10.17
2013,5,MT,Final,"36,139","373,536","101,119",9.67
2013,5,NC,Final,"336,567","3,988,597","653,379",8.44
2013,5,ND,Final,"36,570","427,625","66,105",8.55
2013,5,NE,Final,"62,410","729,576","148,664",8.55
2013,5,NH,Final,"47,233","352,744","105,664",13.39
2013,5,NJ,Final,"390,648","3,081,792","485,441",12.68
2013,5,NM,Final,"71,305","746,925","139,447",9.55
2013,5,NV,Final,"70,095","800,309","158,778",8.76
2013,5,NY,Final,"846,964","5,826,305","1,039,351",14.54
2013,5,OH,Final,"371,804","3,944,991","614,656",9.42
2013,5,OK,Final,"128,657","1,663,598","270,989",7.73
2013,5,OR,Final,"114,840","1,316,459","235,017",8.72
2013,5,PA,Final,"316,943","3,364,238","689,278",9.42
2013,5,RI,Final,"34,951","289,819","58,504",12.06
2013,5,SC,Final,"169,780","1,760,666","318,873",9.64
2013,5,SD,Final,"30,552","354,789","69,564",8.61
2013,5,TN,Final,"262,919","2,641,378","470,103",9.95
2013,5,TX,Final,"899,121","10,975,231","1,358,069",8.19
2013,5,UT,Final,"81,250","922,317","116,344",8.81
2013,5,VA,Final,"315,495","3,971,507","422,366",7.94
2013,5,VT,Final,"24,455","160,822","51,578",15.21
2013,5,WA,Final,"178,837","2,325,342","363,525",7.69
2013,5,WI,Final,"203,157","1,890,008","341,875",10.75
2013,5,WV,Final,"53,346","621,767","139,644",8.58
2013,5,WY,Final,"27,896","318,070","57,828",8.77
2013,4,AK,Final,"36,857","233,216","48,912",15.8
2013,4,AL,Final,"175,558","1,702,449","358,834",10.31
2013,4,AR,Final,"70,501","882,982","182,628",7.98
2013,4,AZ,Final,"225,381","2,351,878","307,298",9.58
2013,4,CA,Final,"1,170,324","9,214,557","1,697,563",12.7
2013,4,CO,Final,"150,218","1,584,036","360,433",9.48
2013,4,CT,Final,"150,004","1,028,984","150,388",14.58
2013,4,DC,Final,"73,318","620,136","26,545",11.82
2013,4,DE,Final,"31,837","306,967","51,521",10.37
2013,4,FL,Final,"676,455","7,263,731","1,169,245",9.31
2013,4,GA,Final,"336,235","3,420,939","553,255",9.83
2013,4,HI,Final,"89,945","259,070","60,268",34.72
2013,4,IA,Final,"76,847","953,833","221,082",8.06
2013,4,ID,Final,"33,472","473,373","102,960",7.07
2013,4,IL,Final,"326,770","3,979,707","596,713",8.21
2013,4,IN,Final,"173,588","1,772,156","347,326",9.8
2013,4,KS,Final,"109,386","1,141,957","223,827",9.58
2013,4,KY,Final,"127,990","1,423,086","300,150",8.99
2013,4,LA,Final,"156,362","1,770,604","280,987",8.83
2013,4,MA,Final,"177,785","1,316,835","392,172",13.5
2013,4,MD,Final,"223,648","2,188,259","247,206",10.22
2013,4,ME,Final,"33,130","286,996","89,141",11.54
2013,4,MI,Final,"307,591","2,838,310","518,512",10.84
2013,4,MN,Final,"162,914","1,805,035","279,756",9.03
2013,4,MO,Final,"184,064","2,282,180","373,398",8.07
2013,4,MS,Final,"107,035","1,037,494","228,044",10.32
2013,4,MT,Final,"36,922","386,492","101,268",9.55
2013,4,NC,Final,"294,374","3,431,445","654,479",8.58
2013,4,ND,Final,"35,494","443,177","63,622",8.01
2013,4,NE,Final,"58,740","714,514","147,651",8.22
2013,4,NH,Final,"47,151","350,672","105,231",13.45
2013,4,NJ,Final,"338,515","2,780,545","485,985",12.17
2013,4,NM,Final,"63,842","708,633","139,450",9.01
2013,4,NV,Final,"63,781","713,750","158,402",8.94
2013,4,NY,Final,"814,962","5,772,914","1,041,117",14.12
2013,4,OH,Final,"324,782","3,423,522","614,483",9.49
2013,4,OK,Final,"110,345","1,450,187","271,204",7.61
2013,4,OR,Final,"109,865","1,260,137","235,378",8.72
2013,4,PA,Final,"313,924","3,347,359","689,037",9.38
2013,4,RI,Final,"31,190","265,975","58,372",11.73
2013,4,SC,Final,"145,253","1,531,413","637,380",9.48
2013,4,SD,Final,"29,827","364,775","69,052",8.18
2013,4,TN,Final,"256,001","2,599,461","469,174",9.85
2013,4,TX,Final,"818,067","10,150,988","1,355,232",8.06
2013,4,UT,Final,"66,377","832,956","116,135",7.97
2013,4,VA,Final,"272,154","3,454,100","421,940",7.88
2013,4,VT,Final,"23,500","154,861","51,618",15.18
2013,4,WA,Final,"186,003","2,402,882","358,441",7.74
2013,4,WI,Final,"196,946","1,855,005","340,499",10.62
2013,4,WV,Final,"46,081","535,907","139,259",8.6
2013,4,WY,Final,"27,818","324,502","57,580",8.57
2013,3,AK,Final,"35,718","239,293","49,105",14.93
2013,3,AL,Final,"177,524","1,704,689","356,984",10.41
2013,3,AR,Final,"70,082","890,421","182,283",7.87
2013,3,AZ,Final,"202,996","2,163,075","307,546",9.38
2013,3,CA,Final,"1,122,421","9,054,859","1,709,906",12.4
2013,3,CO,Final,"152,393","1,601,381","360,093",9.52
2013,3,CT,Final,"150,528","1,010,334","150,054",14.9
2013,3,DC,Final,"86,535","729,398","26,586",11.86
2013,3,DE,Final,"29,688","290,300","51,464",10.23
2013,3,FL,Final,"648,327","6,767,041","1,165,804",9.58
2013,3,GA,Final,"353,874","3,538,589","553,657",10
2013,3,HI,Final,"89,340","257,555","60,151",34.69
2013,3,IA,Final,"81,615","1,022,630","221,879",7.98
2013,3,ID,Final,"34,359","498,061","103,027",6.9
2013,3,IL,Final,"330,854","4,093,133","598,409",8.08
2013,3,IN,Final,"187,907","1,941,798","346,269",9.68
2013,3,KS,Final,"110,798","1,154,282","224,095",9.6
2013,3,KY,Final,"138,670","1,545,603","300,259",8.97
2013,3,LA,Final,"161,978","1,771,981","280,247",9.14
2013,3,MA,Final,"211,775","1,430,239","392,482",14.81
2013,3,MD,Final,"247,734","2,416,086","247,294",10.25
2013,3,ME,Final,"37,228","310,920","89,022",11.97
2013,3,MI,Final,"331,841","3,029,922","518,915",10.95
2013,3,MN,Final,"170,674","1,906,790","280,923",8.95
2013,3,MO,Final,"194,981","2,418,586","373,567",8.06
2013,3,MS,Final,"103,509","1,039,751","227,856",9.96
2013,3,MT,Final,"37,307","393,558","101,398",9.48
2013,3,NC,Final,"311,864","3,647,763","653,028",8.55
2013,3,ND,Final,"39,128","485,973","68,036",8.05
2013,3,NE,Final,"62,144","745,255","148,419",8.34
2013,3,NH,Final,"47,551","344,568","105,136",13.8
2013,3,NJ,Final,"375,252","3,111,989","504,360",12.06
2013,3,NM,Final,"64,040","675,817","139,129",9.48
2013,3,NV,Final,"63,337","734,633","157,394",8.62
2013,3,NY,Final,"896,526","6,024,408","1,036,294",14.88
2013,3,OH,Final,"360,865","3,850,233","610,792",9.37
2013,3,OK,Final,"109,019","1,461,512","270,601",7.46
2013,3,OR,Final,"113,686","1,310,363","236,253",8.68
2013,3,PA,Final,"327,267","3,508,115","688,678",9.33
2013,3,RI,Final,"43,075","308,793","58,431",13.95
2013,3,SC,Final,"162,928","1,659,527","318,074",9.82
2013,3,SD,Final,"31,409","383,576","68,895",8.19
2013,3,TN,Final,"254,318","2,515,367","471,387",10.11
2013,3,TX,Final,"782,499","9,701,540","1,346,084",8.07
2013,3,UT,Final,"66,501","838,320","116,188",7.93
2013,3,VA,Final,"307,190","3,918,985","421,424",7.84
2013,3,VT,Final,"23,419","164,879","51,563",14.2
2013,3,WA,Final,"191,915","2,447,674","361,273",7.84
2013,3,WI,Final,"202,103","1,932,421","339,880",10.46
2013,3,WV,Final,"55,188","673,284","138,862",8.2
2013,3,WY,Final,"29,063","346,090","57,602",8.4
2013,2,AK,Final,"35,645","241,661","48,914",14.75
2013,2,AL,Final,"173,815","1,669,669","357,767",10.41
2013,2,AR,Final,"69,747","878,278","181,980",7.94
2013,2,AZ,Final,"190,440","2,038,584","306,566",9.34
2013,2,CA,Final,"1,069,654","8,569,929","1,645,590",12.48
2013,2,CO,Final,"143,790","1,521,462","359,180",9.45
2013,2,CT,Final,"161,903","1,059,518","150,265",15.28
2013,2,DC,Final,"74,620","627,931","26,545",11.88
2013,2,DE,Final,"34,284","336,138","51,296",10.2
2013,2,FL,Final,"636,011","6,616,509","1,169,492",9.61
2013,2,GA,Final,"328,218","3,352,897","551,028",9.79
2013,2,HI,Final,"80,612","235,863","60,162",34.18
2013,2,IA,Final,"78,151","983,308","221,274",7.95
2013,2,ID,Final,"33,643","494,153","102,922",6.81
2013,2,IL,Final,"319,462","3,935,438","594,765",8.12
2013,2,IN,Final,"173,387","1,847,267","346,087",9.39
2013,2,KS,Final,"108,524","1,127,656","222,739",9.62
2013,2,KY,Final,"131,040","1,495,304","299,706",8.76
2013,2,LA,Final,"161,113","1,772,827","279,998",9.09
2013,2,MA,Final,"208,398","1,402,094","391,431",14.86
2013,2,MD,Final,"244,042","2,350,958","247,080",10.38
2013,2,ME,Final,"39,483","310,620","88,803",12.71
2013,2,MI,Final,"309,130","2,852,769","519,884",10.84
2013,2,MN,Final,"160,249","1,776,965","280,187",9.02
2013,2,MO,Final,"186,057","2,335,016","372,262",7.97
2013,2,MS,Final,"101,070","1,042,056","227,182",9.7
2013,2,MT,Final,"37,249","401,034","101,081",9.29
2013,2,NC,Final,"294,042","3,383,364","651,758",8.69
2013,2,ND,Final,"39,398","491,241","67,836",8.02
2013,2,NE,Final,"60,963","740,029","147,461",8.24
2013,2,NH,Final,"54,445","387,830","104,853",14.04
2013,2,NJ,Final,"366,513","3,070,903","468,394",11.94
2013,2,NM,Final,"60,444","646,561","138,791",9.35
2013,2,NV,Final,"57,214","663,934","157,125",8.62
2013,2,NY,Final,"971,232","6,187,003","1,038,300",15.7
2013,2,OH,Final,"326,069","3,553,599","613,677",9.18
2013,2,OK,Final,"99,706","1,407,594","270,090",7.08
2013,2,OR,Final,"108,005","1,242,956","235,775",8.69
2013,2,PA,Final,"330,553","3,602,403","688,208",9.18
2013,2,RI,Final,"40,418","270,957","58,361",14.92
2013,2,SC,Final,"153,010","1,555,012","317,685",9.84
2013,2,SD,Final,"31,241","382,624","68,837",8.17
2013,2,TN,Final,"253,676","2,607,715","466,631",9.73
2013,2,TX,Final,"763,381","9,505,312","1,344,641",8.03
2013,2,UT,Final,"64,918","832,603","116,051",7.8
2013,2,VA,Final,"289,446","3,652,407","421,251",7.92
2013,2,VT,Final,"22,314","159,961","51,456",13.95
2013,2,WA,Final,"201,719","2,574,143","357,676",7.84
2013,2,WI,Final,"196,352","1,839,012","340,642",10.68
2013,2,WV,Final,"54,456","641,858","139,032",8.48
2013,2,WY,Final,"28,485","340,710","57,959",8.36
2013,1,AK,Final,"37,185","258,286","49,068",14.4
2013,1,AL,Final,"182,034","1,760,606","357,951",10.34
2013,1,AR,Final,"71,159","903,313","182,106",7.88
2013,1,AZ,Final,"196,162","2,167,128","306,659",9.05
2013,1,CA,Final,"1,101,593","9,457,956","1,728,985",11.65
2013,1,CO,Final,"149,270","1,638,549","358,759",9.11
2013,1,CT,Final,"157,631","1,083,275","150,427",14.55
2013,1,DC,Final,"72,366","604,629","26,404",11.97
2013,1,DE,Final,"36,553","365,484","51,283",10
2013,1,FL,Final,"653,910","6,939,335","1,162,550",9.42
2013,1,GA,Final,"345,719","3,609,581","550,905",9.58
2013,1,HI,Final,"90,824","253,768","60,292",35.79
2013,1,IA,Final,"82,555","1,050,162","221,637",7.86
2013,1,ID,Final,"37,823","563,859","102,989",6.71
2013,1,IL,Final,"329,980","4,216,714","596,854",7.83
2013,1,IN,Final,"192,418","2,048,706","347,218",9.39
2013,1,KS,Final,"110,427","1,207,816","223,596",9.14
2013,1,KY,Final,"138,696","1,581,954","300,243",8.77
2013,1,LA,Final,"165,657","1,871,815","280,542",8.85
2013,1,MA,Final,"205,379","1,501,305","392,343",13.68
2013,1,MD,Final,"265,231","2,577,614","247,018",10.29
2013,1,ME,Final,"40,478","335,359","88,775",12.07
2013,1,MI,Final,"328,275","3,142,671","521,187",10.45
2013,1,MN,Final,"169,977","1,948,722","281,055",8.72
2013,1,MO,Final,"190,931","2,504,415","373,984",7.62
2013,1,MS,Final,"102,082","1,076,382","227,830",9.48
2013,1,MT,Final,"39,449","426,968","101,196",9.24
2013,1,NC,Final,"314,401","3,729,545","651,422",8.43
2013,1,ND,Final,"39,290","523,004","67,956",7.51
2013,1,NE,Final,"61,199","772,560","148,281",7.92
2013,1,NH,Final,"51,920","379,729","105,139",13.67
2013,1,NJ,Final,"364,271","3,013,634","429,744",12.09
2013,1,NM,Final,"64,241","710,287","138,886",9.04
2013,1,NV,Final,"59,703","708,511","157,461",8.43
2013,1,NY,Final,"928,849","6,265,098","1,037,028",14.83
2013,1,OH,Final,"355,215","3,862,821","615,462",9.2
2013,1,OK,Final,"98,864","1,451,966","270,661",6.81
2013,1,OR,Final,"119,392","1,406,304","237,441",8.49
2013,1,PA,Final,"343,862","3,689,089","688,662",9.32
2013,1,RI,Final,"37,852","304,874","57,876",12.42
2013,1,SC,Final,"155,470","1,628,755","317,695",9.55
2013,1,SD,Final,"32,435","407,134","69,960",7.97
2013,1,TN,Final,"279,324","2,732,219","471,301",10.22
2013,1,TX,Final,"829,201","10,333,299","1,348,748",8.02
2013,1,UT,Final,"67,904","901,373","116,105",7.53
2013,1,VA,Final,"307,613","3,933,171","421,217",7.82
2013,1,VT,Final,"23,917","166,968","51,429",14.32
2013,1,WA,Final,"208,034","2,683,752","360,852",7.75
2013,1,WI,Final,"205,786","1,994,534","342,591",10.32
2013,1,WV,Final,"53,330","650,109","139,074",8.2
2013,1,WY,Final,"30,868","383,643","58,528",8.05
2012,12,AK,Final,"38,368","261,176","48,748",14.69
2012,12,AL,Final,"174,801","1,652,255","358,424",10.58
2012,12,AR,Final,"66,956","864,166","182,506",7.75
2012,12,AZ,Final,"201,655","2,241,544","306,618",9
2012,12,CA,Final,"1,111,824","9,410,815","1,809,287",11.81
2012,12,CO,Final,"149,288","1,624,918","349,265",9.19
2012,12,CT,Final,"151,132","1,046,124","151,206",14.45
2012,12,DC,Final,"78,444","660,542","26,314",11.88
2012,12,DE,Final,"36,270","345,072","51,257",10.51
2012,12,FL,Final,"681,891","7,039,435","1,154,229",9.69
2012,12,GA,Final,"326,627","3,500,773","549,481",9.33
2012,12,HI,Final,"92,014","272,129","60,149",33.81
2012,12,IA,Final,"76,977","1,006,564","221,721",7.65
2012,12,ID,Final,"34,836","520,015","102,531",6.7
2012,12,IL,Final,"314,149","4,114,483","589,062",7.64
2012,12,IN,Final,"169,016","1,827,034","344,751",9.25
2012,12,KS,Final,"107,942","1,208,485","225,027",8.93
2012,12,KY,Final,"128,387","1,452,329","298,718",8.84
2012,12,LA,Final,"146,784","1,799,414","279,865",8.16
2012,12,MA,Final,"215,976","1,449,786","390,079",14.9
2012,12,MD,Final,"245,061","2,367,192","246,312",10.35
2012,12,ME,Final,"39,218","331,324","89,018",11.84
2012,12,MI,Final,"349,946","3,220,301","520,877",10.87
2012,12,MN,Final,"161,036","1,869,930","278,961",8.61
2012,12,MO,Final,"179,421","2,424,531","373,741",7.4
2012,12,MS,Final,"92,863","974,441","228,945",9.53
2012,12,MT,Final,"39,502","429,211","101,017",9.2
2012,12,NC,Final,"308,058","3,600,352","654,888",8.56
2012,12,ND,Final,"38,674","496,852","64,249",7.78
2012,12,NE,Final,"59,732","745,139","148,050",8.02
2012,12,NH,Final,"49,777","369,848","105,080",13.46
2012,12,NJ,Final,"364,463","3,042,609","559,834",11.98
2012,12,NM,Final,"67,637","720,558","137,918",9.39
2012,12,NV,Final,"65,164","729,064","159,043",8.94
2012,12,NY,Final,"874,503","6,038,024","1,038,619",14.48
2012,12,OH,Final,"343,370","3,678,722","611,897",9.33
2012,12,OK,Final,"106,082","1,541,250","269,074",6.88
2012,12,OR,Final,"109,592","1,348,544","238,197",8.13
2012,12,PA,Final,"335,887","3,519,570","688,501",9.54
2012,12,RI,Final,"37,285","296,531","57,610",12.57
2012,12,SC,Final,"153,942","1,579,348","344,022",9.75
2012,12,SD,Final,"29,780","383,948","68,976",7.76
2012,12,TN,Final,"228,663","2,113,124","467,767",10.82
2012,12,TX,Final,"793,218","9,947,344","1,354,843",7.97
2012,12,UT,Final,"64,551","861,615","115,417",7.49
2012,12,VA,Final,"283,641","3,632,655","420,722",7.81
2012,12,VT,Final,"22,538","162,563","51,292",13.86
2012,12,WA,Final,"199,916","2,576,833","355,310",7.76
2012,12,WI,Final,"187,269","1,882,989","341,781",9.95
2012,12,WV,Final,"50,133","606,086","138,773",8.27
2012,12,WY,Final,"27,291","334,794","58,431",8.15
2012,11,AK,Final,"36,463","248,018","48,777",14.7
2012,11,AL,Final,"171,027","1,610,201","358,158",10.62
2012,11,AR,Final,"68,527","886,095","182,386",7.73
2012,11,AZ,Final,"197,779","2,212,711","306,367",8.94
2012,11,CA,Final,"1,225,080","9,680,201","1,809,260",12.66
2012,11,CO,Final,"149,642","1,570,783","348,688",9.53
2012,11,CT,Final,"144,077","969,719","151,222",14.86
2012,11,DC,Final,"80,694","693,712","26,573",11.63
2012,11,DE,Final,"35,188","335,696","51,218",10.48
2012,11,FL,Final,"695,105","6,879,122","1,167,769",10.1
2012,11,GA,Final,"331,021","3,494,856","549,224",9.47
2012,11,HI,Final,"91,414","267,652","60,027",34.15
2012,11,IA,Final,"70,926","943,982","221,692",7.51
2012,11,ID,Final,"31,663","462,904","102,514",6.84
2012,11,IL,Final,"304,146","3,859,490","587,879",7.88
2012,11,IN,Final,"164,016","1,812,207","344,641",9.05
2012,11,KS,Final,"103,778","1,151,655","224,953",9.01
2012,11,KY,Final,"122,045","1,387,982","298,708",8.79
2012,11,LA,Final,"147,379","1,861,547","280,109",7.92
2012,11,MA,Final,"182,346","1,369,306","395,204",13.32
2012,11,MD,Final,"223,175","2,280,050","246,931",9.79
2012,11,ME,Final,"36,496","315,467","89,143",11.57
2012,11,MI,Final,"313,234","2,887,635","521,794",10.85
2012,11,MN,Final,"156,062","1,802,003","279,254",8.66
2012,11,MO,Final,"167,257","2,260,258","373,707",7.4
2012,11,MS,Final,"96,222","1,018,538","227,892",9.45
2012,11,MT,Final,"34,591","371,536","100,846",9.31
2012,11,NC,Final,"301,985","3,614,282","654,739",8.36
2012,11,ND,Final,"35,198","439,848","64,066",8
2012,11,NE,Final,"55,659","697,634","148,031",7.98
2012,11,NH,Final,"46,409","346,235","105,066",13.4
2012,11,NJ,Final,"346,299","2,812,370","483,450",12.31
2012,11,NM,Final,"62,988","705,420","138,067",8.93
2012,11,NV,Final,"60,101","684,851","154,958",8.78
2012,11,NY,Final,"810,084","5,682,954","1,035,531",14.25
2012,11,OH,Final,"337,437","3,518,015","613,618",9.59
2012,11,OK,Final,"102,597","1,490,798","269,497",6.88
2012,11,OR,Final,"107,244","1,266,736","237,961",8.47
2012,11,PA,Final,"316,261","3,312,333","688,056",9.55
2012,11,RI,Final,"31,928","284,314","58,159",11.23
2012,11,SC,Final,"158,895","1,596,246","343,782",9.95
2012,11,SD,Final,"28,743","361,448","68,970",7.95
2012,11,TN,Final,"216,181","2,068,797","467,857",10.45
2012,11,TX,Final,"819,600","10,293,160","1,350,942",7.96
2012,11,UT,Final,"65,113","842,909","115,308",7.72
2012,11,VA,Final,"292,695","3,711,208","420,483",7.89
2012,11,VT,Final,"21,879","159,068","51,316",13.75
2012,11,WA,Final,"184,794","2,349,285","356,879",7.87
2012,11,WI,Final,"187,051","1,788,053","343,140",10.46
2012,11,WV,Final,"54,814","637,840","138,877",8.59
2012,11,WY,Final,"29,189","343,609","58,624",8.49
2012,10,AK,Final,"36,066","232,294","48,979",15.53
2012,10,AL,Final,"187,140","1,739,886","358,267",10.76
2012,10,AR,Final,"78,204","1,008,363","182,505",7.76
2012,10,AZ,Final,"240,269","2,471,108","306,087",9.72
2012,10,CA,Final,"1,529,342","11,313,046","1,894,673",13.52
2012,10,CO,Final,"155,104","1,598,629","349,608",9.7
2012,10,CT,Final,"148,809","1,010,485","141,931",14.73
2012,10,DC,Final,"83,251","687,919","26,615",12.1
2012,10,DE,Final,"33,151","319,938","51,358",10.36
2012,10,FL,Final,"763,165","7,873,671","1,154,831",9.69
2012,10,GA,Final,"354,325","3,706,027","549,193",9.56
2012,10,HI,Final,"98,701","287,564","60,064",34.32
2012,10,IA,Final,"81,255","1,031,728","221,900",7.88
2012,10,ID,Final,"34,557","497,723","102,592",6.94
2012,10,IL,Final,"324,933","4,173,530","588,070",7.79
2012,10,IN,Final,"172,987","1,924,783","344,742",8.99
2012,10,KS,Final,"116,773","1,247,234","224,375",9.36
2012,10,KY,Final,"128,334","1,514,838","298,603",8.47
2012,10,LA,Final,"164,273","2,076,916","280,478",7.91
2012,10,MA,Final,"187,239","1,435,282","384,264",13.05
2012,10,MD,Final,"247,148","2,344,747","247,076",10.54
2012,10,ME,Final,"39,352","351,681","89,392",11.19
2012,10,MI,Final,"359,211","3,295,023","522,080",10.9
2012,10,MN,Final,"164,906","1,847,297","279,733",8.93
2012,10,MO,Final,"184,381","2,443,513","373,727",7.55
2012,10,MS,Final,"106,191","1,154,739","228,144",9.2
2012,10,MT,Final,"37,802","403,274","101,940",9.37
2012,10,NC,Final,"331,638","3,777,738","654,647",8.78
2012,10,ND,Final,"35,023","430,520","64,155",8.14
2012,10,NE,Final,"65,397","767,635","148,141",8.52
2012,10,NH,Final,"48,027","363,595","105,342",13.21
2012,10,NJ,Final,"363,483","2,995,476","486,220",12.13
2012,10,NM,Final,"70,062","744,554","138,013",9.41
2012,10,NV,Final,"67,599","759,764","156,872",8.9
2012,10,NY,Final,"929,430","6,140,382","1,039,646",15.14
2012,10,OH,Final,"369,857","3,854,922","614,308",9.59
2012,10,OK,Final,"120,127","1,643,929","269,160",7.31
2012,10,OR,Final,"111,664","1,329,434","238,094",8.4
2012,10,PA,Final,"321,585","3,444,346","688,136",9.34
2012,10,RI,Final,"32,678","296,831","57,576",11.01
2012,10,SC,Final,"159,917","1,720,163","343,608",9.3
2012,10,SD,Final,"30,401","369,139","69,426",8.24
2012,10,TN,Final,"228,846","2,237,743","467,924",10.23
2012,10,TX,Final,"921,150","11,434,026","1,360,947",8.06
2012,10,UT,Final,"75,480","911,174","115,243",8.28
2012,10,VA,Final,"298,856","3,806,056","420,240",7.85
2012,10,VT,Final,"22,736","155,541","51,342",14.62
2012,10,WA,Final,"186,071","2,415,523","358,113",7.7
2012,10,WI,Final,"197,238","1,879,983","342,168",10.49
2012,10,WV,Final,"57,587","661,754","138,964",8.7
2012,10,WY,Final,"29,174","339,545","58,895",8.59
2012,9,AK,Final,"31,656","223,867","48,820",14.14
2012,9,AL,Final,"209,425","1,977,773","358,063",10.59
2012,9,AR,Final,"91,392","1,157,402","182,360",7.9
2012,9,AZ,Final,"271,429","2,750,355","305,928",9.87
2012,9,CA,Final,"1,746,384","11,009,334","1,784,054",15.86
2012,9,CO,Final,"171,583","1,747,522","349,254",9.82
2012,9,CT,Final,"168,909","1,164,240","151,160",14.51
2012,9,DC,Final,"84,653","720,908","26,690",11.74
2012,9,DE,Final,"33,446","329,683","51,206",10.14
2012,9,FL,Final,"810,413","8,374,236","1,149,183",9.68
2012,9,GA,Final,"392,237","4,081,218","548,465",9.61
2012,9,HI,Final,"95,091","273,181","60,030",34.81
2012,9,IA,Final,"84,867","1,012,736","221,474",8.38
2012,9,ID,Final,"32,845","483,845","102,510",6.79
2012,9,IL,Final,"346,099","4,302,719","588,078",8.04
2012,9,IN,Final,"179,633","1,993,534","344,726",9.01
2012,9,KS,Final,"128,465","1,347,701","224,367",9.53
2012,9,KY,Final,"142,953","1,582,950","298,715",9.03
2012,9,LA,Final,"172,300","2,239,396","280,054",7.69
2012,9,MA,Final,"209,022","1,479,816","389,629",14.12
2012,9,MD,Final,"265,255","2,524,561","247,209",10.51
2012,9,ME,Final,"36,903","326,102","89,438",11.32
2012,9,MI,Final,"338,521","3,054,452","521,082",11.08
2012,9,MN,Final,"175,166","1,844,170","279,133",9.5
2012,9,MO,Final,"215,898","2,568,414","373,813",8.41
2012,9,MS,Final,"117,947","1,292,499","227,611",9.13
2012,9,MT,Final,"37,523","407,210","101,858",9.21
2012,9,NC,Final,"369,641","4,153,475","654,147",8.9
2012,9,ND,Final,"34,617","401,916","63,964",8.61
2012,9,NE,Final,"70,094","772,147","147,723",9.08
2012,9,NH,Final,"54,493","413,374","105,345",13.18
2012,9,NJ,Final,"409,392","3,127,451","484,654",13.09
2012,9,NM,Final,"78,736","812,523","137,696",9.69
2012,9,NV,Final,"76,187","856,881","161,485",8.89
2012,9,NY,Final,"1,175,425","7,248,951","1,038,154",16.22
2012,9,OH,Final,"362,990","3,804,133","612,628",9.54
2012,9,OK,Final,"137,604","1,782,017","268,823",7.72
2012,9,OR,Final,"107,877","1,294,484","237,851",8.33
2012,9,PA,Final,"339,701","3,643,293","688,020",9.32
2012,9,RI,Final,"33,332","291,417","58,013",11.44
2012,9,SC,Final,"186,699","1,897,826","343,337",9.84
2012,9,SD,Final,"33,349","392,035","69,363",8.51
2012,9,TN,Final,"271,916","2,608,496","467,917",10.42
2012,9,TX,Final,"1,023,158","12,571,737","1,357,575",8.14
2012,9,UT,Final,"82,056","957,859","115,095",8.57
2012,9,VA,Final,"310,430","3,917,096","420,087",7.93
2012,9,VT,Final,"23,591","165,307","51,282",14.27
2012,9,WA,Final,"180,513","2,366,320","356,206",7.63
2012,9,WI,Final,"205,848","1,887,723","342,570",10.9
2012,9,WV,Final,"51,857","605,294","138,801",8.57
2012,9,WY,Final,"28,960","343,395","58,519",8.43
2012,8,AK,Final,"34,682","232,827","48,942",14.9
2012,8,AL,Final,"229,800","2,121,668","358,208",10.83
2012,8,AR,Final,"99,094","1,257,595","182,529",7.88
2012,8,AZ,Final,"318,432","3,124,446","305,736",10.19
2012,8,CA,Final,"1,848,179","11,910,689","1,897,985",15.52
2012,8,CO,Final,"182,034","1,851,957","349,771",9.83
2012,8,CT,Final,"186,216","1,283,161","151,168",14.51
2012,8,DC,Final,"98,655","838,668","26,572",11.76
2012,8,DE,Final,"44,550","433,767","51,211",10.27
2012,8,FL,Final,"833,286","8,717,705","1,159,002",9.56
2012,8,GA,Final,"433,607","4,493,668","549,024",9.65
2012,8,HI,Final,"98,614","287,389","60,115",34.31
2012,8,IA,Final,"102,827","1,111,270","221,597",9.25
2012,8,ID,Final,"42,999","579,170","102,485",7.42
2012,8,IL,Final,"385,197","4,821,316","615,265",7.99
2012,8,IN,Final,"202,974","2,265,246","344,621",8.96
2012,8,KS,Final,"141,421","1,489,410","224,393",9.5
2012,8,KY,Final,"157,517","1,826,206","298,883",8.63
2012,8,LA,Final,"175,779","2,376,701","281,181",7.4
2012,8,MA,Final,"236,613","1,740,642","389,313",13.59
2012,8,MD,Final,"303,283","2,903,651","247,231",10.44
2012,8,ME,Final,"42,760","384,133","89,437",11.13
2012,8,MI,Final,"390,957","3,537,100","521,895",11.05
2012,8,MN,Final,"194,699","2,063,238","279,206",9.44
2012,8,MO,Final,"275,012","2,893,705","373,914",9.5
2012,8,MS,Final,"124,552","1,359,543","228,242",9.16
2012,8,MT,Final,"42,806","467,919","101,769",9.15
2012,8,NC,Final,"401,382","4,539,250","654,034",8.84
2012,8,ND,Final,"36,599","424,605","63,637",8.62
2012,8,NE,Final,"76,420","858,858","147,857",8.9
2012,8,NH,Final,"57,474","439,170","105,320",13.09
2012,8,NJ,Final,"514,346","3,818,433","484,893",13.47
2012,8,NM,Final,"90,410","891,139","137,573",10.15
2012,8,NV,Final,"82,088","941,562","149,857",8.72
2012,8,NY,Final,"1,118,040","7,302,886","1,041,316",15.31
2012,8,OH,Final,"412,018","4,395,770","613,855",9.37
2012,8,OK,Final,"150,377","1,899,732","269,061",7.92
2012,8,OR,Final,"119,796","1,462,189","237,907",8.19
2012,8,PA,Final,"370,110","3,964,939","688,148",9.33
2012,8,RI,Final,"40,438","361,120","57,890",11.2
2012,8,SC,Final,"207,221","2,100,366","343,638",9.87
2012,8,SD,Final,"35,902","428,025","69,518",8.39
2012,8,TN,Final,"289,322","2,833,658","468,562",10.21
2012,8,TX,Final,"1,111,677","13,644,552","1,354,598",8.15
2012,8,UT,Final,"84,683","1,037,543","115,047",8.16
2012,8,VA,Final,"349,506","4,439,074","420,157",7.87
2012,8,VT,Final,"27,311","192,084","51,785",14.22
2012,8,WA,Final,"190,181","2,507,873","357,362",7.58
2012,8,WI,Final,"232,752","2,156,039","342,255",10.8
2012,8,WV,Final,"60,711","755,296","138,708",8.04
2012,8,WY,Final,"28,001","339,466","59,149",8.25
2012,7,AK,Final,"34,447","227,589","48,828",15.14
2012,7,AL,Final,"236,698","2,202,869","357,698",10.74
2012,7,AR,Final,"96,965","1,232,448","182,289",7.87
2012,7,AZ,Final,"293,004","2,865,370","305,151",10.23
2012,7,CA,Final,"1,600,554","10,817,466","1,844,737",14.8
2012,7,CO,Final,"190,293","1,942,003","349,448",9.8
2012,7,CT,Final,"183,713","1,258,920","151,244",14.59
2012,7,DC,Final,"106,999","902,104","26,583",11.86
2012,7,DE,Final,"45,147","447,083","51,191",10.1
2012,7,FL,Final,"827,110","8,746,690","1,145,500",9.46
2012,7,GA,Final,"457,205","4,528,496","548,316",10.1
2012,7,HI,Final,"97,031","274,048","60,147",35.41
2012,7,IA,Final,"104,646","1,186,226","221,573",8.82
2012,7,ID,Final,"39,207","528,889","102,415",7.41
2012,7,IL,Final,"403,733","5,057,892","587,388",7.98
2012,7,IN,Final,"218,997","2,456,343","344,701",8.92
2012,7,KS,Final,"152,843","1,616,755","224,097",9.45
2012,7,KY,Final,"160,549","1,880,867","298,705",8.54
2012,7,LA,Final,"177,616","2,361,687","280,846",7.52
2012,7,MA,Final,"237,060","1,673,499","390,484",14.17
2012,7,MD,Final,"316,563","3,028,191","247,149",10.45
2012,7,ME,Final,"42,000","371,409","89,328",11.31
2012,7,MI,Final,"444,308","3,838,309","521,552",11.58
2012,7,MN,Final,"199,812","2,176,563","278,983",9.18
2012,7,MO,Final,"297,580","3,144,056","373,669",9.46
2012,7,MS,Final,"123,605","1,331,100","227,669",9.29
2012,7,MT,Final,"39,494","433,027","101,685",9.12
2012,7,NC,Final,"408,140","4,504,116","653,535",9.06
2012,7,ND,Final,"37,177","447,784","63,350",8.3
2012,7,NE,Final,"84,391","925,614","147,667",9.12
2012,7,NH,Final,"54,431","408,543","105,192",13.32
2012,7,NJ,Final,"526,516","3,857,840","484,090",13.65
2012,7,NM,Final,"89,562","891,786","137,493",10.04
2012,7,NV,Final,"82,233","939,402","156,669",8.75
2012,7,NY,Final,"1,209,241","7,347,840","1,037,826",16.46
2012,7,OH,Final,"438,808","4,703,786","613,229",9.33
2012,7,OK,Final,"157,020","2,101,359","268,648",7.47
2012,7,OR,Final,"115,263","1,391,402","237,783",8.28
2012,7,PA,Final,"377,728","4,043,251","687,884",9.34
2012,7,RI,Final,"41,456","356,443","58,077",11.63
2012,7,SC,Final,"213,392","2,163,015","343,215",9.87
2012,7,SD,Final,"35,945","430,133","69,373",8.36
2012,7,TN,Final,"297,089","2,835,322","467,539",10.48
2012,7,TX,Final,"1,060,556","13,131,072","1,350,101",8.08
2012,7,UT,Final,"86,108","1,038,452","114,970",8.29
2012,7,VA,Final,"364,457","4,540,659","419,548",8.03
2012,7,VT,Final,"26,954","184,863","51,591",14.58
2012,7,WA,Final,"182,249","2,403,835","357,577",7.58
2012,7,WI,Final,"250,687","2,324,426","342,271",10.78
2012,7,WV,Final,"58,657","690,636","138,690",8.49
2012,7,WY,Final,"28,289","343,830","59,351",8.23
2012,6,AK,Final,"32,957","217,878","48,833",15.13
2012,6,AL,Final,"214,766","1,999,469","358,084",10.74
2012,6,AR,Final,"87,252","1,113,641","182,197",7.83
2012,6,AZ,Final,"281,750","2,793,035","304,563",10.09
2012,6,CA,Final,"1,636,350","10,769,447","1,829,376",15.19
2012,6,CO,Final,"181,554","1,828,313","348,908",9.93
2012,6,CT,Final,"158,388","1,088,699","151,301",14.55
2012,6,DC,Final,"92,942","772,663","26,534",12.03
2012,6,DE,Final,"39,545","388,969","51,152",10.17
2012,6,FL,Final,"793,014","8,253,215","1,151,138",9.61
2012,6,GA,Final,"402,473","4,199,550","548,408",9.58
2012,6,HI,Final,"98,828","265,584","59,890",37.21
2012,6,IA,Final,"91,239","1,080,106","221,067",8.45
2012,6,ID,Final,"34,202","484,751","102,347",7.06
2012,6,IL,Final,"348,086","4,486,977","587,760",7.76
2012,6,IN,Final,"201,594","2,204,833","344,561",9.14
2012,6,KS,Final,"139,248","1,435,269","224,085",9.7
2012,6,KY,Final,"150,264","1,687,040","298,599",8.91
2012,6,LA,Final,"163,134","2,265,860","280,515",7.2
2012,6,MA,Final,"216,733","1,518,435","389,443",14.27
2012,6,MD,Final,"288,368","2,715,416","247,398",10.62
2012,6,ME,Final,"42,493","395,601","89,210",10.74
2012,6,MI,Final,"390,806","3,519,865","521,305",11.1
2012,6,MN,Final,"179,567","1,941,174","278,297",9.25
2012,6,MO,Final,"264,625","2,774,226","373,321",9.54
2012,6,MS,Final,"115,198","1,243,959","227,699",9.26
2012,6,MT,Final,"35,509","390,364","101,459",9.1
2012,6,NC,Final,"361,582","4,182,558","653,080",8.64
2012,6,ND,Final,"33,079","380,375","63,095",8.7
2012,6,NE,Final,"70,024","804,407","147,222",8.71
2012,6,NH,Final,"49,365","369,926","105,199",13.34
2012,6,NJ,Final,"445,021","3,281,273","479,984",13.56
2012,6,NM,Final,"85,077","868,598","137,251",9.79
2012,6,NV,Final,"74,443","865,430","156,232",8.6
2012,6,NY,Final,"1,042,860","6,546,233","1,041,050",15.93
2012,6,OH,Final,"387,317","4,173,826","613,148",9.28
2012,6,OK,Final,"137,665","1,825,344","268,351",7.54
2012,6,OR,Final,"106,026","1,270,055","237,450",8.35
2012,6,PA,Final,"344,132","3,706,391","687,745",9.28
2012,6,RI,Final,"39,638","326,841","58,124",12.13
2012,6,SC,Final,"190,994","1,917,042","343,112",9.96
2012,6,SD,Final,"30,882","376,309","69,129",8.21
2012,6,TN,Final,"263,988","2,521,819","466,928",10.47
2012,6,TX,Final,"982,432","12,050,558","1,345,787",8.15
2012,6,UT,Final,"84,397","955,191","114,880",8.84
2012,6,VA,Final,"346,370","4,179,608","419,418",8.29
2012,6,VT,Final,"24,292","168,436","51,079",14.42
2012,6,WA,Final,"175,020","2,306,737","354,327",7.59
2012,6,WI,Final,"217,849","2,047,958","342,259",10.64
2012,6,WV,Final,"54,898","685,683","138,830",8.01
2012,6,WY,Final,"30,391","364,452","59,585",8.34
2012,5,AK,Final,"34,019","222,973","48,771",15.26
2012,5,AL,Final,"197,663","1,903,623","357,884",10.38
2012,5,AR,Final,"75,003","991,436","181,789",7.57
2012,5,AZ,Final,"264,119","2,633,427","304,928",10.03
2012,5,CA,Final,"1,269,831","10,036,526","1,866,974",12.65
2012,5,CO,Final,"151,747","1,636,558","348,816",9.27
2012,5,CT,Final,"149,951","1,020,937","151,332",14.69
2012,5,DC,Final,"94,475","770,335","26,518",12.26
2012,5,DE,Final,"34,230","346,351","51,041",9.88
2012,5,FL,Final,"756,657","8,085,248","1,233,668",9.36
2012,5,GA,Final,"387,603","4,017,943","548,324",9.65
2012,5,HI,Final,"98,611","275,030","60,272",35.85
2012,5,IA,Final,"76,087","971,326","221,266",7.83
2012,5,ID,Final,"32,173","474,812","102,282",6.78
2012,5,IL,Final,"335,105","4,056,671","586,993",8.26
2012,5,IN,Final,"188,771","2,050,675","344,324",9.21
2012,5,KS,Final,"124,296","1,345,981","223,915",9.23
2012,5,KY,Final,"147,320","1,618,481","298,363",9.1
2012,5,LA,Final,"153,799","2,006,500","279,742",7.67
2012,5,MA,Final,"192,858","1,409,684","389,087",13.68
2012,5,MD,Final,"264,257","2,579,004","245,983",10.25
2012,5,ME,Final,"35,242","311,122","89,082",11.33
2012,5,MI,Final,"365,708","3,238,898","520,804",11.29
2012,5,MN,Final,"154,558","1,798,247","278,683",8.59
2012,5,MO,Final,"225,395","2,600,480","372,452",8.67
2012,5,MS,Final,"104,787","1,144,019","227,611",9.16
2012,5,MT,Final,"35,038","382,190","101,466",9.17
2012,5,NC,Final,"338,351","3,965,181","652,675",8.53
2012,5,ND,Final,"30,462","384,549","62,840",7.92
2012,5,NE,Final,"61,035","756,322","147,420",8.07
2012,5,NH,Final,"44,677","333,415","105,069",13.4
2012,5,NJ,Final,"412,099","3,240,769","482,250",12.72
2012,5,NM,Final,"68,873","771,182","137,488",8.93
2012,5,NV,Final,"73,565","833,011","154,454",8.83
2012,5,NY,Final,"853,876","5,843,523","1,037,384",14.61
2012,5,OH,Final,"384,762","4,078,267","613,291",9.43
2012,5,OK,Final,"132,092","1,846,794","268,054",7.15
2012,5,OR,Final,"109,369","1,291,893","238,100",8.47
2012,5,PA,Final,"328,682","3,457,167","687,441",9.51
2012,5,RI,Final,"34,458","295,122","57,181",11.68
2012,5,SC,Final,"169,533","1,844,203","342,817",9.19
2012,5,SD,Final,"28,440","348,784","68,770",8.15
2012,5,TN,Final,"231,278","2,262,379","465,921",10.22
2012,5,TX,Final,"902,464","11,161,925","1,366,799",8.09
2012,5,UT,Final,"76,782","903,368","115,691",8.5
2012,5,VA,Final,"331,492","3,958,019","418,807",8.38
2012,5,VT,Final,"23,142","158,162","51,264",14.63
2012,5,WA,Final,"174,958","2,313,916","357,798",7.56
2012,5,WI,Final,"197,260","1,873,009","340,835",10.53
2012,5,WV,Final,"52,729","605,620","138,959",8.71
2012,5,WY,Final,"28,916","345,391","59,650",8.37
2012,4,AK,Final,"34,603","235,598","48,632",14.69
2012,4,AL,Final,"178,050","1,695,854","356,599",10.5
2012,4,AR,Final,"68,652","924,368","181,121",7.43
2012,4,AZ,Final,"216,736","2,337,111","304,721",9.27
2012,4,CA,Final,"1,072,564","8,991,371","1,796,050",11.93
2012,4,CO,Final,"137,638","1,522,334","348,344",9.04
2012,4,CT,Final,"143,728","973,571","151,146",14.76
2012,4,DC,Final,"82,008","666,988","26,495",12.3
2012,4,DE,Final,"30,691","311,818","50,928",9.84
2012,4,FL,Final,"705,389","7,293,674","1,186,933",9.67
2012,4,GA,Final,"334,100","3,560,803","546,307",9.38
2012,4,HI,Final,"90,827","257,296","60,083",35.3
2012,4,IA,Final,"70,597","906,053","220,625",7.79
2012,4,ID,Final,"30,966","460,824","102,173",6.72
2012,4,IL,Final,"301,526","3,694,692","587,210",8.16
2012,4,IN,Final,"171,406","1,806,744","344,626",9.49
2012,4,KS,Final,"106,898","1,180,239","222,898",9.06
2012,4,KY,Final,"119,876","1,377,604","298,560",8.7
2012,4,LA,Final,"144,440","1,868,062","278,423",7.73
2012,4,MA,Final,"178,740","1,345,674","387,241",13.28
2012,4,MD,Final,"234,148","2,238,243","247,192",10.46
2012,4,ME,Final,"32,981","291,552","88,888",11.31
2012,4,MI,Final,"304,034","2,891,427","519,620",10.52
2012,4,MN,Final,"143,072","1,695,449","275,992",8.44
2012,4,MO,Final,"174,544","2,350,713","372,979",7.43
2012,4,MS,Final,"96,153","1,043,240","226,515",9.22
2012,4,MT,Final,"35,108","388,471","101,613",9.04
2012,4,NC,Final,"306,181","3,645,761","650,657",8.4
2012,4,ND,Final,"30,842","387,853","62,471",7.95
2012,4,NE,Final,"56,324","702,939","146,927",8.01
2012,4,NH,Final,"46,226","343,894","104,613",13.44
2012,4,NJ,Final,"357,454","2,933,203","483,039",12.19
2012,4,NM,Final,"60,861","714,248","137,017",8.52
2012,4,NV,Final,"60,676","669,857","154,331",9.06
2012,4,NY,Final,"833,970","5,738,795","1,041,776",14.53
2012,4,OH,Final,"333,747","3,479,676","613,263",9.59
2012,4,OK,Final,"107,094","1,544,688","266,906",6.93
2012,4,OR,Final,"102,376","1,216,247","237,334",8.42
2012,4,PA,Final,"306,120","3,227,120","687,383",9.49
2012,4,RI,Final,"30,744","278,801","57,952",11.03
2012,4,SC,Final,"154,164","1,652,429","341,668",9.33
2012,4,SD,Final,"27,626","344,330","68,947",8.02
2012,4,TN,Final,"220,836","2,189,956","466,700",10.08
2012,4,TX,Final,"816,548","9,982,141","1,357,412",8.18
2012,4,UT,Final,"64,661","826,495","115,860",7.82
2012,4,VA,Final,"299,274","3,657,397","417,862",8.18
2012,4,VT,Final,"22,467","152,517","50,980",14.73
2012,4,WA,Final,"179,747","2,341,074","353,872",7.68
2012,4,WI,Final,"182,044","1,750,542","341,976",10.4
2012,4,WV,Final,"51,781","608,121","138,574",8.51
2012,4,WY,Final,"28,041","338,850","59,864",8.28
2012,3,AK,Final,"37,330","248,979","48,797",14.99
2012,3,AL,Final,"173,428","1,642,070","356,240",10.56
2012,3,AR,Final,"67,485","890,942","180,886",7.57
2012,3,AZ,Final,"189,677","2,162,900","304,261",8.77
2012,3,CA,Final,"1,122,006","9,591,128","1,864,627",11.7
2012,3,CO,Final,"138,740","1,551,698","348,337",8.94
2012,3,CT,Final,"152,345","1,048,831","151,167",14.53
2012,3,DC,Final,"80,806","661,040","26,542",12.22
2012,3,DE,Final,"31,746","320,005","50,851",9.92
2012,3,FL,Final,"688,481","7,227,942","1,146,075",9.53
2012,3,GA,Final,"321,786","3,423,973","546,080",9.4
2012,3,HI,Final,"90,856","259,628","60,128",34.99
2012,3,IA,Final,"73,566","976,557","220,728",7.53
2012,3,ID,Final,"31,027","473,832","102,093",6.55
2012,3,IL,Final,"322,851","3,985,623","586,906",8.1
2012,3,IN,Final,"175,059","1,859,756","343,755",9.41
2012,3,KS,Final,"101,775","1,136,944","222,667",8.95
2012,3,KY,Final,"128,071","1,456,246","298,058",8.79
2012,3,LA,Final,"143,924","1,809,787","278,712",7.95
2012,3,MA,Final,"197,263","1,404,068","389,495",14.05
2012,3,MD,Final,"239,856","2,315,811","246,766",10.36
2012,3,ME,Final,"36,579","315,421","88,582",11.6
2012,3,MI,Final,"322,770","3,016,955","521,040",10.7
2012,3,MN,Final,"153,182","1,781,747","278,255",8.6
2012,3,MO,Final,"170,415","2,302,537","372,243",7.4
2012,3,MS,Final,"98,081","1,019,858","226,411",9.62
2012,3,MT,Final,"35,457","391,769","101,680",9.05
2012,3,NC,Final,"305,023","3,497,061","650,254",8.72
2012,3,ND,Final,"32,806","422,288","62,223",7.77
2012,3,NE,Final,"57,191","705,559","147,106",8.11
2012,3,NH,Final,"47,636","353,925","104,561",13.46
2012,3,NJ,Final,"374,787","3,049,959","486,371",12.29
2012,3,NM,Final,"60,823","689,210","137,009",8.83
2012,3,NV,Final,"65,773","753,690","157,117",8.73
2012,3,NY,Final,"848,956","5,934,978","1,035,572",14.3
2012,3,OH,Final,"347,307","3,660,921","613,089",9.49
2012,3,OK,Final,"104,509","1,462,984","266,668",7.14
2012,3,OR,Final,"110,738","1,331,930","237,489",8.31
2012,3,PA,Final,"327,006","3,450,518","690,524",9.48
2012,3,RI,Final,"36,071","286,393","57,821",12.59
2012,3,SC,Final,"153,257","1,611,100","341,552",9.51
2012,3,SD,Final,"29,150","369,405","68,161",7.89
2012,3,TN,Final,"210,771","2,088,955","465,026",10.09
2012,3,TX,Final,"802,992","9,706,687","1,355,978",8.27
2012,3,UT,Final,"60,614","801,110","117,796",7.57
2012,3,VA,Final,"292,831","3,517,501","417,612",8.32
2012,3,VT,Final,"22,956","160,941","50,949",14.26
2012,3,WA,Final,"193,928","2,501,753","357,524",7.75
2012,3,WI,Final,"193,835","1,862,483","340,867",10.41
2012,3,WV,Final,"51,955","604,290","138,369",8.6
2012,3,WY,Final,"30,295","374,738","59,787",8.08
2012,2,AK,Final,"38,462","259,333","48,736",14.83
2012,2,AL,Final,"169,031","1,577,734","355,839",10.71
2012,2,AR,Final,"65,924","876,065","180,692",7.53
2012,2,AZ,Final,"180,399","2,075,525","304,448",8.69
2012,2,CA,Final,"1,060,053","8,841,361","1,792,524",11.99
2012,2,CO,Final,"135,376","1,527,466","347,341",8.86
2012,2,CT,Final,"150,157","1,019,208","151,112",14.73
2012,2,DC,Final,"77,519","631,673","26,620",12.27
2012,2,DE,Final,"32,010","318,602","50,655",10.05
2012,2,FL,Final,"661,505","6,713,066","1,139,682",9.85
2012,2,GA,Final,"318,688","3,352,078","544,926",9.51
2012,2,HI,Final,"88,269","256,200","60,118",34.45
2012,2,IA,Final,"72,592","984,623","220,136",7.37
2012,2,ID,Final,"31,959","491,306","101,959",6.5
2012,2,IL,Final,"325,373","3,946,789","590,126",8.24
2012,2,IN,Final,"169,221","1,819,622","343,801",9.3
2012,2,KS,Final,"101,082","1,118,532","222,662",9.04
2012,2,KY,Final,"124,989","1,449,011","297,979",8.63
2012,2,LA,Final,"143,008","1,754,479","277,841",8.15
2012,2,MA,Final,"194,840","1,401,538","389,034",13.9
2012,2,MD,Final,"247,575","2,311,138","246,585",10.71
2012,2,ME,Final,"40,095","320,394","88,489",12.51
2012,2,MI,Final,"309,979","2,905,097","520,790",10.67
2012,2,MN,Final,"150,242","1,783,755","277,569",8.42
2012,2,MO,Final,"169,463","2,300,328","371,042",7.37
2012,2,MS,Final,"95,370","997,059","226,069",9.57
2012,2,MT,Final,"37,860","423,080","101,548",8.95
2012,2,NC,Final,"294,775","3,401,310","649,290",8.67
2012,2,ND,Final,"33,397","439,505","61,989",7.6
2012,2,NE,Final,"59,594","753,018","146,723",7.91
2012,2,NH,Final,"48,662","359,736","104,438",13.53
2012,2,NJ,Final,"381,813","3,044,463","480,263",12.54
2012,2,NM,Final,"59,513","663,660","136,752",8.97
2012,2,NV,Final,"57,688","622,318","154,271",9.27
2012,2,NY,Final,"852,997","5,987,171","1,037,167",14.25
2012,2,OH,Final,"347,636","3,591,207","613,006",9.68
2012,2,OK,Final,"103,133","1,390,676","266,234",7.42
2012,2,OR,Final,"104,967","1,276,837","237,231",8.22
2012,2,PA,Final,"330,993","3,460,346","685,303",9.57
2012,2,RI,Final,"37,571","285,806","58,103",13.15
2012,2,SC,Final,"145,551","1,526,186","341,548",9.54
2012,2,SD,Final,"28,884","368,077","67,911",7.85
2012,2,TN,Final,"215,673","2,153,286","462,555",10.02
2012,2,TX,Final,"794,976","9,340,342","1,353,103",8.51
2012,2,UT,Final,"63,157","817,427","117,668",7.73
2012,2,VA,Final,"297,210","3,585,600","417,312",8.29
2012,2,VT,Final,"22,948","161,202","50,863",14.24
2012,2,WA,Final,"196,528","2,540,871","354,428",7.73
2012,2,WI,Final,"191,143","1,844,387","340,436",10.36
2012,2,WV,Final,"53,166","628,796","138,553",8.46
2012,2,WY,Final,"30,525","382,840","59,687",7.97
2012,1,AK,Final,"40,099","264,507","48,616",15.16
2012,1,AL,Final,"176,316","1,675,779","355,320",10.52
2012,1,AR,Final,"68,113","899,526","180,593",7.57
2012,1,AZ,Final,"174,301","2,024,723","304,167",8.61
2012,1,CA,Final,"1,104,997","9,420,152","1,827,789",11.73
2012,1,CO,Final,"135,367","1,595,045","347,213",8.49
2012,1,CT,Final,"163,869","1,092,157","151,227",15
2012,1,DC,Final,"87,115","706,784","26,511",12.33
2012,1,DE,Final,"33,823","346,046","50,607",9.77
2012,1,FL,Final,"678,805","6,833,795","1,138,855",9.93
2012,1,GA,Final,"340,372","3,577,765","543,568",9.51
2012,1,HI,Final,"89,289","262,479","60,282",34.02
2012,1,IA,Final,"72,112","998,634","219,916",7.22
2012,1,ID,Final,"33,894","520,045","101,914",6.52
2012,1,IL,Final,"347,279","4,307,733","586,899",8.06
2012,1,IN,Final,"182,105","2,001,292","344,123",9.1
2012,1,KS,Final,"102,904","1,177,480","222,313",8.74
2012,1,KY,Final,"126,925","1,522,365","294,639",8.34
2012,1,LA,Final,"147,420","1,824,386","277,584",8.08
2012,1,MA,Final,"204,416","1,495,081","387,993",13.67
2012,1,MD,Final,"266,607","2,499,521","246,564",10.67
2012,1,ME,Final,"43,110","338,983","88,557",12.72
2012,1,MI,Final,"321,882","3,109,204","520,193",10.35
2012,1,MN,Final,"156,377","1,892,230","277,438",8.26
2012,1,MO,Final,"175,381","2,419,985","371,569",7.25
2012,1,MS,Final,"96,008","1,005,642","225,796",9.55
2012,1,MT,Final,"38,196","429,458","101,462",8.89
2012,1,NC,Final,"303,082","3,629,041","646,838",8.35
2012,1,ND,Final,"31,993","452,522","61,834",7.07
2012,1,NE,Final,"58,007","743,618","146,553",7.8
2012,1,NH,Final,"51,193","376,759","104,498",13.59
2012,1,NJ,Final,"403,151","3,136,633","484,255",12.85
2012,1,NM,Final,"60,104","692,655","136,682",8.68
2012,1,NV,Final,"56,956","658,781","155,807",8.65
2012,1,NY,Final,"896,143","6,206,227","1,035,102",14.44
2012,1,OH,Final,"363,394","3,816,637","613,700",9.52
2012,1,OK,Final,"102,814","1,431,573","265,682",7.18
2012,1,OR,Final,"108,599","1,324,063","237,963",8.2
2012,1,PA,Final,"352,192","3,690,495","685,817",9.54
2012,1,RI,Final,"36,352","280,247","57,384",12.97
2012,1,SC,Final,"152,431","1,642,810","340,829",9.28
2012,1,SD,Final,"29,823","384,974","67,959",7.75
2012,1,TN,Final,"227,107","2,236,607","463,441",10.15
2012,1,TX,Final,"828,072","9,841,451","1,353,704",8.41
2012,1,UT,Final,"62,616","849,658","117,520",7.37
2012,1,VA,Final,"311,119","3,811,786","416,379",8.16
2012,1,VT,Final,"24,636","173,209","50,857",14.22
2012,1,WA,Final,"200,392","2,615,583","352,915",7.66
2012,1,WI,Final,"198,915","1,935,236","342,131",10.28
2012,1,WV,Final,"55,439","673,407","138,158",8.23
2012,1,WY,Final,"30,751","394,541","59,662",7.79
2011,12,AK,Final,"37,774","257,788","48,451",14.65
2011,12,AL,Final,"177,626","1,661,650","356,714",10.69
2011,12,AR,Final,"65,398","874,591","180,709",7.48
2011,12,AZ,Final,"196,999","2,272,487","306,396",8.67
2011,12,CA,Final,"1,111,407","9,954,727","1,854,354",11.16
2011,12,CO,Final,"147,470","1,636,672","346,908",9.01
2011,12,CT,Final,"157,308","1,023,298","150,709",15.37
2011,12,DC,Final,"85,780","699,940","26,516",12.26
2011,12,DE,Final,"33,078","325,282","50,488",10.17
2011,12,FL,Final,"695,138","6,992,219","1,143,085",9.94
2011,12,GA,Final,"342,612","3,563,652","549,689",9.61
2011,12,HI,Final,"89,450","264,909","59,848",33.77
2011,12,IA,Final,"74,479","1,034,434","220,036",7.2
2011,12,ID,Final,"30,640","531,824","101,947",5.76
2011,12,IL,Final,"333,676","4,103,334","594,132",8.13
2011,12,IN,Final,"165,140","1,881,629","344,003",8.78
2011,12,KS,Final,"101,326","1,218,305","222,603",8.32
2011,12,KY,Final,"119,301","1,413,927","294,258",8.44
2011,12,LA,Final,"142,702","1,795,219","277,652",7.95
2011,12,MA,Final,"211,787","1,483,291","386,297",14.28
2011,12,MD,Final,"265,936","2,465,728","245,769",10.79
2011,12,ME,Final,"41,572","336,368","88,661",12.36
2011,12,MI,Final,"311,771","3,060,526","513,240",10.19
2011,12,MN,Final,"142,043","1,848,151","275,912",7.69
2011,12,MO,Final,"173,246","2,425,371","371,065",7.14
2011,12,MS,Final,"96,580","1,009,050","226,493",9.57
2011,12,MT,Final,"38,746","429,572","101,814",9.02
2011,12,NC,Final,"288,067","3,555,710","644,852",8.1
2011,12,ND,Final,"34,156","438,133","60,767",7.8
2011,12,NE,Final,"56,901","748,432","149,973",7.6
2011,12,NH,Final,"48,347","346,836","104,547",13.94
2011,12,NJ,Final,"385,518","3,094,298","487,197",12.46
2011,12,NM,Final,"66,963","758,547","136,820",8.83
2011,12,NV,Final,"61,331","711,677","156,634",8.62
2011,12,NY,Final,"878,124","6,083,365","1,038,085",14.43
2011,12,OH,Final,"350,702","3,790,564","611,171",9.25
2011,12,OK,Final,"104,327","1,484,542","265,585",7.03
2011,12,OR,Final,"111,590","1,383,955","239,562",8.06
2011,12,PA,Final,"343,633","3,566,851","685,483",9.63
2011,12,RI,Final,"38,977","307,602","56,990",12.67
2011,12,SC,Final,"148,700","1,600,452","340,964",9.29
2011,12,SD,Final,"28,237","375,123","68,942",7.53
2011,12,TN,Final,"226,565","2,174,063","464,140",10.42
2011,12,TX,Final,"806,712","9,506,503","1,366,869",8.49
2011,12,UT,Final,"60,859","874,914","116,761",6.96
2011,12,VA,Final,"305,094","3,727,966","415,973",8.18
2011,12,VT,Final,"23,800","169,709","50,891",14.02
2011,12,WA,Final,"201,392","2,625,962","355,499",7.67
2011,12,WI,Final,"198,880","1,952,112","341,760",10.19
2011,12,WV,Final,"53,077","646,511","138,092",8.21
2011,12,WY,Final,"29,758","378,306","59,842",7.87
2011,11,AK,Final,"36,497","250,538","48,732",14.57
2011,11,AL,Final,"173,715","1,646,528","356,712",10.55
2011,11,AR,Final,"66,884","881,656","180,642",7.59
2011,11,AZ,Final,"191,030","2,159,280","306,246",8.85
2011,11,CA,Final,"1,193,445","9,840,750","1,786,058",12.13
2011,11,CO,Final,"149,746","1,583,818","347,414",9.45
2011,11,CT,Final,"147,855","949,689","150,451",15.57
2011,11,DC,Final,"85,739","684,062","26,555",12.53
2011,11,DE,Final,"32,238","311,663","50,419",10.34
2011,11,FL,Final,"710,033","7,049,674","1,154,748",10.07
2011,11,GA,Final,"331,678","3,456,475","549,543",9.6
2011,11,HI,Final,"93,279","271,269","59,990",34.39
2011,11,IA,Final,"70,398","935,123","219,816",7.53
2011,11,ID,Final,"31,324","489,918","101,819",6.39
2011,11,IL,Final,"334,354","3,854,648","591,200",8.67
2011,11,IN,Final,"156,793","1,808,806","343,788",8.67
2011,11,KS,Final,"98,481","1,154,045","222,329",8.53
2011,11,KY,Final,"119,748","1,387,734","294,651",8.63
2011,11,LA,Final,"143,933","1,800,025","277,792",8
2011,11,MA,Final,"186,744","1,352,331","423,601",13.81
2011,11,MD,Final,"245,926","2,318,294","245,504",10.61
2011,11,ME,Final,"37,438","305,321","88,833",12.26
2011,11,MI,Final,"301,909","3,001,506","514,156",10.06
2011,11,MN,Final,"139,404","1,749,391","275,893",7.97
2011,11,MO,Final,"169,256","2,296,989","371,317",7.37
2011,11,MS,Final,"94,792","1,007,100","226,435",9.41
2011,11,MT,Final,"34,489","386,335","101,370",8.93
2011,11,NC,Final,"284,692","3,462,297","644,941",8.22
2011,11,ND,Final,"32,017","421,741","60,469",7.59
2011,11,NE,Final,"54,062","710,383","149,531",7.61
2011,11,NH,Final,"47,058","338,033","104,453",13.92
2011,11,NJ,Final,"362,278","2,848,164","483,958",12.72
2011,11,NM,Final,"63,562","697,284","136,924",9.12
2011,11,NV,Final,"61,657","685,392","154,951",9
2011,11,NY,Final,"845,566","5,786,548","1,033,903",14.61
2011,11,OH,Final,"336,879","3,554,584","610,697",9.48
2011,11,OK,Final,"105,077","1,473,579","265,545",7.13
2011,11,OR,Final,"107,703","1,289,624","239,555",8.35
2011,11,PA,Final,"324,263","3,232,068","684,735",10.03
2011,11,RI,Final,"34,720","293,046","57,509",11.85
2011,11,SC,Final,"147,308","1,547,505","340,854",9.52
2011,11,SD,Final,"26,545","343,349","68,948",7.73
2011,11,TN,Final,"216,377","2,120,351","464,642",10.2
2011,11,TX,Final,"796,123","9,231,488","1,356,985",8.62
2011,11,UT,Final,"60,702","834,265","118,512",7.28
2011,11,VA,Final,"283,154","3,455,544","415,551",8.19
2011,11,VT,Final,"22,091","155,849","51,017",14.17
2011,11,WA,Final,"184,265","2,412,320","354,795",7.64
2011,11,WI,Final,"182,870","1,774,735","340,841",10.3
2011,11,WV,Final,"47,910","564,095","138,163",8.49
2011,11,WY,Final,"29,990","387,208","60,019",7.75
2011,10,AK,Final,"34,262","231,021","48,477",14.83
2011,10,AL,Final,"185,898","1,680,241","357,135",11.06
2011,10,AR,Final,"75,574","1,001,711","180,800",7.54
2011,10,AZ,Final,"238,214","2,457,774","306,059",9.69
2011,10,CA,Final,"1,437,719","10,547,797","1,821,027",13.63
2011,10,CO,Final,"154,963","1,630,130","348,373",9.51
2011,10,CT,Final,"161,508","1,061,215","150,247",15.22
2011,10,DC,Final,"91,815","719,803","26,490",12.76
2011,10,DE,Final,"35,387","338,503","50,549",10.45
2011,10,FL,Final,"778,380","7,831,472","1,136,512",9.94
2011,10,GA,Final,"351,604","3,696,674","549,469",9.51
2011,10,HI,Final,"100,455","290,965","60,037",34.52
2011,10,IA,Final,"77,167","991,203","219,623",7.79
2011,10,ID,Final,"29,443","464,284","101,677",6.34
2011,10,IL,Final,"343,183","4,018,623","592,403",8.54
2011,10,IN,Final,"175,569","1,944,850","343,871",9.03
2011,10,KS,Final,"109,672","1,260,563","222,311",8.7
2011,10,KY,Final,"125,176","1,501,149","295,225",8.34
2011,10,LA,Final,"179,334","2,055,994","277,185",8.72
2011,10,MA,Final,"196,356","1,417,303","387,009",13.85
2011,10,MD,Final,"254,857","2,351,455","245,621",10.84
2011,10,ME,Final,"39,037","322,427","88,944",12.11
2011,10,MI,Final,"337,816","3,236,569","514,425",10.44
2011,10,MN,Final,"155,008","1,816,297","275,646",8.53
2011,10,MO,Final,"187,878","2,498,032","371,205",7.52
2011,10,MS,Final,"106,713","1,143,929","226,768",9.33
2011,10,MT,Final,"37,491","403,964","101,400",9.28
2011,10,NC,Final,"322,157","3,805,846","644,914",8.46
2011,10,ND,Final,"30,375","397,560","60,465",7.64
2011,10,NE,Final,"60,520","769,112","149,216",7.87
2011,10,NH,Final,"51,694","380,963","104,794",13.57
2011,10,NJ,Final,"394,281","3,107,012","487,448",12.69
2011,10,NM,Final,"74,517","765,629","137,233",9.73
2011,10,NV,Final,"69,693","771,708","154,896",9.03
2011,10,NY,Final,"972,723","6,192,300","1,037,239",15.71
2011,10,OH,Final,"363,069","3,807,750","611,826",9.54
2011,10,OK,Final,"123,468","1,606,466","265,377",7.69
2011,10,OR,Final,"105,828","1,273,323","239,306",8.31
2011,10,PA,Final,"345,567","3,471,533","684,546",9.95
2011,10,RI,Final,"33,499","296,974","57,903",11.28
2011,10,SC,Final,"155,690","1,701,327","340,580",9.15
2011,10,SD,Final,"27,764","352,827","69,068",7.87
2011,10,TN,Final,"232,176","2,256,528","464,585",10.29
2011,10,TX,Final,"930,046","10,812,291","1,352,616",8.6
2011,10,UT,Final,"67,786","844,530","119,629",8.03
2011,10,VA,Final,"303,123","3,737,155","415,298",8.11
2011,10,VT,Final,"23,274","163,644","50,997",14.22
2011,10,WA,Final,"180,793","2,397,161","353,475",7.54
2011,10,WI,Final,"191,281","1,845,729","340,319",10.36
2011,10,WV,Final,"53,603","627,872","138,424",8.54
2011,10,WY,Final,"28,216","350,375","60,062",8.05
2011,9,AK,Final,"34,932","226,101","48,741",15.45
2011,9,AL,Final,"206,288","1,998,602","356,778",10.32
2011,9,AR,Final,"89,615","1,156,851","180,877",7.75
2011,9,AZ,Final,"268,486","2,737,508","305,858",9.81
2011,9,CA,Final,"1,696,844","11,684,223","1,823,483",14.52
2011,9,CO,Final,"172,943","1,734,818","348,381",9.97
2011,9,CT,Final,"175,482","1,146,890","150,229",15.3
2011,9,DC,Final,"94,857","752,867","26,469",12.6
2011,9,DE,Final,"40,269","391,323","50,518",10.29
2011,9,FL,Final,"854,206","8,801,132","1,141,859",9.71
2011,9,GA,Final,"408,773","4,162,585","549,759",9.82
2011,9,HI,Final,"100,610","287,425","60,114",35
2011,9,IA,Final,"79,522","971,395","219,888",8.19
2011,9,ID,Final,"27,600","499,984","101,760",5.52
2011,9,IL,Final,"362,351","4,248,523","591,496",8.53
2011,9,IN,Final,"179,032","1,977,217","343,757",9.05
2011,9,KS,Final,"123,837","1,362,808","222,587",9.09
2011,9,KY,Final,"135,102","1,515,805","295,475",8.91
2011,9,LA,Final,"202,202","2,333,152","277,964",8.67
2011,9,MA,Final,"231,844","1,507,898","386,934",15.38
2011,9,MD,Final,"290,002","2,581,131","245,557",11.24
2011,9,ME,Final,"40,951","348,365","89,160",11.76
2011,9,MI,Final,"313,191","3,059,022","525,870",10.24
2011,9,MN,Final,"172,219","1,851,348","276,055",9.3
2011,9,MO,Final,"215,689","2,575,861","371,289",8.37
2011,9,MS,Final,"121,363","1,309,043","226,882",9.27
2011,9,MT,Final,"37,495","404,273","101,439",9.27
2011,9,NC,Final,"343,805","4,074,646","653,161",8.44
2011,9,ND,Final,"30,958","376,054","60,277",8.23
2011,9,NE,Final,"66,417","757,204","149,641",8.77
2011,9,NH,Final,"55,320","399,656","104,773",13.84
2011,9,NJ,Final,"456,735","3,409,681","478,789",13.4
2011,9,NM,Final,"79,691","832,976","136,870",9.57
2011,9,NV,Final,"72,932","798,248","154,911",9.14
2011,9,NY,Final,"1,150,151","6,876,644","1,035,338",16.73
2011,9,OH,Final,"377,620","3,854,618","611,356",9.8
2011,9,OK,Final,"136,409","1,584,008","265,488",8.61
2011,9,OR,Final,"107,529","1,339,895","239,538",8.03
2011,9,PA,Final,"369,677","3,641,513","684,770",10.15
2011,9,RI,Final,"38,857","300,745","57,611",12.92
2011,9,SC,Final,"184,863","1,933,023","342,407",9.56
2011,9,SD,Final,"30,898","377,047","69,251",8.19
2011,9,TN,Final,"282,317","2,670,817","465,211",10.57
2011,9,TX,Final,"1,139,383","12,619,255","1,375,226",9.03
2011,9,UT,Final,"78,478","985,780","120,414",7.96
2011,9,VA,Final,"322,976","3,989,145","415,119",8.1
2011,9,VT,Final,"24,005","171,497","50,989",14
2011,9,WA,Final,"180,919","2,402,344","356,919",7.53
2011,9,WI,Final,"208,827","1,950,617","342,257",10.71
2011,9,WV,Final,"51,812","622,097","138,062",8.33
2011,9,WY,Final,"27,641","357,651","60,272",7.73
2011,8,AK,Final,"35,948","233,427","48,583",15.4
2011,8,AL,Final,"247,123","2,323,469","357,114",10.64
2011,8,AR,Final,"101,423","1,300,255","180,878",7.8
2011,8,AZ,Final,"320,620","3,179,171","305,626",10.09
2011,8,CA,Final,"1,794,147","12,177,688","1,874,983",14.73
2011,8,CO,Final,"195,346","1,905,991","348,623",10.25
2011,8,CT,Final,"197,076","1,276,939","150,490",15.43
2011,8,DC,Final,"102,400","801,888","26,576",12.77
2011,8,DE,Final,"43,527","409,034","50,530",10.64
2011,8,FL,Final,"870,203","8,830,335","1,149,911",9.85
2011,8,GA,Final,"490,586","4,697,118","549,813",10.44
2011,8,HI,Final,"103,103","296,655","59,856",34.76
2011,8,IA,Final,"96,501","1,123,793","219,353",8.59
2011,8,ID,Final,"36,590","545,062","101,584",6.71
2011,8,IL,Final,"442,347","4,830,347","590,439",9.16
2011,8,IN,Final,"204,460","2,347,525","344,307",8.71
2011,8,KS,Final,"145,024","1,577,449","222,942",9.19
2011,8,KY,Final,"157,637","1,857,170","295,639",8.49
2011,8,LA,Final,"208,912","2,402,534","278,701",8.7
2011,8,MA,Final,"242,766","1,611,983","386,704",15.06
2011,8,MD,Final,"327,228","2,867,748","245,586",11.41
2011,8,ME,Final,"45,393","363,560","89,171",12.49
2011,8,MI,Final,"389,192","3,634,060","526,550",10.71
2011,8,MN,Final,"184,788","2,027,247","275,563",9.12
2011,8,MO,Final,"290,492","3,055,040","370,972",9.51
2011,8,MS,Final,"133,095","1,423,936","226,534",9.35
2011,8,MT,Final,"38,957","422,838","101,320",9.21
2011,8,NC,Final,"371,097","4,479,417","646,584",8.28
2011,8,ND,Final,"32,870","403,535","59,965",8.15
2011,8,NE,Final,"72,888","856,529","149,137",8.51
2011,8,NH,Final,"57,846","413,296","104,854",14
2011,8,NJ,Final,"540,172","3,739,705","482,751",14.44
2011,8,NM,Final,"91,564","921,302","136,944",9.94
2011,8,NV,Final,"84,283","929,780","154,963",9.06
2011,8,NY,Final,"1,248,704","7,322,466","1,036,471",17.05
2011,8,OH,Final,"430,120","4,414,809","612,548",9.74
2011,8,OK,Final,"172,278","2,053,008","265,528",8.39
2011,8,OR,Final,"117,457","1,454,415","239,067",8.08
2011,8,PA,Final,"407,556","3,999,799","685,098",10.19
2011,8,RI,Final,"41,626","330,430","56,780",12.6
2011,8,SC,Final,"207,383","2,202,023","340,549",9.42
2011,8,SD,Final,"33,491","417,689","69,264",8.02
2011,8,TN,Final,"309,658","2,979,203","466,329",10.39
2011,8,TX,Final,"1,247,485","13,643,813","1,380,195",9.14
2011,8,UT,Final,"75,502","1,021,136","123,919",7.39
2011,8,VA,Final,"361,144","4,353,992","414,960",8.29
2011,8,VT,Final,"25,537","183,367","51,055",13.93
2011,8,WA,Final,"183,524","2,481,324","354,451",7.4
2011,8,WI,Final,"228,835","2,144,179","340,392",10.67
2011,8,WV,Final,"61,249","746,716","138,176",8.2
2011,8,WY,Final,"26,961","354,283","60,294",7.61
2011,7,AK,Final,"35,158","222,841","48,597",15.78
2011,7,AL,Final,"232,645","2,182,147","356,444",10.66
2011,7,AR,Final,"97,621","1,242,063","180,675",7.86
2011,7,AZ,Final,"303,363","2,912,336","305,443",10.42
2011,7,CA,Final,"1,640,732","10,804,385","1,801,551",15.19
2011,7,CO,Final,"190,377","1,898,228","348,659",10.03
2011,7,CT,Final,"193,400","1,248,946","150,164",15.49
2011,7,DC,Final,"117,585","929,330","26,544",12.65
2011,7,DE,Final,"42,332","404,895","50,519",10.46
2011,7,FL,Final,"832,900","8,540,466","1,139,142",9.75
2011,7,GA,Final,"467,033","4,635,468","549,536",10.08
2011,7,HI,Final,"96,750","285,088","59,857",33.94
2011,7,IA,Final,"99,350","1,143,501","219,363",8.69
2011,7,ID,Final,"35,613","531,067","101,492",6.71
2011,7,IL,Final,"430,464","4,889,514","592,351",8.8
2011,7,IN,Final,"216,311","2,461,570","343,683",8.79
2011,7,KS,Final,"149,187","1,618,812","222,319",9.22
2011,7,KY,Final,"163,455","1,941,607","295,184",8.42
2011,7,LA,Final,"205,420","2,380,235","277,748",8.63
2011,7,MA,Final,"246,097","1,717,947","387,390",14.33
2011,7,MD,Final,"348,260","3,068,974","245,312",11.35
2011,7,ME,Final,"45,947","380,649","89,127",12.07
2011,7,MI,Final,"423,201","4,032,132","525,619",10.5
2011,7,MN,Final,"194,195","2,114,774","275,366",9.18
2011,7,MO,Final,"299,789","3,174,515","370,759",9.44
2011,7,MS,Final,"127,524","1,365,017","226,719",9.34
2011,7,MT,Final,"39,779","426,372","101,424",9.33
2011,7,NC,Final,"382,575","4,579,725","645,579",8.35
2011,7,ND,Final,"32,549","397,326","59,627",8.19
2011,7,NE,Final,"76,222","871,934","148,934",8.74
2011,7,NH,Final,"57,520","411,159","104,874",13.99
2011,7,NJ,Final,"567,018","3,973,204","486,676",14.27
2011,7,NM,Final,"86,327","903,637","136,796",9.55
2011,7,NV,Final,"79,656","910,127","154,851",8.75
2011,7,NY,Final,"1,275,393","7,388,969","1,034,236",17.26
2011,7,OH,Final,"458,705","4,760,078","610,840",9.64
2011,7,OK,Final,"168,114","2,050,557","265,506",8.2
2011,7,OR,Final,"109,126","1,335,969","239,022",8.17
2011,7,PA,Final,"417,978","4,047,141","684,691",10.33
2011,7,RI,Final,"44,739","375,075","57,785",11.93
2011,7,SC,Final,"209,166","2,184,037","340,421",9.58
2011,7,SD,Final,"31,390","384,783","69,049",8.16
2011,7,TN,Final,"298,515","2,858,821","464,969",10.44
2011,7,TX,Final,"1,098,562","12,431,799","1,366,981",8.84
2011,7,UT,Final,"74,695","976,611","124,449",7.65
2011,7,VA,Final,"393,823","4,793,992","414,557",8.21
2011,7,VT,Final,"25,611","184,272","50,931",13.9
2011,7,WA,Final,"175,423","2,367,268","354,584",7.41
2011,7,WI,Final,"235,152","2,217,843","341,116",10.6
2011,7,WV,Final,"59,646","745,151","137,703",8
2011,7,WY,Final,"28,644","363,080","60,020",7.89
2011,6,AK,Final,"34,239","218,097","48,840",15.7
2011,6,AL,Final,"226,155","2,127,926","356,609",10.63
2011,6,AR,Final,"89,076","1,144,021","180,452",7.79
2011,6,AZ,Final,"278,798","2,703,916","305,442",10.31
2011,6,CA,Final,"1,558,841","10,584,217","1,851,050",14.73
2011,6,CO,Final,"168,878","1,663,589","348,718",10.15
2011,6,CT,Final,"179,053","1,144,470","150,483",15.65
2011,6,DC,Final,"109,261","833,736","26,486",13.1
2011,6,DE,Final,"40,511","380,221","50,492",10.65
2011,6,FL,Final,"828,579","8,491,610","1,140,518",9.76
2011,6,GA,Final,"452,296","4,370,693","549,330",10.35
2011,6,HI,Final,"91,085","272,073","59,979",33.48
2011,6,IA,Final,"85,974","1,029,734","219,264",8.35
2011,6,ID,Final,"32,047","460,826","101,372",6.95
2011,6,IL,Final,"387,721","4,307,399","585,162",9
2011,6,IN,Final,"191,668","2,181,221","344,061",8.79
2011,6,KS,Final,"135,105","1,458,593","222,158",9.26
2011,6,KY,Final,"143,357","1,653,439","295,875",8.67
2011,6,LA,Final,"194,881","2,239,340","278,053",8.7
2011,6,MA,Final,"233,688","1,539,468","386,792",15.18
2011,6,MD,Final,"326,373","2,836,840","245,271",11.5
2011,6,ME,Final,"43,771","370,324","89,090",11.82
2011,6,MI,Final,"353,909","3,219,900","526,781",10.99
2011,6,MN,Final,"172,964","1,892,100","275,374",9.14
2011,6,MO,Final,"260,231","2,813,814","371,127",9.25
2011,6,MS,Final,"122,944","1,276,624","226,640",9.63
2011,6,MT,Final,"34,464","373,851","101,505",9.22
2011,6,NC,Final,"351,367","4,345,321","645,279",8.09
2011,6,ND,Final,"30,112","359,919","60,094",8.37
2011,6,NE,Final,"65,728","766,272","148,919",8.58
2011,6,NH,Final,"55,250","389,170","104,862",14.2
2011,6,NJ,Final,"484,189","3,364,034","474,476",14.39
2011,6,NM,Final,"78,300","835,920","136,852",9.37
2011,6,NV,Final,"70,213","801,822","155,167",8.76
2011,6,NY,Final,"1,121,069","6,591,366","1,037,504",17.01
2011,6,OH,Final,"403,688","4,159,876","611,668",9.7
2011,6,OK,Final,"161,656","2,012,590","265,147",8.03
2011,6,OR,Final,"102,981","1,257,139","238,968",8.19
2011,6,PA,Final,"388,580","3,821,914","681,954",10.17
2011,6,RI,Final,"42,239","321,339","57,580",13.14
2011,6,SC,Final,"195,911","2,074,897","340,110",9.44
2011,6,SD,Final,"28,609","349,128","69,021",8.19
2011,6,TN,Final,"271,242","2,636,536","465,667",10.29
2011,6,TX,Final,"1,071,105","11,965,151","1,372,302",8.95
2011,6,UT,Final,"71,000","882,918","124,376",8.04
2011,6,VA,Final,"337,288","4,226,830","414,078",7.98
2011,6,VT,Final,"23,359","167,354","51,020",13.96
2011,6,WA,Final,"173,377","2,323,382","353,642",7.46
2011,6,WI,Final,"208,954","1,919,348","340,893",10.89
2011,6,WV,Final,"53,621","676,003","138,059",7.93
2011,6,WY,Final,"26,484","333,902","60,138",7.93
2011,5,AK,Final,"34,505","223,089","48,202",15.47
2011,5,AL,Final,"191,802","1,833,307","351,416",10.46
2011,5,AR,Final,"72,116","946,690","179,651",7.62
2011,5,AZ,Final,"239,242","2,431,259","305,255",9.84
2011,5,CA,Final,"1,252,356","9,906,696","1,823,488",12.64
2011,5,CO,Final,"146,951","1,576,976","348,425",9.32
2011,5,CT,Final,"166,764","1,065,245","150,284",15.65
2011,5,DC,Final,"102,931","785,684","26,459",13.1
2011,5,DE,Final,"35,694","324,192","50,379",11.01
2011,5,FL,Final,"765,421","7,750,822","1,136,355",9.88
2011,5,GA,Final,"398,228","3,981,276","546,997",10
2011,5,HI,Final,"93,950","292,304","60,117",32.14
2011,5,IA,Final,"73,104","937,994","219,132",7.79
2011,5,ID,Final,"29,419","445,598","101,245",6.6
2011,5,IL,Final,"347,844","3,935,978","583,326",8.84
2011,5,IN,Final,"173,760","1,986,781","343,078",8.75
2011,5,KS,Final,"112,960","1,256,074","220,951",8.99
2011,5,KY,Final,"132,256","1,522,296","293,017",8.69
2011,5,LA,Final,"162,412","1,931,820","277,098",8.41
2011,5,MA,Final,"189,567","1,354,404","384,929",14
2011,5,MD,Final,"295,094","2,585,575","241,128",11.41
2011,5,ME,Final,"38,490","315,986","88,893",12.18
2011,5,MI,Final,"332,475","3,136,896","526,890",10.6
2011,5,MN,Final,"157,691","1,770,802","275,124",8.91
2011,5,MO,Final,"205,788","2,458,135","370,268",8.37
2011,5,MS,Final,"107,682","1,105,576","225,386",9.74
2011,5,MT,Final,"35,024","378,761","101,360",9.25
2011,5,NC,Final,"309,962","3,919,983","643,113",7.91
2011,5,ND,Final,"27,731","364,665","59,980",7.6
2011,5,NE,Final,"56,977","718,529","148,741",7.93
2011,5,NH,Final,"47,291","330,201","104,683",14.32
2011,5,NJ,Final,"434,662","3,234,242","479,873",13.44
2011,5,NM,Final,"65,855","763,033","136,741",8.63
2011,5,NV,Final,"69,295","749,358","154,230",9.25
2011,5,NY,Final,"906,857","5,821,564","1,035,164",15.58
2011,5,OH,Final,"380,713","3,961,166","612,500",9.61
2011,5,OK,Final,"122,008","1,703,132","263,905",7.16
2011,5,OR,Final,"101,519","1,240,107","238,867",8.19
2011,5,PA,Final,"344,989","3,429,511","684,405",10.06
2011,5,RI,Final,"33,305","280,235","57,594",11.88
2011,5,SC,Final,"171,814","1,859,419","339,047",9.24
2011,5,SD,Final,"26,249","341,150","68,684",7.69
2011,5,TN,Final,"227,263","2,239,283","464,393",10.15
2011,5,TX,Final,"905,289","10,293,115","1,361,201",8.8
2011,5,UT,Final,"61,850","816,538","124,312",7.57
2011,5,VA,Final,"312,121","4,029,413","413,100",7.75
2011,5,VT,Final,"22,404","155,710","50,682",14.39
2011,5,WA,Final,"169,698","2,299,611","355,000",7.38
2011,5,WI,Final,"191,314","1,842,300","339,806",10.38
2011,5,WV,Final,"52,478","637,505","137,900",8.23
2011,5,WY,Final,"27,472","354,546","59,654",7.75
2011,4,AK,Final,"35,502","231,572","48,357",15.33
2011,4,AL,Final,"171,157","1,716,396","356,292",9.97
2011,4,AR,Final,"65,926","897,875","179,771",7.34
2011,4,AZ,Final,"210,416","2,273,701","304,412",9.25
2011,4,CA,Final,"1,084,611","9,093,102","1,774,397",11.93
2011,4,CO,Final,"143,236","1,542,210","348,249",9.29
2011,4,CT,Final,"155,730","991,629","150,266",15.7
2011,4,DC,Final,"86,723","658,668","26,460",13.17
2011,4,DE,Final,"34,780","321,446","50,294",10.82
2011,4,FL,Final,"721,883","7,386,653","1,137,797",9.77
2011,4,GA,Final,"348,481","3,606,961","548,463",9.66
2011,4,HI,Final,"85,297","280,034","60,180",30.46
2011,4,IA,Final,"68,009","905,154","218,645",7.51
2011,4,ID,Final,"30,091","457,747","101,116",6.57
2011,4,IL,Final,"327,072","3,779,851","582,400",8.65
2011,4,IN,Final,"148,819","1,694,128","343,265",8.78
2011,4,KS,Final,"100,251","1,152,077","221,328",8.7
2011,4,KY,Final,"116,803","1,374,899","292,791",8.5
2011,4,LA,Final,"155,515","1,843,911","276,131",8.43
2011,4,MA,Final,"189,342","1,366,800","387,715",13.85
2011,4,MD,Final,"261,975","2,299,735","245,188",11.39
2011,4,ME,Final,"36,475","302,021","88,610",12.08
2011,4,MI,Final,"294,323","2,916,866","526,737",10.09
2011,4,MN,Final,"148,665","1,712,065","274,352",8.68
2011,4,MO,Final,"165,405","2,256,105","370,647",7.33
2011,4,MS,Final,"98,845","1,047,035","225,879",9.44
2011,4,MT,Final,"35,278","388,490","101,676",9.08
2011,4,NC,Final,"277,012","3,523,738","643,629",7.86
2011,4,ND,Final,"28,086","378,559","59,744",7.42
2011,4,NE,Final,"51,393","659,858","148,324",7.79
2011,4,NH,Final,"49,954","356,933","104,329",14
2011,4,NJ,Final,"384,089","2,947,924","479,561",13.03
2011,4,NM,Final,"60,661","716,997","136,626",8.46
2011,4,NV,Final,"61,540","666,437","155,046",9.23
2011,4,NY,Final,"861,898","5,709,894","1,037,261",15.09
2011,4,OH,Final,"335,967","3,418,838","608,673",9.83
2011,4,OK,Final,"100,957","1,421,517","264,312",7.1
2011,4,OR,Final,"101,866","1,235,257","238,306",8.25
2011,4,PA,Final,"330,069","3,302,330","684,167",10
2011,4,RI,Final,"32,248","274,672","57,430",11.74
2011,4,SC,Final,"147,940","1,628,449","339,486",9.08
2011,4,SD,Final,"26,416","347,362","68,360",7.6
2011,4,TN,Final,"221,507","2,193,662","463,529",10.1
2011,4,TX,Final,"842,979","9,707,567","1,358,685",8.68
2011,4,UT,Final,"55,707","803,267","124,208",6.94
2011,4,VA,Final,"273,651","3,548,723","413,425",7.71
2011,4,VT,Final,"21,721","154,965","50,642",14.02
2011,4,WA,Final,"176,128","2,374,618","352,461",7.42
2011,4,WI,Final,"178,317","1,712,357","340,383",10.41
2011,4,WV,Final,"47,362","576,934","137,306",8.21
2011,4,WY,Final,"26,859","348,229","59,518",7.71
2011,3,AK,Final,"36,499","245,405","48,463",14.87
2011,3,AL,Final,"165,101","1,628,284","356,090",10.14
2011,3,AR,Final,"60,807","876,817","180,069",6.93
2011,3,AZ,Final,"185,341","2,104,637","304,827",8.81
2011,3,CA,Final,"1,135,204","10,030,891","1,879,129",11.32
2011,3,CO,Final,"136,667","1,549,177","347,780",8.82
2011,3,CT,Final,"165,755","1,054,805","150,540",15.71
2011,3,DC,Final,"95,098","709,979","26,490",13.39
2011,3,DE,Final,"36,807","338,900","50,201",10.86
2011,3,FL,Final,"664,073","6,692,820","1,130,656",9.92
2011,3,GA,Final,"343,618","3,486,102","547,778",9.86
2011,3,HI,Final,"85,284","291,735","60,336",29.23
2011,3,IA,Final,"75,084","984,029","218,954",7.63
2011,3,ID,Final,"32,489","499,991","101,122",6.5
2011,3,IL,Final,"345,276","4,029,260","582,128",8.57
2011,3,IN,Final,"173,315","1,974,239","345,237",8.78
2011,3,KS,Final,"99,546","1,159,834","220,841",8.58
2011,3,KY,Final,"125,829","1,488,118","293,311",8.46
2011,3,LA,Final,"153,702","1,798,519","275,826",8.55
2011,3,MA,Final,"203,474","1,456,707","387,763",13.97
2011,3,MD,Final,"275,612","2,405,682","245,200",11.46
2011,3,ME,Final,"41,142","331,135","88,401",12.42
2011,3,MI,Final,"307,261","3,009,269","527,435",10.21
2011,3,MN,Final,"157,236","1,852,669","280,029",8.49
2011,3,MO,Final,"174,631","2,415,240","370,743",7.23
2011,3,MS,Final,"96,578","1,001,636","225,581",9.64
2011,3,MT,Final,"37,255","413,008","101,706",9.02
2011,3,NC,Final,"288,729","3,645,661","643,105",7.92
2011,3,ND,Final,"31,083","442,253","59,687",7.03
2011,3,NE,Final,"55,966","749,094","148,706",7.47
2011,3,NH,Final,"50,510","357,034","104,284",14.15
2011,3,NJ,Final,"417,551","3,182,276","479,621",13.12
2011,3,NM,Final,"60,194","698,794","136,472",8.61
2011,3,NV,Final,"63,667","682,789","155,666",9.32
2011,3,NY,Final,"910,063","6,147,997","1,034,657",14.8
2011,3,OH,Final,"379,916","3,878,598","615,325",9.8
2011,3,OK,Final,"100,089","1,467,419","264,139",6.82
2011,3,OR,Final,"106,848","1,322,138","238,758",8.08
2011,3,PA,Final,"352,580","3,533,938","683,942",9.98
2011,3,RI,Final,"36,852","299,358","56,508",12.31
2011,3,SC,Final,"146,568","1,641,156","339,480",8.93
2011,3,SD,Final,"28,054","377,538","68,353",7.43
2011,3,TN,Final,"223,377","2,158,076","461,673",10.35
2011,3,TX,Final,"852,552","9,555,390","1,364,018",8.92
2011,3,UT,Final,"58,793","857,015","124,062",6.86
2011,3,VA,Final,"291,384","3,779,286","412,618",7.71
2011,3,VT,Final,"22,951","165,763","50,487",13.85
2011,3,WA,Final,"191,514","2,553,882","356,408",7.5
2011,3,WI,Final,"197,360","1,946,018","340,027",10.14
2011,3,WV,Final,"50,413","619,780","138,671",8.13
2011,3,WY,Final,"27,908","366,920","59,686",7.61
2011,2,AK,Final,"36,828","249,756","48,225",14.75
2011,2,AL,Final,"167,999","1,632,320","355,727",10.29
2011,2,AR,Final,"62,435","886,283","179,274",7.04
2011,2,AZ,Final,"183,377","2,094,467","304,766",8.76
2011,2,CA,Final,"1,043,312","8,805,894","1,751,656",11.85
2011,2,CO,Final,"134,516","1,526,886","346,761",8.81
2011,2,CT,Final,"158,138","1,005,523","146,931",15.73
2011,2,DC,Final,"86,840","645,713","26,466",13.45
2011,2,DE,Final,"37,676","340,829","50,028",11.05
2011,2,FL,Final,"638,401","6,444,591","1,135,590",9.91
2011,2,GA,Final,"323,964","3,393,890","546,761",9.55
2011,2,HI,Final,"75,482","265,373","60,041",28.44
2011,2,IA,Final,"73,170","977,300","218,192",7.49
2011,2,ID,Final,"33,116","507,926","100,971",6.52
2011,2,IL,Final,"352,194","4,076,089","582,779",8.64
2011,2,IN,Final,"158,726","1,815,852","342,057",8.74
2011,2,KS,Final,"97,428","1,171,678","221,897",8.32
2011,2,KY,Final,"121,627","1,436,188","291,463",8.47
2011,2,LA,Final,"151,370","1,813,747","274,821",8.35
2011,2,MA,Final,"198,827","1,436,162","387,184",13.84
2011,2,MD,Final,"270,911","2,313,400","244,875",11.71
2011,2,ME,Final,"38,986","305,246","88,289",12.77
2011,2,MI,Final,"308,526","3,023,998","513,502",10.2
2011,2,MN,Final,"149,611","1,815,139","278,123",8.24
2011,2,MO,Final,"168,778","2,372,359","370,259",7.11
2011,2,MS,Final,"95,808","1,001,595","225,016",9.57
2011,2,MT,Final,"37,740","415,986","101,499",9.07
2011,2,NC,Final,"268,036","3,305,422","642,011",8.11
2011,2,ND,Final,"29,127","419,601","59,562",6.94
2011,2,NE,Final,"56,758","765,169","147,837",7.42
2011,2,NH,Final,"52,934","369,423","104,327",14.33
2011,2,NJ,Final,"401,969","3,000,611","477,925",13.4
2011,2,NM,Final,"56,449","660,342","135,429",8.55
2011,2,NV,Final,"59,057","622,780","155,418",9.48
2011,2,NY,Final,"931,976","6,141,514","1,036,667",15.18
2011,2,OH,Final,"347,948","3,561,540","608,177",9.77
2011,2,OK,Final,"94,895","1,331,940","263,346",7.12
2011,2,OR,Final,"103,113","1,248,170","237,486",8.26
2011,2,PA,Final,"353,667","3,570,485","686,425",9.91
2011,2,RI,Final,"36,414","283,037","57,485",12.87
2011,2,SC,Final,"135,517","1,488,410","339,293",9.1
2011,2,SD,Final,"27,827","377,171","68,088",7.38
2011,2,TN,Final,"227,370","2,277,243","460,882",9.98
2011,2,TX,Final,"795,508","8,904,180","1,351,236",8.93
2011,2,UT,Final,"53,144","775,791","123,929",6.85
2011,2,VA,Final,"262,849","3,462,461","412,124",7.59
2011,2,VT,Final,"22,339","161,799","50,359",13.81
2011,2,WA,Final,"191,392","2,563,870","350,797",7.46
2011,2,WI,Final,"178,247","1,742,421","338,857",10.23
2011,2,WV,Final,"48,712","627,694","137,302",7.76
2011,2,WY,Final,"27,090","360,276","59,388",7.52
2011,1,AK,Final,"38,794","264,777","48,346",14.65
2011,1,AL,Final,"185,868","1,826,257","355,858",10.18
2011,1,AR,Final,"64,191","937,317","179,690",6.85
2011,1,AZ,Final,"186,925","2,185,793","303,722",8.55
2011,1,CA,Final,"1,069,437","9,350,548","1,775,376",11.44
2011,1,CO,Final,"136,903","1,640,735","346,496",8.34
2011,1,CT,Final,"179,848","1,118,361","150,235",16.08
2011,1,DC,Final,"97,995","744,163","26,441",13.17
2011,1,DE,Final,"40,858","373,553","50,009",10.94
2011,1,FL,Final,"680,537","6,966,315","1,129,677",9.77
2011,1,GA,Final,"372,445","3,879,216","546,918",9.6
2011,1,HI,Final,"75,678","270,301","60,167",28
2011,1,IA,Final,"76,554","1,054,241","218,392",7.26
2011,1,ID,Final,"34,554","535,236","100,977",6.46
2011,1,IL,Final,"354,733","4,394,472","580,176",8.07
2011,1,IN,Final,"171,943","2,037,434","342,333",8.44
2011,1,KS,Final,"97,533","1,219,038","219,855",8
2011,1,KY,Final,"129,010","1,628,749","296,473",7.92
2011,1,LA,Final,"150,024","1,886,284","275,076",7.95
2011,1,MA,Final,"216,273","1,522,308","386,013",14.21
2011,1,MD,Final,"305,695","2,655,045","245,007",11.51
2011,1,ME,Final,"44,669","336,669","88,305",13.27
2011,1,MI,Final,"315,409","3,281,973","514,595",9.61
2011,1,MN,Final,"156,099","1,921,125","277,902",8.13
2011,1,MO,Final,"179,685","2,620,620","371,296",6.86
2011,1,MS,Final,"100,243","1,047,384","225,276",9.57
2011,1,MT,Final,"39,240","448,821","101,600",8.74
2011,1,NC,Final,"292,424","3,769,462","641,930",7.76
2011,1,ND,Final,"31,020","466,884","59,556",6.64
2011,1,NE,Final,"56,019","766,895","148,074",7.3
2011,1,NH,Final,"55,103","385,401","104,540",14.3
2011,1,NJ,Final,"439,335","3,216,594","481,671",13.66
2011,1,NM,Final,"55,970","703,172","136,415",7.96
2011,1,NV,Final,"61,119","665,044","158,002",9.19
2011,1,NY,Final,"976,850","6,343,171","1,035,325",15.4
2011,1,OH,Final,"369,523","3,949,343","609,992",9.36
2011,1,OK,Final,"100,611","1,424,163","263,451",7.06
2011,1,OR,Final,"108,782","1,374,257","238,394",7.92
2011,1,PA,Final,"386,871","3,918,755","686,829",9.87
2011,1,RI,Final,"39,232","297,630","57,723",13.18
2011,1,SC,Final,"156,643","1,732,096","339,114",9.04
2011,1,SD,Final,"29,390","403,698","68,201",7.28
2011,1,TN,Final,"243,666","2,460,750","461,854",9.9
2011,1,TX,Final,"829,650","9,543,138","1,357,187",8.69
2011,1,UT,Final,"56,931","871,561","123,785",6.53
2011,1,VA,Final,"296,278","3,946,918","412,834",7.51
2011,1,VT,Final,"24,008","174,617","50,474",13.75
2011,1,WA,Final,"194,866","2,607,163","352,136",7.47
2011,1,WI,Final,"202,964","2,007,312","340,751",10.11
2011,1,WV,Final,"52,609","677,567","137,705",7.76
2011,1,WY,Final,"28,818","398,306","59,538",7.24
2010,12,AK,Final,"36,396","259,603","47,874",14.02
2010,12,AL,Final,"189,268","1,822,541","356,561",10.38
2010,12,AR,Final,"63,042","897,476","179,546",7.02
2010,12,AZ,Final,"179,823","2,104,501","301,149",8.54
2010,12,CA,Final,"1,159,862","10,109,248","1,889,365",11.47
2010,12,CO,Final,"131,573","1,592,534","349,791",8.26
2010,12,CT,Final,"174,396","1,095,487","150,004",15.92
2010,12,DC,Final,"102,356","767,689","26,465",13.33
2010,12,DE,Final,"38,952","347,994","49,901",11.19
2010,12,FL,Final,"717,734","7,129,020","1,130,241",10.07
2010,12,GA,Final,"353,308","3,875,480","547,403",9.12
2010,12,HI,Final,"74,977","278,583","60,550",26.91
2010,12,IA,Final,"77,942","1,059,375","218,556",7.36
2010,12,ID,Final,"32,664","518,919","101,812",6.29
2010,12,IL,Final,"348,030","4,341,217","582,374",8.02
2010,12,IN,Final,"170,504","1,991,714","341,542",8.56
2010,12,KS,Final,"94,657","1,204,806","220,169",7.86
2010,12,KY,Final,"136,301","1,726,643","297,144",7.89
2010,12,LA,Final,"145,778","1,814,951","279,438",8.03
2010,12,MA,Final,"220,271","1,527,174","378,828",14.42
2010,12,MD,Final,"309,269","2,631,031","244,830",11.75
2010,12,ME,Final,"44,500","361,446","88,188",12.31
2010,12,MI,Final,"271,051","2,826,659","518,815",9.59
2010,12,MN,Final,"158,556","1,926,525","278,112",8.23
2010,12,MO,Final,"179,193","2,599,526","371,639",6.89
2010,12,MS,Final,"95,346","1,040,088","224,788",9.17
2010,12,MT,Final,"35,799","420,733","101,694",8.51
2010,12,NC,Final,"305,636","3,896,449","646,202",7.84
2010,12,ND,Final,"31,571","444,757","59,124",7.1
2010,12,NE,Final,"58,376","801,868","154,261",7.28
2010,12,NH,Final,"51,198","361,850","104,407",14.15
2010,12,NJ,Final,"433,738","3,308,657","481,287",13.11
2010,12,NM,Final,"55,321","689,539","135,961",8.02
2010,12,NV,Final,"60,775","677,376","154,685",8.97
2010,12,NY,Final,"988,271","6,321,023","1,036,566",15.63
2010,12,OH,Final,"372,067","3,952,476","612,542",9.41
2010,12,OK,Final,"104,014","1,445,453","262,788",7.2
2010,12,OR,Final,"94,380","1,263,968","239,559",7.47
2010,12,PA,Final,"384,119","3,964,620","680,236",9.69
2010,12,RI,Final,"40,768","322,546","55,363",12.64
2010,12,SC,Final,"167,734","1,844,390","339,866",9.09
2010,12,SD,Final,"28,050","385,971","66,533",7.27
2010,12,TN,Final,"228,623","2,279,137","461,436",10.03
2010,12,TX,Final,"790,801","8,865,581","1,443,083",8.92
2010,12,UT,Final,"53,795","844,730","123,703",6.37
2010,12,VA,Final,"323,255","4,245,555","427,132",7.61
2010,12,VT,Final,"23,670","174,449","50,742",13.57
2010,12,WA,Final,"195,956","2,593,915","355,732",7.55
2010,12,WI,Final,"189,791","1,955,305","340,332",9.71
2010,12,WV,Final,"55,937","727,055","136,975",7.69
2010,12,WY,Final,"27,722","388,673","59,532",7.13
2010,11,AK,Final,"34,887","243,036","47,872",14.35
2010,11,AL,Final,"172,807","1,683,653","357,198",10.26
2010,11,AR,Final,"62,771","895,381","179,721",7.01
2010,11,AZ,Final,"198,811","2,204,930","300,771",9.02
2010,11,CA,Final,"1,174,445","9,665,598","1,780,871",12.15
2010,11,CO,Final,"139,962","1,581,891","349,873",8.85
2010,11,CT,Final,"163,639","996,458","149,631",16.42
2010,11,DC,Final,"94,961","710,047","26,405",13.37
2010,11,DE,Final,"34,945","309,382","49,987",11.3
2010,11,FL,Final,"725,177","7,244,363","1,143,825",10.01
2010,11,GA,Final,"302,610","3,485,867","548,684",8.68
2010,11,HI,Final,"73,601","276,452","60,298",26.62
2010,11,IA,Final,"70,413","935,023","218,132",7.53
2010,11,ID,Final,"31,872","494,281","101,747",6.45
2010,11,IL,Final,"343,263","3,933,172","579,530",8.73
2010,11,IN,Final,"164,294","1,795,679","342,000",9.15
2010,11,KS,Final,"92,512","1,145,378","221,526",8.08
2010,11,KY,Final,"114,029","1,351,720","297,449",8.44
2010,11,LA,Final,"154,955","1,843,173","279,464",8.41
2010,11,MA,Final,"194,118","1,408,142","379,610",13.79
2010,11,MD,Final,"265,189","2,284,176","244,573",11.61
2010,11,ME,Final,"40,573","319,517","88,337",12.7
2010,11,MI,Final,"302,973","3,185,325","518,192",9.51
2010,11,MN,Final,"149,042","1,786,144","277,786",8.34
2010,11,MO,Final,"167,980","2,341,253","371,314",7.17
2010,11,MS,Final,"93,122","1,033,435","225,612",9.01
2010,11,MT,Final,"34,410","388,567","101,410",8.86
2010,11,NC,Final,"273,868","3,479,315","647,459",7.87
2010,11,ND,Final,"30,279","416,924","59,126",7.26
2010,11,NE,Final,"55,154","749,318","154,231",7.36
2010,11,NH,Final,"48,524","332,694","104,486",14.59
2010,11,NJ,Final,"400,218","3,035,535","473,652",13.18
2010,11,NM,Final,"55,931","693,261","135,684",8.07
2010,11,NV,Final,"66,864","698,261","154,207",9.58
2010,11,NY,Final,"916,184","5,758,272","1,032,689",15.91
2010,11,OH,Final,"353,107","3,584,403","613,955",9.85
2010,11,OK,Final,"98,559","1,466,863","263,260",6.72
2010,11,OR,Final,"102,642","1,336,704","239,215",7.68
2010,11,PA,Final,"354,639","3,546,203","679,912",10
2010,11,RI,Final,"36,806","287,477","57,151",12.8
2010,11,SC,Final,"142,972","1,551,620","340,481",9.21
2010,11,SD,Final,"25,596","340,560","66,488",7.52
2010,11,TN,Final,"220,567","2,091,651","461,942",10.55
2010,11,TX,Final,"781,618","8,930,212","1,453,486",8.75
2010,11,UT,Final,"53,940","804,779","123,540",6.7
2010,11,VA,Final,"273,003","3,586,003","427,381",7.61
2010,11,VT,Final,"21,807","157,996","50,866",13.8
2010,11,WA,Final,"179,252","2,357,160","353,217",7.6
2010,11,WI,Final,"176,620","1,788,591","338,334",9.87
2010,11,WV,Final,"50,903","623,763","137,103",8.16
2010,11,WY,Final,"26,680","359,331","59,566",7.42
2010,10,AK,Final,"32,625","231,454","47,958",14.1
2010,10,AL,Final,"189,309","1,771,977","357,890",10.68
2010,10,AR,Final,"72,965","1,030,305","179,725",7.08
2010,10,AZ,Final,"227,014","2,369,075","300,532",9.58
2010,10,CA,Final,"1,439,843","10,677,021","1,837,144",13.49
2010,10,CO,Final,"143,901","1,614,241","351,179",8.91
2010,10,CT,Final,"171,387","1,048,158","149,451",16.35
2010,10,DC,Final,"94,417","712,998","26,451",13.24
2010,10,DE,Final,"39,599","343,013","49,971",11.54
2010,10,FL,Final,"786,141","7,863,482","1,123,180",10
2010,10,GA,Final,"330,987","3,777,149","548,603",8.76
2010,10,HI,Final,"77,950","295,807","60,316",26.35
2010,10,IA,Final,"76,469","996,286","218,000",7.68
2010,10,ID,Final,"31,302","479,995","101,532",6.52
2010,10,IL,Final,"364,042","4,102,193","579,611",8.87
2010,10,IN,Final,"168,193","1,973,589","341,843",8.52
2010,10,KS,Final,"102,255","1,254,744","221,114",8.15
2010,10,KY,Final,"118,748","1,402,449","297,420",8.47
2010,10,LA,Final,"187,152","2,125,260","279,229",8.81
2010,10,MA,Final,"204,757","1,456,266","378,623",14.06
2010,10,MD,Final,"273,934","2,351,605","244,607",11.65
2010,10,ME,Final,"43,186","337,176","88,532",12.81
2010,10,MI,Final,"308,757","3,166,503","508,864",9.75
2010,10,MN,Final,"147,556","1,801,683","277,663",8.19
2010,10,MO,Final,"174,540","2,423,767","371,576",7.2
2010,10,MS,Final,"108,385","1,174,877","225,604",9.23
2010,10,MT,Final,"34,738","391,850","101,262",8.87
2010,10,NC,Final,"313,672","3,861,466","647,300",8.12
2010,10,ND,Final,"27,714","372,794","59,021",7.43
2010,10,NE,Final,"59,223","776,318","154,126",7.63
2010,10,NH,Final,"52,684","364,648","104,696",14.45
2010,10,NJ,Final,"417,653","3,133,630","479,656",13.33
2010,10,NM,Final,"65,181","765,805","135,812",8.51
2010,10,NV,Final,"72,041","764,275","154,427",9.43
2010,10,NY,Final,"998,665","6,155,386","1,037,371",16.22
2010,10,OH,Final,"368,822","3,692,248","613,045",9.99
2010,10,OK,Final,"115,509","1,524,519","263,211",7.58
2010,10,OR,Final,"101,817","1,314,195","238,941",7.75
2010,10,PA,Final,"370,743","3,650,438","679,506",10.16
2010,10,RI,Final,"36,600","294,925","57,325",12.41
2010,10,SC,Final,"147,919","1,715,714","341,121",8.62
2010,10,SD,Final,"25,983","338,353","66,628",7.68
2010,10,TN,Final,"245,882","2,324,585","461,584",10.58
2010,10,TX,Final,"937,106","10,338,765","1,456,125",9.06
2010,10,UT,Final,"66,203","900,439","123,297",7.35
2010,10,VA,Final,"283,237","3,640,808","427,426",7.78
2010,10,VT,Final,"22,692","164,786","50,824",13.77
2010,10,WA,Final,"178,992","2,382,157","352,483",7.51
2010,10,WI,Final,"183,165","1,850,563","338,318",9.9
2010,10,WV,Final,"48,933","599,099","137,261",8.17
2010,10,WY,Final,"27,584","361,962","59,555",7.62
2010,9,AK,Final,"31,566","224,613","48,112",14.05
2010,9,AL,Final,"218,726","2,156,116","357,257",10.14
2010,9,AR,Final,"83,118","1,188,419","179,969",6.99
2010,9,AZ,Final,"281,357","2,823,505","300,243",9.96
2010,9,CA,Final,"1,713,880","11,235,996","1,822,870",15.25
2010,9,CO,Final,"165,017","1,718,313","351,348",9.6
2010,9,CT,Final,"197,450","1,207,810","149,668",16.35
2010,9,DC,Final,"104,309","787,307","26,434",13.25
2010,9,DE,Final,"45,730","406,943","50,018",11.24
2010,9,FL,Final,"858,062","8,713,421","1,127,551",9.85
2010,9,GA,Final,"387,284","4,333,389","548,362",8.94
2010,9,HI,Final,"75,030","291,259","60,581",25.76
2010,9,IA,Final,"79,712","965,285","218,213",8.26
2010,9,ID,Final,"31,679","480,934","101,567",6.59
2010,9,IL,Final,"394,838","4,370,839","577,770",9.03
2010,9,IN,Final,"173,556","2,035,649","341,935",8.53
2010,9,KS,Final,"119,386","1,385,845","221,188",8.61
2010,9,KY,Final,"132,023","1,629,214","297,719",8.1
2010,9,LA,Final,"204,398","2,337,128","274,450",8.75
2010,9,MA,Final,"241,095","1,591,311","380,602",15.15
2010,9,MD,Final,"304,027","2,630,422","244,344",11.56
2010,9,ME,Final,"43,352","354,126","88,597",12.24
2010,9,MI,Final,"320,076","3,153,873","519,259",10.15
2010,9,MN,Final,"155,795","1,789,824","277,593",8.7
2010,9,MO,Final,"209,605","2,649,593","371,877",7.91
2010,9,MS,Final,"129,145","1,362,531","226,049",9.48
2010,9,MT,Final,"35,523","400,098","101,345",8.88
2010,9,NC,Final,"367,389","4,412,369","647,219",8.33
2010,9,ND,Final,"28,836","356,976","59,072",8.08
2010,9,NE,Final,"65,901","805,730","154,514",8.18
2010,9,NH,Final,"58,822","402,256","104,789",14.62
2010,9,NJ,Final,"500,264","3,497,911","481,939",14.3
2010,9,NM,Final,"71,977","822,443","135,701",8.75
2010,9,NV,Final,"80,003","808,383","154,429",9.9
2010,9,NY,Final,"1,136,000","7,115,380","1,036,266",15.97
2010,9,OH,Final,"374,401","3,820,759","612,706",9.8
2010,9,OK,Final,"138,198","1,675,426","263,015",8.25
2010,9,OR,Final,"97,554","1,279,815","239,036",7.62
2010,9,PA,Final,"419,120","4,118,733","679,249",10.18
2010,9,RI,Final,"41,813","326,037","56,868",12.82
2010,9,SC,Final,"186,601","2,061,231","340,562",9.05
2010,9,SD,Final,"29,105","366,271","66,782",7.95
2010,9,TN,Final,"276,437","2,782,260","462,463",9.94
2010,9,TX,Final,"1,066,057","11,689,057","1,460,035",9.12
2010,9,UT,Final,"72,884","939,565","123,757",7.76
2010,9,VA,Final,"315,249","4,222,067","427,367",7.47
2010,9,VT,Final,"23,125","171,897","50,872",13.45
2010,9,WA,Final,"175,087","2,362,274","355,122",7.41
2010,9,WI,Final,"194,127","1,871,133","339,643",10.37
2010,9,WV,Final,"50,239","640,258","137,357",7.85
2010,9,WY,Final,"27,580","364,732","59,519",7.56
2010,8,AK,Final,"32,658","233,408","47,932",13.99
2010,8,AL,Final,"244,377","2,358,196","357,396",10.36
2010,8,AR,Final,"90,522","1,293,003","179,905",7
2010,8,AZ,Final,"301,783","2,934,327","300,484",10.28
2010,8,CA,Final,"1,719,882","11,473,500","1,827,556",14.99
2010,8,CO,Final,"177,117","1,828,809","351,288",9.68
2010,8,CT,Final,"212,213","1,295,625","149,221",16.38
2010,8,DC,Final,"117,559","883,096","26,484",13.31
2010,8,DE,Final,"46,918","416,140","49,036",11.27
2010,8,FL,Final,"866,594","8,793,236","1,125,884",9.86
2010,8,GA,Final,"448,352","4,748,681","548,323",9.44
2010,8,HI,Final,"79,264","301,528","60,321",26.29
2010,8,IA,Final,"105,305","1,153,009","217,908",9.13
2010,8,ID,Final,"34,437","512,908","101,461",6.71
2010,8,IL,Final,"484,928","5,167,304","579,147",9.38
2010,8,IN,Final,"203,784","2,415,677","341,713",8.44
2010,8,KS,Final,"136,563","1,573,731","221,290",8.68
2010,8,KY,Final,"163,639","1,900,570","297,396",8.61
2010,8,LA,Final,"204,557","2,407,508","274,749",8.5
2010,8,MA,Final,"254,266","1,667,984","378,381",15.24
2010,8,MD,Final,"344,270","2,965,586","244,236",11.61
2010,8,ME,Final,"47,240","378,983","88,562",12.46
2010,8,MI,Final,"362,731","3,698,530","519,881",9.81
2010,8,MN,Final,"193,981","2,175,941","277,076",8.91
2010,8,MO,Final,"276,274","3,122,754","371,461",8.85
2010,8,MS,Final,"133,672","1,410,732","226,784",9.48
2010,8,MT,Final,"37,334","423,360","101,235",8.82
2010,8,NC,Final,"396,378","4,696,094","646,472",8.44
2010,8,ND,Final,"31,859","408,821","58,963",7.79
2010,8,NE,Final,"74,890","922,212","154,219",8.12
2010,8,NH,Final,"61,628","420,395","104,734",14.66
2010,8,NJ,Final,"577,431","3,863,627","479,217",14.95
2010,8,NM,Final,"82,162","866,897","135,538",9.48
2010,8,NV,Final,"86,755","906,886","154,030",9.57
2010,8,NY,Final,"1,285,414","7,503,301","1,039,857",17.13
2010,8,OH,Final,"427,023","4,416,230","613,913",9.67
2010,8,OK,Final,"165,906","2,050,699","263,123",8.09
2010,8,OR,Final,"104,454","1,403,236","238,676",7.44
2010,8,PA,Final,"449,142","4,295,396","679,188",10.46
2010,8,RI,Final,"44,678","330,923","56,301",13.5
2010,8,SC,Final,"205,991","2,239,101","340,554",9.2
2010,8,SD,Final,"31,996","400,422","66,693",7.99
2010,8,TN,Final,"295,120","3,001,901","461,342",9.83
2010,8,TX,Final,"1,150,678","12,576,293","1,462,432",9.15
2010,8,UT,Final,"68,882","931,625","122,878",7.39
2010,8,VA,Final,"339,028","4,419,309","427,748",7.67
2010,8,VT,Final,"24,980","186,954","50,829",13.36
2010,8,WA,Final,"180,215","2,469,975","353,530",7.3
2010,8,WI,Final,"227,129","2,228,648","338,211",10.19
2010,8,WV,Final,"57,938","740,476","137,557",7.82
2010,8,WY,Final,"26,435","352,781","59,538",7.49
2010,7,AK,Final,"31,671","223,285","47,878",14.18
2010,7,AL,Final,"227,752","2,268,293","359,088",10.04
2010,7,AR,Final,"87,971","1,239,452","180,614",7.1
2010,7,AZ,Final,"312,506","3,021,317","300,714",10.34
2010,7,CA,Final,"1,686,018","11,041,978","1,823,437",15.27
2010,7,CO,Final,"179,223","1,872,422","350,379",9.57
2010,7,CT,Final,"207,667","1,254,879","149,329",16.55
2010,7,DC,Final,"120,819","882,178","26,444",13.7
2010,7,DE,Final,"47,994","427,466","52,400",11.23
2010,7,FL,Final,"863,149","8,796,779","1,130,586",9.81
2010,7,GA,Final,"437,146","4,697,520","551,061",9.31
2010,7,HI,Final,"75,804","292,317","60,333",25.93
2010,7,IA,Final,"100,734","1,075,968","217,866",9.36
2010,7,ID,Final,"37,019","538,008","101,377",6.88
2010,7,IL,Final,"448,520","4,820,393","578,305",9.3
2010,7,IN,Final,"201,164","2,395,039","342,308",8.4
2010,7,KS,Final,"133,619","1,525,198","222,739",8.76
2010,7,KY,Final,"152,332","1,910,376","297,623",7.97
2010,7,LA,Final,"198,298","2,376,992","275,643",8.34
2010,7,MA,Final,"261,351","1,751,038","379,305",14.93
2010,7,MD,Final,"361,564","2,997,004","244,306",12.06
2010,7,ME,Final,"48,598","395,788","88,527",12.28
2010,7,MI,Final,"375,301","3,770,482","520,706",9.95
2010,7,MN,Final,"191,484","2,100,828","276,883",9.11
2010,7,MO,Final,"279,082","3,088,378","371,984",9.04
2010,7,MS,Final,"130,479","1,386,527","227,892",9.41
2010,7,MT,Final,"35,523","410,518","101,120",8.65
2010,7,NC,Final,"400,209","4,711,650","648,205",8.49
2010,7,ND,Final,"30,447","391,472","58,771",7.78
2010,7,NE,Final,"71,188","857,899","154,151",8.3
2010,7,NH,Final,"60,119","423,028","104,735",14.21
2010,7,NJ,Final,"609,756","4,011,483","479,355",15.2
2010,7,NM,Final,"80,214","872,432","135,422",9.19
2010,7,NV,Final,"88,933","944,742","153,969",9.41
2010,7,NY,Final,"1,393,538","7,605,767","1,038,664",18.32
2010,7,OH,Final,"432,669","4,487,203","612,689",9.64
2010,7,OK,Final,"156,036","1,892,782","264,339",8.24
2010,7,OR,Final,"106,956","1,409,007","238,730",7.59
2010,7,PA,Final,"461,911","4,464,279","678,708",10.35
2010,7,RI,Final,"45,794","369,255","56,862",12.4
2010,7,SC,Final,"204,468","2,232,665","341,727",9.16
2010,7,SD,Final,"31,622","390,974","66,616",8.09
2010,7,TN,Final,"293,536","2,963,213","462,801",9.91
2010,7,TX,Final,"1,077,497","11,910,085","1,476,856",9.05
2010,7,UT,Final,"78,137","1,037,618","122,390",7.53
2010,7,VA,Final,"356,426","4,633,121","426,595",7.69
2010,7,VT,Final,"25,119","188,862","50,682",13.3
2010,7,WA,Final,"172,533","2,357,664","354,094",7.32
2010,7,WI,Final,"220,430","2,129,104","339,036",10.35
2010,7,WV,Final,"55,769","741,601","137,469",7.52
2010,7,WY,Final,"25,653","337,632","59,959",7.6
2010,6,AK,Final,"31,600","218,622","47,880",14.45
2010,6,AL,Final,"217,913","2,171,643","357,122",10.03
2010,6,AR,Final,"87,391","1,123,134","179,556",7.78
2010,6,AZ,Final,"274,589","2,689,339","300,643",10.21
2010,6,CA,Final,"1,560,685","10,628,796","1,791,500",14.68
2010,6,CO,Final,"171,708","1,685,020","350,065",10.19
2010,6,CT,Final,"195,361","1,187,591","149,457",16.45
2010,6,DC,Final,"123,713","915,372","26,466",13.52
2010,6,DE,Final,"43,079","368,342","49,880",11.7
2010,6,FL,Final,"833,470","8,512,335","1,131,878",9.79
2010,6,GA,Final,"409,550","4,420,283","547,730",9.27
2010,6,HI,Final,"73,227","280,374","60,486",26.12
2010,6,IA,Final,"84,071","1,038,872","217,495",8.09
2010,6,ID,Final,"31,800","465,861","101,194",6.83
2010,6,IL,Final,"403,917","4,393,958","577,720",9.19
2010,6,IN,Final,"181,798","2,221,596","341,530",8.18
2010,6,KS,Final,"125,233","1,482,719","220,470",8.45
2010,6,KY,Final,"142,248","1,840,469","296,792",7.73
2010,6,LA,Final,"181,044","2,235,569","274,030",8.1
2010,6,MA,Final,"237,339","1,615,618","380,338",14.69
2010,6,MD,Final,"351,272","2,908,323","243,974",12.08
2010,6,ME,Final,"41,149","332,280","88,479",12.38
2010,6,MI,Final,"326,813","3,176,045","522,984",10.29
2010,6,MN,Final,"170,154","1,911,120","275,893",8.9
2010,6,MO,Final,"251,419","2,895,862","370,559",8.68
2010,6,MS,Final,"118,318","1,268,181","226,073",9.33
2010,6,MT,Final,"31,637","372,917","100,903",8.48
2010,6,NC,Final,"358,574","4,372,034","646,105",8.2
2010,6,ND,Final,"27,966","363,370","58,611",7.7
2010,6,NE,Final,"66,904","817,198","153,822",8.19
2010,6,NH,Final,"51,555","364,846","104,769",14.13
2010,6,NJ,Final,"531,436","3,490,651","479,078",15.22
2010,6,NM,Final,"74,903","831,008","135,594",9.01
2010,6,NV,Final,"80,963","843,906","154,123",9.59
2010,6,NY,Final,"1,168,324","6,654,533","1,041,342",17.56
2010,6,OH,Final,"418,996","4,298,528","614,527",9.75
2010,6,OK,Final,"146,809","1,852,562","262,762",7.92
2010,6,OR,Final,"93,413","1,224,318","238,270",7.63
2010,6,PA,Final,"434,251","4,233,058","678,442",10.26
2010,6,RI,Final,"46,055","338,238","56,160",13.62
2010,6,SC,Final,"193,596","2,120,460","341,162",9.13
2010,6,SD,Final,"28,311","354,755","66,438",7.98
2010,6,TN,Final,"255,720","2,627,962","456,112",9.73
2010,6,TX,Final,"1,031,843","11,208,953","1,467,166",9.21
2010,6,UT,Final,"68,964","866,021","122,328",7.96
2010,6,VA,Final,"348,186","4,585,049","425,442",7.59
2010,6,VT,Final,"22,726","168,059","50,576",13.52
2010,6,WA,Final,"169,140","2,310,252","351,374",7.32
2010,6,WI,Final,"206,309","2,018,765","337,896",10.22
2010,6,WV,Final,"52,160","718,426","137,269",7.26
2010,6,WY,Final,"27,313","361,807","59,939",7.55
2010,5,AK,Final,"31,938","222,740","47,848",14.34
2010,5,AL,Final,"189,153","1,838,775","354,257",10.29
2010,5,AR,Final,"71,518","946,563","177,919",7.56
2010,5,AZ,Final,"241,653","2,396,930","300,572",10.08
2010,5,CA,Final,"1,155,909","9,134,058","1,790,317",12.65
2010,5,CO,Final,"149,932","1,566,221","349,961",9.57
2010,5,CT,Final,"166,628","1,003,145","158,378",16.61
2010,5,DC,Final,"104,019","794,394","26,441",13.09
2010,5,DE,Final,"36,479","319,507","49,936",11.42
2010,5,FL,Final,"750,764","7,550,904","1,123,405",9.94
2010,5,GA,Final,"355,420","3,984,643","543,082",8.92
2010,5,HI,Final,"74,397","284,912","60,345",26.11
2010,5,IA,Final,"75,160","947,866","217,567",7.93
2010,5,ID,Final,"30,595","446,578","100,936",6.85
2010,5,IL,Final,"351,148","4,001,820","577,648",8.77
2010,5,IN,Final,"165,558","1,986,338","341,308",8.33
2010,5,KS,Final,"100,383","1,213,358","218,527",8.27
2010,5,KY,Final,"122,519","1,580,448","296,615",7.75
2010,5,LA,Final,"156,998","1,899,086","271,489",8.27
2010,5,MA,Final,"205,251","1,462,513","378,777",14.03
2010,5,MD,Final,"287,481","2,500,753","244,103",11.5
2010,5,ME,Final,"39,679","322,859","88,347",12.29
2010,5,MI,Final,"323,912","3,144,752","523,229",10.3
2010,5,MN,Final,"149,784","1,820,224","276,326",8.23
2010,5,MO,Final,"197,437","2,542,497","370,439",7.77
2010,5,MS,Final,"104,094","1,098,766","222,600",9.47
2010,5,MT,Final,"32,579","383,644","100,774",8.49
2010,5,NC,Final,"310,390","3,811,335","641,970",8.14
2010,5,ND,Final,"24,857","346,880","58,350",7.17
2010,5,NE,Final,"58,094","763,115","154,031",7.61
2010,5,NH,Final,"48,457","346,391","104,661",13.99
2010,5,NJ,Final,"442,955","3,235,338","479,232",13.69
2010,5,NM,Final,"62,093","739,305","135,383",8.4
2010,5,NV,Final,"77,323","743,164","153,893",10.4
2010,5,NY,Final,"973,155","5,938,140","1,038,735",16.39
2010,5,OH,Final,"376,923","3,823,504","612,293",9.86
2010,5,OK,Final,"119,765","1,649,017","260,551",7.26
2010,5,OR,Final,"96,861","1,257,248","238,277",7.7
2010,5,PA,Final,"383,996","3,775,827","678,261",10.17
2010,5,RI,Final,"36,883","298,371","56,829",12.36
2010,5,SC,Final,"160,848","1,854,459","339,982",8.67
2010,5,SD,Final,"25,078","325,862","66,315",7.7
2010,5,TN,Final,"210,722","2,204,918","460,074",9.56
2010,5,TX,Final,"887,693","9,598,774","1,452,332",9.25
2010,5,UT,Final,"62,549","822,732","122,127",7.6
2010,5,VA,Final,"304,262","3,999,054","408,010",7.61
2010,5,VT,Final,"21,596","159,924","50,498",13.5
2010,5,WA,Final,"165,237","2,281,224","353,503",7.24
2010,5,WI,Final,"181,129","1,820,587","337,290",9.95
2010,5,WV,Final,"48,700","637,860","137,032",7.63
2010,5,WY,Final,"25,888","344,776","59,753",7.51
2010,4,AK,Final,"32,328","229,129","47,697",14.11
2010,4,AL,Final,"170,973","1,671,242","354,718",10.23
2010,4,AR,Final,"64,817","872,007","177,965",7.43
2010,4,AZ,Final,"196,131","2,231,927","300,772",8.79
2010,4,CA,Final,"1,131,781","9,799,362","1,853,819",11.55
2010,4,CO,Final,"140,689","1,515,795","350,089",9.28
2010,4,CT,Final,"171,899","1,031,936","158,607",16.66
2010,4,DC,Final,"92,091","677,459","26,477",13.59
2010,4,DE,Final,"36,757","323,548","49,840",11.36
2010,4,FL,Final,"677,954","6,745,092","1,124,492",10.05
2010,4,GA,Final,"309,893","3,511,635","542,805",8.82
2010,4,HI,Final,"66,995","268,152","60,530",24.98
2010,4,IA,Final,"70,284","918,014","217,291",7.66
2010,4,ID,Final,"30,578","456,786","100,937",6.69
2010,4,IL,Final,"332,659","3,819,258","578,862",8.71
2010,4,IN,Final,"145,048","1,765,358","341,646",8.22
2010,4,KS,Final,"92,416","1,136,471","218,487",8.13
2010,4,KY,Final,"108,160","1,396,436","296,616",7.75
2010,4,LA,Final,"149,602","1,704,578","270,787",8.78
2010,4,MA,Final,"193,805","1,318,224","380,359",14.7
2010,4,MD,Final,"260,804","2,226,916","244,031",11.71
2010,4,ME,Final,"37,808","307,082","88,128",12.31
2010,4,MI,Final,"289,985","2,889,711","522,930",10.04
2010,4,MN,Final,"136,613","1,708,507","275,558",8
2010,4,MO,Final,"153,621","2,333,255","370,956",6.58
2010,4,MS,Final,"95,303","1,004,009","222,140",9.49
2010,4,MT,Final,"31,437","376,900","100,951",8.34
2010,4,NC,Final,"292,570","3,637,521","642,265",8.04
2010,4,ND,Final,"24,698","363,725","58,135",6.79
2010,4,NE,Final,"51,939","706,974","153,929",7.35
2010,4,NH,Final,"48,956","347,963","104,262",14.07
2010,4,NJ,Final,"391,701","3,019,197","483,159",12.97
2010,4,NM,Final,"57,516","700,596","135,417",8.21
2010,4,NV,Final,"70,157","657,939","154,050",10.66
2010,4,NY,Final,"875,361","5,622,522","1,040,908",15.57
2010,4,OH,Final,"333,809","3,419,021","613,358",9.76
2010,4,OK,Final,"98,891","1,410,554","260,249",7.01
2010,4,OR,Final,"94,031","1,224,482","237,827",7.68
2010,4,PA,Final,"363,892","3,560,570","678,285",10.22
2010,4,RI,Final,"35,947","267,090","56,218",13.46
2010,4,SC,Final,"138,446","1,613,294","339,205",8.58
2010,4,SD,Final,"25,095","340,963","65,970",7.36
2010,4,TN,Final,"202,044","2,178,721","459,716",9.27
2010,4,TX,Final,"849,268","9,025,931","1,457,781",9.41
2010,4,UT,Final,"54,505","787,272","122,072",6.92
2010,4,VA,Final,"271,915","3,537,867","410,452",7.69
2010,4,VT,Final,"20,778","154,374","50,516",13.46
2010,4,WA,Final,"169,136","2,303,176","352,674",7.34
2010,4,WI,Final,"171,862","1,748,355","339,167",9.83
2010,4,WV,Final,"43,972","569,502","136,888",7.72
2010,4,WY,Final,"26,101","353,961","59,378",7.37
2010,3,AK,Final,"32,569","243,570","47,810",13.37
2010,3,AL,Final,"164,407","1,634,981","354,749",10.06
2010,3,AR,Final,"65,378","860,107","177,869",7.6
2010,3,AZ,Final,"181,820","2,100,551","300,366",8.66
2010,3,CA,Final,"1,126,371","9,654,848","1,842,726",11.67
2010,3,CO,Final,"133,247","1,548,230","349,547",8.61
2010,3,CT,Final,"179,812","1,087,056","158,825",16.54
2010,3,DC,Final,"91,815","669,256","26,471",13.72
2010,3,DE,Final,"38,848","345,278","49,650",11.25
2010,3,FL,Final,"649,816","6,396,786","1,125,617",10.16
2010,3,GA,Final,"322,616","3,518,793","542,820",9.17
2010,3,HI,Final,"69,992","270,867","60,809",25.84
2010,3,IA,Final,"72,360","942,056","217,406",7.68
2010,3,ID,Final,"31,952","478,922","100,917",6.67
2010,3,IL,Final,"353,823","3,965,726","578,383",8.92
2010,3,IN,Final,"152,395","1,875,678","343,058",8.12
2010,3,KS,Final,"92,174","1,131,045","218,821",8.15
2010,3,KY,Final,"100,282","1,489,167","296,805",6.73
2010,3,LA,Final,"162,738","1,738,094","271,023",9.36
2010,3,MA,Final,"209,656","1,443,592","380,707",14.52
2010,3,MD,Final,"274,058","2,340,486","243,905",11.71
2010,3,ME,Final,"41,325","331,189","87,876",12.48
2010,3,MI,Final,"286,711","2,973,960","523,483",9.64
2010,3,MN,Final,"147,494","1,843,386","275,909",8
2010,3,MO,Final,"152,007","2,344,035","369,403",6.48
2010,3,MS,Final,"89,665","961,121","222,592",9.33
2010,3,MT,Final,"32,622","388,253","101,080",8.4
2010,3,NC,Final,"291,408","3,535,850","641,494",8.24
2010,3,ND,Final,"26,667","403,707","58,066",6.61
2010,3,NE,Final,"54,978","753,297","153,795",7.3
2010,3,NH,Final,"48,728","347,181","104,436",14.04
2010,3,NJ,Final,"420,595","3,187,543","475,308",13.19
2010,3,NM,Final,"57,656","679,617","135,577",8.48
2010,3,NV,Final,"67,644","672,619","154,769",10.06
2010,3,NY,Final,"909,985","5,998,208","1,039,685",15.17
2010,3,OH,Final,"368,995","3,726,642","613,442",9.9
2010,3,OK,Final,"88,672","1,359,706","260,454",6.52
2010,3,OR,Final,"99,081","1,286,413","237,873",7.7
2010,3,PA,Final,"385,391","3,879,428","681,144",9.93
2010,3,RI,Final,"42,045","291,063","57,018",14.45
2010,3,SC,Final,"130,207","1,624,417","340,425",8.02
2010,3,SD,Final,"25,983","364,307","65,805",7.13
2010,3,TN,Final,"198,343","2,218,357","459,897",8.94
2010,3,TX,Final,"879,323","9,166,117","1,463,638",9.59
2010,3,UT,Final,"56,150","825,568","122,028",6.8
2010,3,VA,Final,"261,909","3,442,807","410,763",7.61
2010,3,VT,Final,"21,344","160,132","50,549",13.33
2010,3,WA,Final,"175,803","2,398,824","355,025",7.33
2010,3,WI,Final,"184,448","1,866,443","337,761",9.88
2010,3,WV,Final,"46,546","617,883","137,045",7.53
2010,3,WY,Final,"27,088","368,192","59,757",7.36
2010,2,AK,Final,"32,561","243,103","47,582",13.39
2010,2,AL,Final,"171,352","1,764,951","354,553",9.71
2010,2,AR,Final,"69,276","902,974","177,291",7.67
2010,2,AZ,Final,"170,716","1,986,059","299,690",8.6
2010,2,CA,Final,"978,488","8,710,496","1,755,949",11.23
2010,2,CO,Final,"125,412","1,457,518","348,645",8.6
2010,2,CT,Final,"171,844","1,032,350","158,287",16.65
2010,2,DC,Final,"94,223","682,695","26,427",13.8
2010,2,DE,Final,"39,171","337,726","49,606",11.6
2010,2,FL,Final,"666,077","6,601,391","1,118,657",10.09
2010,2,GA,Final,"327,677","3,566,652","541,939",9.19
2010,2,HI,Final,"62,055","245,154","60,479",25.31
2010,2,IA,Final,"67,469","968,976","216,835",6.96
2010,2,ID,Final,"31,473","469,967","100,835",6.7
2010,2,IL,Final,"350,705","4,036,979","577,104",8.69
2010,2,IN,Final,"152,967","1,877,024","340,604",8.15
2010,2,KS,Final,"88,442","1,096,859","218,194",8.06
2010,2,KY,Final,"124,692","1,590,748","296,495",7.84
2010,2,LA,Final,"155,913","1,796,513","269,799",8.68
2010,2,MA,Final,"216,414","1,515,163","380,706",14.28
2010,2,MD,Final,"281,880","2,347,255","244,135",12.01
2010,2,ME,Final,"41,635","318,665","87,799",13.07
2010,2,MI,Final,"273,810","2,896,480","522,847",9.45
2010,2,MN,Final,"138,770","1,726,310","274,456",8.04
2010,2,MO,Final,"155,011","2,463,544","370,020",6.29
2010,2,MS,Final,"92,364","1,001,959","221,969",9.22
2010,2,MT,Final,"32,375","390,634","100,874",8.29
2010,2,NC,Final,"290,772","3,593,500","640,338",8.09
2010,2,ND,Final,"26,737","399,914","57,935",6.69
2010,2,NE,Final,"56,208","777,309","153,103",7.23
2010,2,NH,Final,"49,980","362,039","104,397",13.81
2010,2,NJ,Final,"403,591","3,040,719","473,569",13.27
2010,2,NM,Final,"54,061","659,432","135,389",8.2
2010,2,NV,Final,"63,148","613,833","154,741",10.29
2010,2,NY,Final,"954,892","6,143,969","1,038,586",15.54
2010,2,OH,Final,"337,017","3,507,768","611,532",9.61
2010,2,OK,Final,"88,768","1,307,492","259,714",6.79
2010,2,OR,Final,"95,402","1,268,423","237,388",7.52
2010,2,PA,Final,"383,000","3,723,555","674,387",10.29
2010,2,RI,Final,"37,692","281,055","56,989",13.41
2010,2,SC,Final,"150,005","1,670,806","339,739",8.98
2010,2,SD,Final,"25,674","361,583","65,489",7.1
2010,2,TN,Final,"200,194","2,299,701","459,357",8.71
2010,2,TX,Final,"829,689","8,715,714","1,455,194",9.52
2010,2,UT,Final,"50,513","754,685","120,496",6.69
2010,2,VA,Final,"298,772","3,834,763","410,732",7.79
2010,2,VT,Final,"21,013","158,889","50,171",13.22
2010,2,WA,Final,"181,056","2,472,427","350,870",7.32
2010,2,WI,Final,"173,059","1,762,998","336,074",9.82
2010,2,WV,Final,"49,021","657,011","137,535",7.46
2010,2,WY,Final,"25,809","351,247","59,738",7.35
2010,1,AK,Final,"33,833","257,174","47,683",13.16
2010,1,AL,Final,"183,054","1,841,399","354,739",9.94
2010,1,AR,Final,"71,858","939,383","177,462",7.65
2010,1,AZ,Final,"175,481","2,080,458","300,105",8.43
2010,1,CA,Final,"1,016,352","9,020,796","1,760,017",11.27
2010,1,CO,Final,"132,256","1,616,227","348,653",8.18
2010,1,CT,Final,"196,266","1,187,204","165,288",16.53
2010,1,DC,Final,"96,023","726,996","26,426",13.21
2010,1,DE,Final,"42,300","374,680","49,595",11.29
2010,1,FL,Final,"546,714","7,267,285","1,120,333",7.52
2010,1,GA,Final,"353,256","3,977,384","541,249",8.88
2010,1,HI,Final,"66,500","269,119","60,703",24.71
2010,1,IA,Final,"71,607","1,024,546","217,153",6.99
2010,1,ID,Final,"34,020","521,723","100,892",6.52
2010,1,IL,Final,"389,392","4,484,554","578,632",8.68
2010,1,IN,Final,"161,494","2,031,273","341,095",7.95
2010,1,KS,Final,"95,099","1,285,669","218,467",7.4
2010,1,KY,Final,"114,666","1,592,308","296,488",7.2
2010,1,LA,Final,"156,183","1,924,309","270,007",8.12
2010,1,MA,Final,"212,724","1,486,173","380,187",14.31
2010,1,MD,Final,"303,286","2,587,760","244,108",11.72
2010,1,ME,Final,"44,182","341,797","87,821",12.93
2010,1,MI,Final,"298,599","3,240,851","521,576",9.21
2010,1,MN,Final,"147,882","1,924,860","274,287",7.68
2010,1,MO,Final,"161,849","2,626,189","370,003",6.16
2010,1,MS,Final,"96,059","1,062,736","222,068",9.04
2010,1,MT,Final,"35,385","441,710","100,883",8.01
2010,1,NC,Final,"309,712","3,924,356","640,245",7.89
2010,1,ND,Final,"28,377","444,774","57,625",6.38
2010,1,NE,Final,"54,948","801,200","153,987",6.86
2010,1,NH,Final,"55,327","389,146","104,962",14.22
2010,1,NJ,Final,"441,816","3,298,254","478,752",13.4
2010,1,NM,Final,"55,575","695,393","135,428",7.99
2010,1,NV,Final,"63,085","638,342","156,132",9.88
2010,1,NY,Final,"1,001,319","6,459,176","1,038,374",15.5
2010,1,OH,Final,"364,294","3,796,844","611,534",9.59
2010,1,OK,Final,"93,910","1,370,061","259,655",6.85
2010,1,OR,Final,"86,450","1,185,780","237,590",7.29
2010,1,PA,Final,"393,604","4,154,259","677,884",9.47
2010,1,RI,Final,"38,745","286,308","56,882",13.53
2010,1,SC,Final,"157,655","1,791,977","339,535",8.8
2010,1,SD,Final,"27,339","397,759","65,559",6.87
2010,1,TN,Final,"211,526","2,426,619","458,052",8.72
2010,1,TX,Final,"881,782","9,441,809","1,467,775",9.34
2010,1,UT,Final,"54,501","852,813","119,460",6.39
2010,1,VA,Final,"300,992","3,890,580","410,326",7.74
2010,1,VT,Final,"22,681","174,617","50,270",12.99
2010,1,WA,Final,"182,753","2,544,235","352,303",7.18
2010,1,WI,Final,"188,311","1,960,624","338,810",9.6
2010,1,WV,Final,"49,910","688,972","137,000",7.24
2010,1,WY,Final,"26,282","372,045","59,474",7.06
